geoid,NAME,Year,Population,geo_type
5000100325,"Addison town, Addison County, Vermont",1791,402,town
5000100325,"Addison town, Addison County, Vermont",1800,734,town
5000100325,"Addison town, Addison County, Vermont",1810,1100,town
5000100325,"Addison town, Addison County, Vermont",1820,1210,town
5000100325,"Addison town, Addison County, Vermont",1830,1306,town
5000100325,"Addison town, Addison County, Vermont",1840,1232,town
5000100325,"Addison town, Addison County, Vermont",1850,1279,town
5000100325,"Addison town, Addison County, Vermont",1860,1000,town
5000100325,"Addison town, Addison County, Vermont",1870,911,town
5000100325,"Addison town, Addison County, Vermont",1880,847,town
5000100325,"Addison town, Addison County, Vermont",1890,900,town
5000100325,"Addison town, Addison County, Vermont",1900,851,town
5000100325,"Addison town, Addison County, Vermont",1910,796,town
5000100325,"Addison town, Addison County, Vermont",1920,743,town
5000100325,"Addison town, Addison County, Vermont",1930,684,town
5000100325,"Addison town, Addison County, Vermont",1940,576,town
5000100325,"Addison town, Addison County, Vermont",1950,628,town
5000100325,"Addison town, Addison County, Vermont",1960,645,town
5000100325,"Addison town, Addison County, Vermont",1970,717,town
5000100325,"Addison town, Addison County, Vermont",1980,889,town
5000100325,"Addison town, Addison County, Vermont",1990,1023,town
5000100325,"Addison town, Addison County, Vermont",2000,1393,town
5000100325,"Addison town, Addison County, Vermont",2010,1371,town
5000100325,"Addison town, Addison County, Vermont",2020,1365,town
5001900475,"Albany town, Orleans County, Vermont",1791,0,town
5001900475,"Albany town, Orleans County, Vermont",1800,0,town
5001900475,"Albany town, Orleans County, Vermont",1810,101,town
5001900475,"Albany town, Orleans County, Vermont",1820,253,town
5001900475,"Albany town, Orleans County, Vermont",1830,683,town
5001900475,"Albany town, Orleans County, Vermont",1840,920,town
5001900475,"Albany town, Orleans County, Vermont",1850,1052,town
5001900475,"Albany town, Orleans County, Vermont",1860,1224,town
5001900475,"Albany town, Orleans County, Vermont",1870,1151,town
5001900475,"Albany town, Orleans County, Vermont",1880,1138,town
5001900475,"Albany town, Orleans County, Vermont",1890,995,town
5001900475,"Albany town, Orleans County, Vermont",1900,1028,town
5001900475,"Albany town, Orleans County, Vermont",1910,920,town
5001900475,"Albany town, Orleans County, Vermont",1920,840,town
5001900475,"Albany town, Orleans County, Vermont",1930,810,town
5001900475,"Albany town, Orleans County, Vermont",1940,748,town
5001900475,"Albany town, Orleans County, Vermont",1950,704,town
5001900475,"Albany town, Orleans County, Vermont",1960,560,town
5001900475,"Albany town, Orleans County, Vermont",1970,528,town
5001900475,"Albany town, Orleans County, Vermont",1980,705,town
5001900475,"Albany town, Orleans County, Vermont",1990,782,town
5001900475,"Albany town, Orleans County, Vermont",2000,840,town
5001900475,"Albany town, Orleans County, Vermont",2010,941,town
5001900475,"Albany town, Orleans County, Vermont",2020,976,town
5001300860,"Alburgh town, Grand Isle County, Vermont",1791,446,town
5001300860,"Alburgh town, Grand Isle County, Vermont",1800,750,town
5001300860,"Alburgh town, Grand Isle County, Vermont",1810,1106,town
5001300860,"Alburgh town, Grand Isle County, Vermont",1820,1172,town
5001300860,"Alburgh town, Grand Isle County, Vermont",1830,1239,town
5001300860,"Alburgh town, Grand Isle County, Vermont",1840,1344,town
5001300860,"Alburgh town, Grand Isle County, Vermont",1850,1568,town
5001300860,"Alburgh town, Grand Isle County, Vermont",1860,1793,town
5001300860,"Alburgh town, Grand Isle County, Vermont",1870,1716,town
5001300860,"Alburgh town, Grand Isle County, Vermont",1880,1614,town
5001300860,"Alburgh town, Grand Isle County, Vermont",1890,1390,town
5001300860,"Alburgh town, Grand Isle County, Vermont",1900,1474,town
5001300860,"Alburgh town, Grand Isle County, Vermont",1910,1311,town
5001300860,"Alburgh town, Grand Isle County, Vermont",1920,1491,town
5001300860,"Alburgh town, Grand Isle County, Vermont",1930,1609,town
5001300860,"Alburgh town, Grand Isle County, Vermont",1940,1623,town
5001300860,"Alburgh town, Grand Isle County, Vermont",1950,1402,town
5001300860,"Alburgh town, Grand Isle County, Vermont",1960,1123,town
5001300860,"Alburgh town, Grand Isle County, Vermont",1970,1271,town
5001300860,"Alburgh town, Grand Isle County, Vermont",1980,1352,town
5001300860,"Alburgh town, Grand Isle County, Vermont",1990,1362,town
5001300860,"Alburgh town, Grand Isle County, Vermont",2000,1952,town
5001300860,"Alburgh town, Grand Isle County, Vermont",2010,1998,town
5001300860,"Alburgh town, Grand Isle County, Vermont",2020,2106,town
5002701300,"Andover town, Windsor County, Vermont",1791,275,town
5002701300,"Andover town, Windsor County, Vermont",1800,1016,town
5002701300,"Andover town, Windsor County, Vermont",1810,957,town
5002701300,"Andover town, Windsor County, Vermont",1820,1000,town
5002701300,"Andover town, Windsor County, Vermont",1830,975,town
5002701300,"Andover town, Windsor County, Vermont",1840,877,town
5002701300,"Andover town, Windsor County, Vermont",1850,725,town
5002701300,"Andover town, Windsor County, Vermont",1860,670,town
5002701300,"Andover town, Windsor County, Vermont",1870,588,town
5002701300,"Andover town, Windsor County, Vermont",1880,564,town
5002701300,"Andover town, Windsor County, Vermont",1890,418,town
5002701300,"Andover town, Windsor County, Vermont",1900,372,town
5002701300,"Andover town, Windsor County, Vermont",1910,284,town
5002701300,"Andover town, Windsor County, Vermont",1920,294,town
5002701300,"Andover town, Windsor County, Vermont",1930,258,town
5002701300,"Andover town, Windsor County, Vermont",1940,213,town
5002701300,"Andover town, Windsor County, Vermont",1950,185,town
5002701300,"Andover town, Windsor County, Vermont",1960,215,town
5002701300,"Andover town, Windsor County, Vermont",1970,239,town
5002701300,"Andover town, Windsor County, Vermont",1980,350,town
5002701300,"Andover town, Windsor County, Vermont",1990,373,town
5002701300,"Andover town, Windsor County, Vermont",2000,496,town
5002701300,"Andover town, Windsor County, Vermont",2010,467,town
5002701300,"Andover town, Windsor County, Vermont",2020,568,town
5000301450,"Arlington town, Bennington County, Vermont",1791,992,town
5000301450,"Arlington town, Bennington County, Vermont",1800,1597,town
5000301450,"Arlington town, Bennington County, Vermont",1810,1468,town
5000301450,"Arlington town, Bennington County, Vermont",1820,1354,town
5000301450,"Arlington town, Bennington County, Vermont",1830,1207,town
5000301450,"Arlington town, Bennington County, Vermont",1840,1038,town
5000301450,"Arlington town, Bennington County, Vermont",1850,1084,town
5000301450,"Arlington town, Bennington County, Vermont",1860,1146,town
5000301450,"Arlington town, Bennington County, Vermont",1870,1636,town
5000301450,"Arlington town, Bennington County, Vermont",1880,1532,town
5000301450,"Arlington town, Bennington County, Vermont",1890,1352,town
5000301450,"Arlington town, Bennington County, Vermont",1900,1193,town
5000301450,"Arlington town, Bennington County, Vermont",1910,1307,town
5000301450,"Arlington town, Bennington County, Vermont",1920,1370,town
5000301450,"Arlington town, Bennington County, Vermont",1930,1441,town
5000301450,"Arlington town, Bennington County, Vermont",1940,1418,town
5000301450,"Arlington town, Bennington County, Vermont",1950,1463,town
5000301450,"Arlington town, Bennington County, Vermont",1960,1605,town
5000301450,"Arlington town, Bennington County, Vermont",1970,1934,town
5000301450,"Arlington town, Bennington County, Vermont",1980,2184,town
5000301450,"Arlington town, Bennington County, Vermont",1990,2299,town
5000301450,"Arlington town, Bennington County, Vermont",2000,2397,town
5000301450,"Arlington town, Bennington County, Vermont",2010,2317,town
5000301450,"Arlington town, Bennington County, Vermont",2020,2457,town
5002501900,"Athens town, Windham County, Vermont",1791,450,town
5002501900,"Athens town, Windham County, Vermont",1800,459,town
5002501900,"Athens town, Windham County, Vermont",1810,478,town
5002501900,"Athens town, Windham County, Vermont",1820,507,town
5002501900,"Athens town, Windham County, Vermont",1830,415,town
5002501900,"Athens town, Windham County, Vermont",1840,358,town
5002501900,"Athens town, Windham County, Vermont",1850,359,town
5002501900,"Athens town, Windham County, Vermont",1860,382,town
5002501900,"Athens town, Windham County, Vermont",1870,295,town
5002501900,"Athens town, Windham County, Vermont",1880,284,town
5002501900,"Athens town, Windham County, Vermont",1890,205,town
5002501900,"Athens town, Windham County, Vermont",1900,180,town
5002501900,"Athens town, Windham County, Vermont",1910,201,town
5002501900,"Athens town, Windham County, Vermont",1920,123,town
5002501900,"Athens town, Windham County, Vermont",1930,132,town
5002501900,"Athens town, Windham County, Vermont",1940,136,town
5002501900,"Athens town, Windham County, Vermont",1950,139,town
5002501900,"Athens town, Windham County, Vermont",1960,142,town
5002501900,"Athens town, Windham County, Vermont",1970,159,town
5002501900,"Athens town, Windham County, Vermont",1980,250,town
5002501900,"Athens town, Windham County, Vermont",1990,313,town
5002501900,"Athens town, Windham County, Vermont",2000,340,town
5002501900,"Athens town, Windham County, Vermont",2010,442,town
5002501900,"Athens town, Windham County, Vermont",2020,380,town
5000902125,"Averill town, Essex County, Vermont",1791,0,town
5000902125,"Averill town, Essex County, Vermont",1800,0,town
5000902125,"Averill town, Essex County, Vermont",1810,0,town
5000902125,"Averill town, Essex County, Vermont",1820,0,town
5000902125,"Averill town, Essex County, Vermont",1830,1,town
5000902125,"Averill town, Essex County, Vermont",1840,11,town
5000902125,"Averill town, Essex County, Vermont",1850,7,town
5000902125,"Averill town, Essex County, Vermont",1860,12,town
5000902125,"Averill town, Essex County, Vermont",1870,14,town
5000902125,"Averill town, Essex County, Vermont",1880,48,town
5000902125,"Averill town, Essex County, Vermont",1890,43,town
5000902125,"Averill town, Essex County, Vermont",1900,18,town
5000902125,"Averill town, Essex County, Vermont",1910,15,town
5000902125,"Averill town, Essex County, Vermont",1920,4,town
5000902125,"Averill town, Essex County, Vermont",1930,9,town
5000902125,"Averill town, Essex County, Vermont",1940,12,town
5000902125,"Averill town, Essex County, Vermont",1950,20,town
5000902125,"Averill town, Essex County, Vermont",1960,16,town
5000902125,"Averill town, Essex County, Vermont",1970,8,town
5000902125,"Averill town, Essex County, Vermont",1980,15,town
5000902125,"Averill town, Essex County, Vermont",1990,7,town
5000902125,"Averill town, Essex County, Vermont",2000,8,town
5000902125,"Averill town, Essex County, Vermont",2010,24,town
5000902125,"Averill town, Essex County, Vermont",2020,21,town
5000902162,"Avery's gore, Essex County, Vermont",1791,0,town
5000902162,"Avery's gore, Essex County, Vermont",1800,0,town
5000902162,"Avery's gore, Essex County, Vermont",1810,0,town
5000902162,"Avery's gore, Essex County, Vermont",1820,0,town
5000902162,"Avery's gore, Essex County, Vermont",1830,0,town
5000902162,"Avery's gore, Essex County, Vermont",1840,0,town
5000902162,"Avery's gore, Essex County, Vermont",1850,0,town
5000902162,"Avery's gore, Essex County, Vermont",1860,0,town
5000902162,"Avery's gore, Essex County, Vermont",1870,0,town
5000902162,"Avery's gore, Essex County, Vermont",1880,0,town
5000902162,"Avery's gore, Essex County, Vermont",1890,0,town
5000902162,"Avery's gore, Essex County, Vermont",1900,0,town
5000902162,"Avery's gore, Essex County, Vermont",1910,0,town
5000902162,"Avery's gore, Essex County, Vermont",1920,0,town
5000902162,"Avery's gore, Essex County, Vermont",1930,0,town
5000902162,"Avery's gore, Essex County, Vermont",1940,0,town
5000902162,"Avery's gore, Essex County, Vermont",1950,0,town
5000902162,"Avery's gore, Essex County, Vermont",1960,0,town
5000902162,"Avery's gore, Essex County, Vermont",1970,0,town
5000902162,"Avery's gore, Essex County, Vermont",1980,0,town
5000902162,"Avery's gore, Essex County, Vermont",1990,0,town
5000902162,"Avery's gore, Essex County, Vermont",2000,0,town
5000902162,"Avery's gore, Essex County, Vermont",2010,0,town
5000902162,"Avery's gore, Essex County, Vermont",2020,0,town
5001102500,"Bakersfield town, Franklin County, Vermont",1791,13,town
5001102500,"Bakersfield town, Franklin County, Vermont",1800,222,town
5001102500,"Bakersfield town, Franklin County, Vermont",1810,812,town
5001102500,"Bakersfield town, Franklin County, Vermont",1820,945,town
5001102500,"Bakersfield town, Franklin County, Vermont",1830,1087,town
5001102500,"Bakersfield town, Franklin County, Vermont",1840,1258,town
5001102500,"Bakersfield town, Franklin County, Vermont",1850,1523,town
5001102500,"Bakersfield town, Franklin County, Vermont",1860,1451,town
5001102500,"Bakersfield town, Franklin County, Vermont",1870,1043,town
5001102500,"Bakersfield town, Franklin County, Vermont",1880,1248,town
5001102500,"Bakersfield town, Franklin County, Vermont",1890,1162,town
5001102500,"Bakersfield town, Franklin County, Vermont",1900,1158,town
5001102500,"Bakersfield town, Franklin County, Vermont",1910,1079,town
5001102500,"Bakersfield town, Franklin County, Vermont",1920,980,town
5001102500,"Bakersfield town, Franklin County, Vermont",1930,889,town
5001102500,"Bakersfield town, Franklin County, Vermont",1940,827,town
5001102500,"Bakersfield town, Franklin County, Vermont",1950,779,town
5001102500,"Bakersfield town, Franklin County, Vermont",1960,664,town
5001102500,"Bakersfield town, Franklin County, Vermont",1970,635,town
5001102500,"Bakersfield town, Franklin County, Vermont",1980,852,town
5001102500,"Bakersfield town, Franklin County, Vermont",1990,977,town
5001102500,"Bakersfield town, Franklin County, Vermont",2000,1215,town
5001102500,"Bakersfield town, Franklin County, Vermont",2010,1322,town
5001102500,"Bakersfield town, Franklin County, Vermont",2020,1273,town
5002702575,"Baltimore town, Windsor County, Vermont",1791,0,town
5002702575,"Baltimore town, Windsor County, Vermont",1800,174,town
5002702575,"Baltimore town, Windsor County, Vermont",1810,207,town
5002702575,"Baltimore town, Windsor County, Vermont",1820,204,town
5002702575,"Baltimore town, Windsor County, Vermont",1830,179,town
5002702575,"Baltimore town, Windsor County, Vermont",1840,155,town
5002702575,"Baltimore town, Windsor County, Vermont",1850,124,town
5002702575,"Baltimore town, Windsor County, Vermont",1860,116,town
5002702575,"Baltimore town, Windsor County, Vermont",1870,83,town
5002702575,"Baltimore town, Windsor County, Vermont",1880,71,town
5002702575,"Baltimore town, Windsor County, Vermont",1890,64,town
5002702575,"Baltimore town, Windsor County, Vermont",1900,55,town
5002702575,"Baltimore town, Windsor County, Vermont",1910,54,town
5002702575,"Baltimore town, Windsor County, Vermont",1920,62,town
5002702575,"Baltimore town, Windsor County, Vermont",1930,69,town
5002702575,"Baltimore town, Windsor County, Vermont",1940,85,town
5002702575,"Baltimore town, Windsor County, Vermont",1950,89,town
5002702575,"Baltimore town, Windsor County, Vermont",1960,90,town
5002702575,"Baltimore town, Windsor County, Vermont",1970,170,town
5002702575,"Baltimore town, Windsor County, Vermont",1980,181,town
5002702575,"Baltimore town, Windsor County, Vermont",1990,190,town
5002702575,"Baltimore town, Windsor County, Vermont",2000,250,town
5002702575,"Baltimore town, Windsor County, Vermont",2010,244,town
5002702575,"Baltimore town, Windsor County, Vermont",2020,229,town
5002702725,"Barnard town, Windsor County, Vermont",1791,673,town
5002702725,"Barnard town, Windsor County, Vermont",1800,1236,town
5002702725,"Barnard town, Windsor County, Vermont",1810,1648,town
5002702725,"Barnard town, Windsor County, Vermont",1820,1691,town
5002702725,"Barnard town, Windsor County, Vermont",1830,1889,town
5002702725,"Barnard town, Windsor County, Vermont",1840,1774,town
5002702725,"Barnard town, Windsor County, Vermont",1850,1647,town
5002702725,"Barnard town, Windsor County, Vermont",1860,1487,town
5002702725,"Barnard town, Windsor County, Vermont",1870,1208,town
5002702725,"Barnard town, Windsor County, Vermont",1880,1191,town
5002702725,"Barnard town, Windsor County, Vermont",1890,918,town
5002702725,"Barnard town, Windsor County, Vermont",1900,840,town
5002702725,"Barnard town, Windsor County, Vermont",1910,737,town
5002702725,"Barnard town, Windsor County, Vermont",1920,653,town
5002702725,"Barnard town, Windsor County, Vermont",1930,584,town
5002702725,"Barnard town, Windsor County, Vermont",1940,486,town
5002702725,"Barnard town, Windsor County, Vermont",1950,439,town
5002702725,"Barnard town, Windsor County, Vermont",1960,435,town
5002702725,"Barnard town, Windsor County, Vermont",1970,569,town
5002702725,"Barnard town, Windsor County, Vermont",1980,790,town
5002702725,"Barnard town, Windsor County, Vermont",1990,872,town
5002702725,"Barnard town, Windsor County, Vermont",2000,958,town
5002702725,"Barnard town, Windsor County, Vermont",2010,947,town
5002702725,"Barnard town, Windsor County, Vermont",2020,992,town
5000502875,"Barnet town, Caledonia County, Vermont",1791,477,town
5000502875,"Barnet town, Caledonia County, Vermont",1800,858,town
5000502875,"Barnet town, Caledonia County, Vermont",1810,1301,town
5000502875,"Barnet town, Caledonia County, Vermont",1820,1488,town
5000502875,"Barnet town, Caledonia County, Vermont",1830,1764,town
5000502875,"Barnet town, Caledonia County, Vermont",1840,2030,town
5000502875,"Barnet town, Caledonia County, Vermont",1850,2521,town
5000502875,"Barnet town, Caledonia County, Vermont",1860,1994,town
5000502875,"Barnet town, Caledonia County, Vermont",1870,1945,town
5000502875,"Barnet town, Caledonia County, Vermont",1880,1907,town
5000502875,"Barnet town, Caledonia County, Vermont",1890,1897,town
5000502875,"Barnet town, Caledonia County, Vermont",1900,1763,town
5000502875,"Barnet town, Caledonia County, Vermont",1910,1707,town
5000502875,"Barnet town, Caledonia County, Vermont",1920,1685,town
5000502875,"Barnet town, Caledonia County, Vermont",1930,2604,town
5000502875,"Barnet town, Caledonia County, Vermont",1940,1596,town
5000502875,"Barnet town, Caledonia County, Vermont",1950,1425,town
5000502875,"Barnet town, Caledonia County, Vermont",1960,1445,town
5000502875,"Barnet town, Caledonia County, Vermont",1970,1342,town
5000502875,"Barnet town, Caledonia County, Vermont",1980,1338,town
5000502875,"Barnet town, Caledonia County, Vermont",1990,1415,town
5000502875,"Barnet town, Caledonia County, Vermont",2000,1690,town
5000502875,"Barnet town, Caledonia County, Vermont",2010,1708,town
5000502875,"Barnet town, Caledonia County, Vermont",2020,1663,town
5002303175,"Barre city, Washington County, Vermont",1791,0,town
5002303175,"Barre city, Washington County, Vermont",1800,0,town
5002303175,"Barre city, Washington County, Vermont",1810,0,town
5002303175,"Barre city, Washington County, Vermont",1820,0,town
5002303175,"Barre city, Washington County, Vermont",1830,0,town
5002303175,"Barre city, Washington County, Vermont",1840,0,town
5002303175,"Barre city, Washington County, Vermont",1850,0,town
5002303175,"Barre city, Washington County, Vermont",1860,0,town
5002303175,"Barre city, Washington County, Vermont",1870,0,town
5002303175,"Barre city, Washington County, Vermont",1880,0,town
5002303175,"Barre city, Washington County, Vermont",1890,0,town
5002303175,"Barre city, Washington County, Vermont",1900,8448,town
5002303175,"Barre city, Washington County, Vermont",1910,10734,town
5002303175,"Barre city, Washington County, Vermont",1920,10008,town
5002303175,"Barre city, Washington County, Vermont",1930,11307,town
5002303175,"Barre city, Washington County, Vermont",1940,10909,town
5002303175,"Barre city, Washington County, Vermont",1950,10922,town
5002303175,"Barre city, Washington County, Vermont",1960,10387,town
5002303175,"Barre city, Washington County, Vermont",1970,10209,town
5002303175,"Barre city, Washington County, Vermont",1980,9824,town
5002303175,"Barre city, Washington County, Vermont",1990,9482,town
5002303175,"Barre city, Washington County, Vermont",2000,9291,town
5002303175,"Barre city, Washington County, Vermont",2010,9052,town
5002303175,"Barre city, Washington County, Vermont",2020,8491,town
5002303250,"Barre town, Washington County, Vermont",1791,76,town
5002303250,"Barre town, Washington County, Vermont",1800,919,town
5002303250,"Barre town, Washington County, Vermont",1810,1669,town
5002303250,"Barre town, Washington County, Vermont",1820,1955,town
5002303250,"Barre town, Washington County, Vermont",1830,2012,town
5002303250,"Barre town, Washington County, Vermont",1840,2126,town
5002303250,"Barre town, Washington County, Vermont",1850,1845,town
5002303250,"Barre town, Washington County, Vermont",1860,1839,town
5002303250,"Barre town, Washington County, Vermont",1870,1882,town
5002303250,"Barre town, Washington County, Vermont",1880,2060,town
5002303250,"Barre town, Washington County, Vermont",1890,6812,town
5002303250,"Barre town, Washington County, Vermont",1900,3346,town
5002303250,"Barre town, Washington County, Vermont",1910,4194,town
5002303250,"Barre town, Washington County, Vermont",1920,3882,town
5002303250,"Barre town, Washington County, Vermont",1930,4280,town
5002303250,"Barre town, Washington County, Vermont",1940,4052,town
5002303250,"Barre town, Washington County, Vermont",1950,4145,town
5002303250,"Barre town, Washington County, Vermont",1960,4580,town
5002303250,"Barre town, Washington County, Vermont",1970,6509,town
5002303250,"Barre town, Washington County, Vermont",1980,7090,town
5002303250,"Barre town, Washington County, Vermont",1990,7411,town
5002303250,"Barre town, Washington County, Vermont",2000,7602,town
5002303250,"Barre town, Washington County, Vermont",2010,7924,town
5002303250,"Barre town, Washington County, Vermont",2020,7923,town
5001903550,"Barton town, Orleans County, Vermont",1791,0,town
5001903550,"Barton town, Orleans County, Vermont",1800,128,town
5001903550,"Barton town, Orleans County, Vermont",1810,447,town
5001903550,"Barton town, Orleans County, Vermont",1820,372,town
5001903550,"Barton town, Orleans County, Vermont",1830,729,town
5001903550,"Barton town, Orleans County, Vermont",1840,892,town
5001903550,"Barton town, Orleans County, Vermont",1850,987,town
5001903550,"Barton town, Orleans County, Vermont",1860,1590,town
5001903550,"Barton town, Orleans County, Vermont",1870,1911,town
5001903550,"Barton town, Orleans County, Vermont",1880,2364,town
5001903550,"Barton town, Orleans County, Vermont",1890,2217,town
5001903550,"Barton town, Orleans County, Vermont",1900,2790,town
5001903550,"Barton town, Orleans County, Vermont",1910,3346,town
5001903550,"Barton town, Orleans County, Vermont",1920,3506,town
5001903550,"Barton town, Orleans County, Vermont",1930,3469,town
5001903550,"Barton town, Orleans County, Vermont",1940,3371,town
5001903550,"Barton town, Orleans County, Vermont",1950,3298,town
5001903550,"Barton town, Orleans County, Vermont",1960,3066,town
5001903550,"Barton town, Orleans County, Vermont",1970,2874,town
5001903550,"Barton town, Orleans County, Vermont",1980,2990,town
5001903550,"Barton town, Orleans County, Vermont",1990,2967,town
5001903550,"Barton town, Orleans County, Vermont",2000,2780,town
5001903550,"Barton town, Orleans County, Vermont",2010,2810,town
5001903550,"Barton town, Orleans County, Vermont",2020,2872,town
5001504375,"Belvidere town, Lamoille County, Vermont",1791,0,town
5001504375,"Belvidere town, Lamoille County, Vermont",1800,0,town
5001504375,"Belvidere town, Lamoille County, Vermont",1810,217,town
5001504375,"Belvidere town, Lamoille County, Vermont",1820,198,town
5001504375,"Belvidere town, Lamoille County, Vermont",1830,185,town
5001504375,"Belvidere town, Lamoille County, Vermont",1840,207,town
5001504375,"Belvidere town, Lamoille County, Vermont",1850,256,town
5001504375,"Belvidere town, Lamoille County, Vermont",1860,366,town
5001504375,"Belvidere town, Lamoille County, Vermont",1870,369,town
5001504375,"Belvidere town, Lamoille County, Vermont",1880,400,town
5001504375,"Belvidere town, Lamoille County, Vermont",1890,571,town
5001504375,"Belvidere town, Lamoille County, Vermont",1900,428,town
5001504375,"Belvidere town, Lamoille County, Vermont",1910,429,town
5001504375,"Belvidere town, Lamoille County, Vermont",1920,363,town
5001504375,"Belvidere town, Lamoille County, Vermont",1930,258,town
5001504375,"Belvidere town, Lamoille County, Vermont",1940,220,town
5001504375,"Belvidere town, Lamoille County, Vermont",1950,207,town
5001504375,"Belvidere town, Lamoille County, Vermont",1960,155,town
5001504375,"Belvidere town, Lamoille County, Vermont",1970,189,town
5001504375,"Belvidere town, Lamoille County, Vermont",1980,218,town
5001504375,"Belvidere town, Lamoille County, Vermont",1990,228,town
5001504375,"Belvidere town, Lamoille County, Vermont",2000,294,town
5001504375,"Belvidere town, Lamoille County, Vermont",2010,348,town
5001504375,"Belvidere town, Lamoille County, Vermont",2020,358,town
5000304825,"Bennington town, Bennington County, Vermont",1791,2350,town
5000304825,"Bennington town, Bennington County, Vermont",1800,2243,town
5000304825,"Bennington town, Bennington County, Vermont",1810,2524,town
5000304825,"Bennington town, Bennington County, Vermont",1820,2485,town
5000304825,"Bennington town, Bennington County, Vermont",1830,3419,town
5000304825,"Bennington town, Bennington County, Vermont",1840,3429,town
5000304825,"Bennington town, Bennington County, Vermont",1850,3923,town
5000304825,"Bennington town, Bennington County, Vermont",1860,4369,town
5000304825,"Bennington town, Bennington County, Vermont",1870,5760,town
5000304825,"Bennington town, Bennington County, Vermont",1880,6335,town
5000304825,"Bennington town, Bennington County, Vermont",1890,6391,town
5000304825,"Bennington town, Bennington County, Vermont",1900,8033,town
5000304825,"Bennington town, Bennington County, Vermont",1910,8698,town
5000304825,"Bennington town, Bennington County, Vermont",1920,9982,town
5000304825,"Bennington town, Bennington County, Vermont",1930,10628,town
5000304825,"Bennington town, Bennington County, Vermont",1940,11257,town
5000304825,"Bennington town, Bennington County, Vermont",1950,12411,town
5000304825,"Bennington town, Bennington County, Vermont",1960,13002,town
5000304825,"Bennington town, Bennington County, Vermont",1970,14586,town
5000304825,"Bennington town, Bennington County, Vermont",1980,15815,town
5000304825,"Bennington town, Bennington County, Vermont",1990,16451,town
5000304825,"Bennington town, Bennington County, Vermont",2000,15737,town
5000304825,"Bennington town, Bennington County, Vermont",2010,15764,town
5000304825,"Bennington town, Bennington County, Vermont",2020,15333,town
5002105200,"Benson town, Rutland County, Vermont",1791,658,town
5002105200,"Benson town, Rutland County, Vermont",1800,1164,town
5002105200,"Benson town, Rutland County, Vermont",1810,1561,town
5002105200,"Benson town, Rutland County, Vermont",1820,1481,town
5002105200,"Benson town, Rutland County, Vermont",1830,1493,town
5002105200,"Benson town, Rutland County, Vermont",1840,1403,town
5002105200,"Benson town, Rutland County, Vermont",1850,1305,town
5002105200,"Benson town, Rutland County, Vermont",1860,1256,town
5002105200,"Benson town, Rutland County, Vermont",1870,1244,town
5002105200,"Benson town, Rutland County, Vermont",1880,1104,town
5002105200,"Benson town, Rutland County, Vermont",1890,880,town
5002105200,"Benson town, Rutland County, Vermont",1900,844,town
5002105200,"Benson town, Rutland County, Vermont",1910,813,town
5002105200,"Benson town, Rutland County, Vermont",1920,807,town
5002105200,"Benson town, Rutland County, Vermont",1930,630,town
5002105200,"Benson town, Rutland County, Vermont",1940,572,town
5002105200,"Benson town, Rutland County, Vermont",1950,573,town
5002105200,"Benson town, Rutland County, Vermont",1960,549,town
5002105200,"Benson town, Rutland County, Vermont",1970,583,town
5002105200,"Benson town, Rutland County, Vermont",1980,739,town
5002105200,"Benson town, Rutland County, Vermont",1990,847,town
5002105200,"Benson town, Rutland County, Vermont",2000,1039,town
5002105200,"Benson town, Rutland County, Vermont",2010,1056,town
5002105200,"Benson town, Rutland County, Vermont",2020,974,town
5001105425,"Berkshire town, Franklin County, Vermont",1791,0,town
5001105425,"Berkshire town, Franklin County, Vermont",1800,172,town
5001105425,"Berkshire town, Franklin County, Vermont",1810,918,town
5001105425,"Berkshire town, Franklin County, Vermont",1820,831,town
5001105425,"Berkshire town, Franklin County, Vermont",1830,1308,town
5001105425,"Berkshire town, Franklin County, Vermont",1840,1818,town
5001105425,"Berkshire town, Franklin County, Vermont",1850,1955,town
5001105425,"Berkshire town, Franklin County, Vermont",1860,1890,town
5001105425,"Berkshire town, Franklin County, Vermont",1870,1609,town
5001105425,"Berkshire town, Franklin County, Vermont",1880,1596,town
5001105425,"Berkshire town, Franklin County, Vermont",1890,1421,town
5001105425,"Berkshire town, Franklin County, Vermont",1900,1326,town
5001105425,"Berkshire town, Franklin County, Vermont",1910,1286,town
5001105425,"Berkshire town, Franklin County, Vermont",1920,1299,town
5001105425,"Berkshire town, Franklin County, Vermont",1930,1234,town
5001105425,"Berkshire town, Franklin County, Vermont",1940,1156,town
5001105425,"Berkshire town, Franklin County, Vermont",1950,1063,town
5001105425,"Berkshire town, Franklin County, Vermont",1960,965,town
5001105425,"Berkshire town, Franklin County, Vermont",1970,931,town
5001105425,"Berkshire town, Franklin County, Vermont",1980,1116,town
5001105425,"Berkshire town, Franklin County, Vermont",1990,1190,town
5001105425,"Berkshire town, Franklin County, Vermont",2000,1388,town
5001105425,"Berkshire town, Franklin County, Vermont",2010,1692,town
5001105425,"Berkshire town, Franklin County, Vermont",2020,1547,town
5002305650,"Berlin town, Washington County, Vermont",1791,134,town
5002305650,"Berlin town, Washington County, Vermont",1800,684,town
5002305650,"Berlin town, Washington County, Vermont",1810,1067,town
5002305650,"Berlin town, Washington County, Vermont",1820,1455,town
5002305650,"Berlin town, Washington County, Vermont",1830,1664,town
5002305650,"Berlin town, Washington County, Vermont",1840,1598,town
5002305650,"Berlin town, Washington County, Vermont",1850,1507,town
5002305650,"Berlin town, Washington County, Vermont",1860,1545,town
5002305650,"Berlin town, Washington County, Vermont",1870,1474,town
5002305650,"Berlin town, Washington County, Vermont",1880,1380,town
5002305650,"Berlin town, Washington County, Vermont",1890,1514,town
5002305650,"Berlin town, Washington County, Vermont",1900,1021,town
5002305650,"Berlin town, Washington County, Vermont",1910,1079,town
5002305650,"Berlin town, Washington County, Vermont",1920,959,town
5002305650,"Berlin town, Washington County, Vermont",1930,992,town
5002305650,"Berlin town, Washington County, Vermont",1940,1111,town
5002305650,"Berlin town, Washington County, Vermont",1950,1158,town
5002305650,"Berlin town, Washington County, Vermont",1960,1306,town
5002305650,"Berlin town, Washington County, Vermont",1970,2050,town
5002305650,"Berlin town, Washington County, Vermont",1980,2454,town
5002305650,"Berlin town, Washington County, Vermont",1990,2561,town
5002305650,"Berlin town, Washington County, Vermont",2000,2864,town
5002305650,"Berlin town, Washington County, Vermont",2010,2887,town
5002305650,"Berlin town, Washington County, Vermont",2020,2849,town
5002705800,"Bethel town, Windsor County, Vermont",1791,473,town
5002705800,"Bethel town, Windsor County, Vermont",1800,913,town
5002705800,"Bethel town, Windsor County, Vermont",1810,1041,town
5002705800,"Bethel town, Windsor County, Vermont",1820,1318,town
5002705800,"Bethel town, Windsor County, Vermont",1830,1667,town
5002705800,"Bethel town, Windsor County, Vermont",1840,1886,town
5002705800,"Bethel town, Windsor County, Vermont",1850,1730,town
5002705800,"Bethel town, Windsor County, Vermont",1860,1804,town
5002705800,"Bethel town, Windsor County, Vermont",1870,1817,town
5002705800,"Bethel town, Windsor County, Vermont",1880,1693,town
5002705800,"Bethel town, Windsor County, Vermont",1890,1448,town
5002705800,"Bethel town, Windsor County, Vermont",1900,1611,town
5002705800,"Bethel town, Windsor County, Vermont",1910,1843,town
5002705800,"Bethel town, Windsor County, Vermont",1920,1782,town
5002705800,"Bethel town, Windsor County, Vermont",1930,1650,town
5002705800,"Bethel town, Windsor County, Vermont",1940,1477,town
5002705800,"Bethel town, Windsor County, Vermont",1950,1534,town
5002705800,"Bethel town, Windsor County, Vermont",1960,1356,town
5002705800,"Bethel town, Windsor County, Vermont",1970,1347,town
5002705800,"Bethel town, Windsor County, Vermont",1980,1715,town
5002705800,"Bethel town, Windsor County, Vermont",1990,1866,town
5002705800,"Bethel town, Windsor County, Vermont",2000,1968,town
5002705800,"Bethel town, Windsor County, Vermont",2010,2030,town
5002705800,"Bethel town, Windsor County, Vermont",2020,1942,town
5000906325,"Bloomfield town, Essex County, Vermont",1791,0,town
5000906325,"Bloomfield town, Essex County, Vermont",1800,27,town
5000906325,"Bloomfield town, Essex County, Vermont",1810,9,town
5000906325,"Bloomfield town, Essex County, Vermont",1820,132,town
5000906325,"Bloomfield town, Essex County, Vermont",1830,150,town
5000906325,"Bloomfield town, Essex County, Vermont",1840,179,town
5000906325,"Bloomfield town, Essex County, Vermont",1850,244,town
5000906325,"Bloomfield town, Essex County, Vermont",1860,320,town
5000906325,"Bloomfield town, Essex County, Vermont",1870,455,town
5000906325,"Bloomfield town, Essex County, Vermont",1880,627,town
5000906325,"Bloomfield town, Essex County, Vermont",1890,827,town
5000906325,"Bloomfield town, Essex County, Vermont",1900,564,town
5000906325,"Bloomfield town, Essex County, Vermont",1910,496,town
5000906325,"Bloomfield town, Essex County, Vermont",1920,382,town
5000906325,"Bloomfield town, Essex County, Vermont",1930,417,town
5000906325,"Bloomfield town, Essex County, Vermont",1940,326,town
5000906325,"Bloomfield town, Essex County, Vermont",1950,291,town
5000906325,"Bloomfield town, Essex County, Vermont",1960,212,town
5000906325,"Bloomfield town, Essex County, Vermont",1970,196,town
5000906325,"Bloomfield town, Essex County, Vermont",1980,188,town
5000906325,"Bloomfield town, Essex County, Vermont",1990,253,town
5000906325,"Bloomfield town, Essex County, Vermont",2000,261,town
5000906325,"Bloomfield town, Essex County, Vermont",2010,221,town
5000906325,"Bloomfield town, Essex County, Vermont",2020,217,town
5000706550,"Bolton town, Chittenden County, Vermont",1791,88,town
5000706550,"Bolton town, Chittenden County, Vermont",1800,219,town
5000706550,"Bolton town, Chittenden County, Vermont",1810,249,town
5000706550,"Bolton town, Chittenden County, Vermont",1820,306,town
5000706550,"Bolton town, Chittenden County, Vermont",1830,452,town
5000706550,"Bolton town, Chittenden County, Vermont",1840,470,town
5000706550,"Bolton town, Chittenden County, Vermont",1850,602,town
5000706550,"Bolton town, Chittenden County, Vermont",1860,632,town
5000706550,"Bolton town, Chittenden County, Vermont",1870,711,town
5000706550,"Bolton town, Chittenden County, Vermont",1880,674,town
5000706550,"Bolton town, Chittenden County, Vermont",1890,547,town
5000706550,"Bolton town, Chittenden County, Vermont",1900,486,town
5000706550,"Bolton town, Chittenden County, Vermont",1910,469,town
5000706550,"Bolton town, Chittenden County, Vermont",1920,390,town
5000706550,"Bolton town, Chittenden County, Vermont",1930,325,town
5000706550,"Bolton town, Chittenden County, Vermont",1940,287,town
5000706550,"Bolton town, Chittenden County, Vermont",1950,301,town
5000706550,"Bolton town, Chittenden County, Vermont",1960,237,town
5000706550,"Bolton town, Chittenden County, Vermont",1970,427,town
5000706550,"Bolton town, Chittenden County, Vermont",1980,715,town
5000706550,"Bolton town, Chittenden County, Vermont",1990,971,town
5000706550,"Bolton town, Chittenden County, Vermont",2000,971,town
5000706550,"Bolton town, Chittenden County, Vermont",2010,1182,town
5000706550,"Bolton town, Chittenden County, Vermont",2020,1301,town
5001707375,"Bradford town, Orange County, Vermont",1791,654,town
5001707375,"Bradford town, Orange County, Vermont",1800,1062,town
5001707375,"Bradford town, Orange County, Vermont",1810,1302,town
5001707375,"Bradford town, Orange County, Vermont",1820,1411,town
5001707375,"Bradford town, Orange County, Vermont",1830,1507,town
5001707375,"Bradford town, Orange County, Vermont",1840,1655,town
5001707375,"Bradford town, Orange County, Vermont",1850,1723,town
5001707375,"Bradford town, Orange County, Vermont",1860,1689,town
5001707375,"Bradford town, Orange County, Vermont",1870,1492,town
5001707375,"Bradford town, Orange County, Vermont",1880,1520,town
5001707375,"Bradford town, Orange County, Vermont",1890,1429,town
5001707375,"Bradford town, Orange County, Vermont",1900,1338,town
5001707375,"Bradford town, Orange County, Vermont",1910,1372,town
5001707375,"Bradford town, Orange County, Vermont",1920,1422,town
5001707375,"Bradford town, Orange County, Vermont",1930,1234,town
5001707375,"Bradford town, Orange County, Vermont",1940,1507,town
5001707375,"Bradford town, Orange County, Vermont",1950,1551,town
5001707375,"Bradford town, Orange County, Vermont",1960,1619,town
5001707375,"Bradford town, Orange County, Vermont",1970,1627,town
5001707375,"Bradford town, Orange County, Vermont",1980,2191,town
5001707375,"Bradford town, Orange County, Vermont",1990,2522,town
5001707375,"Bradford town, Orange County, Vermont",2000,2619,town
5001707375,"Bradford town, Orange County, Vermont",2010,2797,town
5001707375,"Bradford town, Orange County, Vermont",2020,2790,town
5001707600,"Braintree town, Orange County, Vermont",1791,221,town
5001707600,"Braintree town, Orange County, Vermont",1800,531,town
5001707600,"Braintree town, Orange County, Vermont",1810,850,town
5001707600,"Braintree town, Orange County, Vermont",1820,1037,town
5001707600,"Braintree town, Orange County, Vermont",1830,1209,town
5001707600,"Braintree town, Orange County, Vermont",1840,1232,town
5001707600,"Braintree town, Orange County, Vermont",1850,1228,town
5001707600,"Braintree town, Orange County, Vermont",1860,1225,town
5001707600,"Braintree town, Orange County, Vermont",1870,1066,town
5001707600,"Braintree town, Orange County, Vermont",1880,1051,town
5001707600,"Braintree town, Orange County, Vermont",1890,854,town
5001707600,"Braintree town, Orange County, Vermont",1900,776,town
5001707600,"Braintree town, Orange County, Vermont",1910,760,town
5001707600,"Braintree town, Orange County, Vermont",1920,707,town
5001707600,"Braintree town, Orange County, Vermont",1930,635,town
5001707600,"Braintree town, Orange County, Vermont",1940,648,town
5001707600,"Braintree town, Orange County, Vermont",1950,626,town
5001707600,"Braintree town, Orange County, Vermont",1960,536,town
5001707600,"Braintree town, Orange County, Vermont",1970,751,town
5001707600,"Braintree town, Orange County, Vermont",1980,1065,town
5001707600,"Braintree town, Orange County, Vermont",1990,1174,town
5001707600,"Braintree town, Orange County, Vermont",2000,1194,town
5001707600,"Braintree town, Orange County, Vermont",2010,1246,town
5001707600,"Braintree town, Orange County, Vermont",2020,1207,town
5002107750,"Brandon town, Rutland County, Vermont",1791,637,town
5002107750,"Brandon town, Rutland County, Vermont",1800,1076,town
5002107750,"Brandon town, Rutland County, Vermont",1810,1375,town
5002107750,"Brandon town, Rutland County, Vermont",1820,1495,town
5002107750,"Brandon town, Rutland County, Vermont",1830,1940,town
5002107750,"Brandon town, Rutland County, Vermont",1840,2194,town
5002107750,"Brandon town, Rutland County, Vermont",1850,2835,town
5002107750,"Brandon town, Rutland County, Vermont",1860,3077,town
5002107750,"Brandon town, Rutland County, Vermont",1870,3571,town
5002107750,"Brandon town, Rutland County, Vermont",1880,3280,town
5002107750,"Brandon town, Rutland County, Vermont",1890,3310,town
5002107750,"Brandon town, Rutland County, Vermont",1900,2759,town
5002107750,"Brandon town, Rutland County, Vermont",1910,2712,town
5002107750,"Brandon town, Rutland County, Vermont",1920,2874,town
5002107750,"Brandon town, Rutland County, Vermont",1930,2891,town
5002107750,"Brandon town, Rutland County, Vermont",1940,2979,town
5002107750,"Brandon town, Rutland County, Vermont",1950,3304,town
5002107750,"Brandon town, Rutland County, Vermont",1960,3329,town
5002107750,"Brandon town, Rutland County, Vermont",1970,3697,town
5002107750,"Brandon town, Rutland County, Vermont",1980,4194,town
5002107750,"Brandon town, Rutland County, Vermont",1990,4223,town
5002107750,"Brandon town, Rutland County, Vermont",2000,3917,town
5002107750,"Brandon town, Rutland County, Vermont",2010,3966,town
5002107750,"Brandon town, Rutland County, Vermont",2020,4129,town
5002507900,"Brattleboro town, Windham County, Vermont",1791,1589,town
5002507900,"Brattleboro town, Windham County, Vermont",1800,1867,town
5002507900,"Brattleboro town, Windham County, Vermont",1810,1891,town
5002507900,"Brattleboro town, Windham County, Vermont",1820,2017,town
5002507900,"Brattleboro town, Windham County, Vermont",1830,2141,town
5002507900,"Brattleboro town, Windham County, Vermont",1840,2624,town
5002507900,"Brattleboro town, Windham County, Vermont",1850,3816,town
5002507900,"Brattleboro town, Windham County, Vermont",1860,3855,town
5002507900,"Brattleboro town, Windham County, Vermont",1870,4933,town
5002507900,"Brattleboro town, Windham County, Vermont",1880,5880,town
5002507900,"Brattleboro town, Windham County, Vermont",1890,6862,town
5002507900,"Brattleboro town, Windham County, Vermont",1900,6640,town
5002507900,"Brattleboro town, Windham County, Vermont",1910,7541,town
5002507900,"Brattleboro town, Windham County, Vermont",1920,8332,town
5002507900,"Brattleboro town, Windham County, Vermont",1930,9816,town
5002507900,"Brattleboro town, Windham County, Vermont",1940,10983,town
5002507900,"Brattleboro town, Windham County, Vermont",1950,11522,town
5002507900,"Brattleboro town, Windham County, Vermont",1960,11734,town
5002507900,"Brattleboro town, Windham County, Vermont",1970,12239,town
5002507900,"Brattleboro town, Windham County, Vermont",1980,11886,town
5002507900,"Brattleboro town, Windham County, Vermont",1990,12241,town
5002507900,"Brattleboro town, Windham County, Vermont",2000,12005,town
5002507900,"Brattleboro town, Windham County, Vermont",2010,12046,town
5002507900,"Brattleboro town, Windham County, Vermont",2020,12184,town
5002708275,"Bridgewater town, Windsor County, Vermont",1791,293,town
5002708275,"Bridgewater town, Windsor County, Vermont",1800,781,town
5002708275,"Bridgewater town, Windsor County, Vermont",1810,1154,town
5002708275,"Bridgewater town, Windsor County, Vermont",1820,1125,town
5002708275,"Bridgewater town, Windsor County, Vermont",1830,1311,town
5002708275,"Bridgewater town, Windsor County, Vermont",1840,1363,town
5002708275,"Bridgewater town, Windsor County, Vermont",1850,1311,town
5002708275,"Bridgewater town, Windsor County, Vermont",1860,1292,town
5002708275,"Bridgewater town, Windsor County, Vermont",1870,1141,town
5002708275,"Bridgewater town, Windsor County, Vermont",1880,1084,town
5002708275,"Bridgewater town, Windsor County, Vermont",1890,1124,town
5002708275,"Bridgewater town, Windsor County, Vermont",1900,972,town
5002708275,"Bridgewater town, Windsor County, Vermont",1910,874,town
5002708275,"Bridgewater town, Windsor County, Vermont",1920,808,town
5002708275,"Bridgewater town, Windsor County, Vermont",1930,741,town
5002708275,"Bridgewater town, Windsor County, Vermont",1940,695,town
5002708275,"Bridgewater town, Windsor County, Vermont",1950,903,town
5002708275,"Bridgewater town, Windsor County, Vermont",1960,776,town
5002708275,"Bridgewater town, Windsor County, Vermont",1970,783,town
5002708275,"Bridgewater town, Windsor County, Vermont",1980,867,town
5002708275,"Bridgewater town, Windsor County, Vermont",1990,895,town
5002708275,"Bridgewater town, Windsor County, Vermont",2000,980,town
5002708275,"Bridgewater town, Windsor County, Vermont",2010,936,town
5002708275,"Bridgewater town, Windsor County, Vermont",2020,903,town
5000108575,"Bridport town, Addison County, Vermont",1791,450,town
5000108575,"Bridport town, Addison County, Vermont",1800,1124,town
5000108575,"Bridport town, Addison County, Vermont",1810,1520,town
5000108575,"Bridport town, Addison County, Vermont",1820,1511,town
5000108575,"Bridport town, Addison County, Vermont",1830,1774,town
5000108575,"Bridport town, Addison County, Vermont",1840,1233,town
5000108575,"Bridport town, Addison County, Vermont",1850,1393,town
5000108575,"Bridport town, Addison County, Vermont",1860,1298,town
5000108575,"Bridport town, Addison County, Vermont",1870,1176,town
5000108575,"Bridport town, Addison County, Vermont",1880,1167,town
5000108575,"Bridport town, Addison County, Vermont",1890,1018,town
5000108575,"Bridport town, Addison County, Vermont",1900,956,town
5000108575,"Bridport town, Addison County, Vermont",1910,848,town
5000108575,"Bridport town, Addison County, Vermont",1920,745,town
5000108575,"Bridport town, Addison County, Vermont",1930,703,town
5000108575,"Bridport town, Addison County, Vermont",1940,665,town
5000108575,"Bridport town, Addison County, Vermont",1950,663,town
5000108575,"Bridport town, Addison County, Vermont",1960,653,town
5000108575,"Bridport town, Addison County, Vermont",1970,809,town
5000108575,"Bridport town, Addison County, Vermont",1980,997,town
5000108575,"Bridport town, Addison County, Vermont",1990,1137,town
5000108575,"Bridport town, Addison County, Vermont",2000,1235,town
5000108575,"Bridport town, Addison County, Vermont",2010,1218,town
5000108575,"Bridport town, Addison County, Vermont",2020,1225,town
5000908725,"Brighton town, Essex County, Vermont",1791,0,town
5000908725,"Brighton town, Essex County, Vermont",1800,0,town
5000908725,"Brighton town, Essex County, Vermont",1810,0,town
5000908725,"Brighton town, Essex County, Vermont",1820,144,town
5000908725,"Brighton town, Essex County, Vermont",1830,105,town
5000908725,"Brighton town, Essex County, Vermont",1840,157,town
5000908725,"Brighton town, Essex County, Vermont",1850,193,town
5000908725,"Brighton town, Essex County, Vermont",1860,945,town
5000908725,"Brighton town, Essex County, Vermont",1870,1536,town
5000908725,"Brighton town, Essex County, Vermont",1880,1691,town
5000908725,"Brighton town, Essex County, Vermont",1890,2020,town
5000908725,"Brighton town, Essex County, Vermont",1900,2023,town
5000908725,"Brighton town, Essex County, Vermont",1910,2013,town
5000908725,"Brighton town, Essex County, Vermont",1920,2280,town
5000908725,"Brighton town, Essex County, Vermont",1930,2002,town
5000908725,"Brighton town, Essex County, Vermont",1940,1754,town
5000908725,"Brighton town, Essex County, Vermont",1950,1671,town
5000908725,"Brighton town, Essex County, Vermont",1960,1545,town
5000908725,"Brighton town, Essex County, Vermont",1970,1365,town
5000908725,"Brighton town, Essex County, Vermont",1980,1557,town
5000908725,"Brighton town, Essex County, Vermont",1990,1562,town
5000908725,"Brighton town, Essex County, Vermont",2000,1260,town
5000908725,"Brighton town, Essex County, Vermont",2010,1222,town
5000908725,"Brighton town, Essex County, Vermont",2020,1157,town
5000109025,"Bristol town, Addison County, Vermont",1791,211,town
5000109025,"Bristol town, Addison County, Vermont",1800,665,town
5000109025,"Bristol town, Addison County, Vermont",1810,1179,town
5000109025,"Bristol town, Addison County, Vermont",1820,1051,town
5000109025,"Bristol town, Addison County, Vermont",1830,1247,town
5000109025,"Bristol town, Addison County, Vermont",1840,1480,town
5000109025,"Bristol town, Addison County, Vermont",1850,1334,town
5000109025,"Bristol town, Addison County, Vermont",1860,1355,town
5000109025,"Bristol town, Addison County, Vermont",1870,1365,town
5000109025,"Bristol town, Addison County, Vermont",1880,1579,town
5000109025,"Bristol town, Addison County, Vermont",1890,1828,town
5000109025,"Bristol town, Addison County, Vermont",1900,2061,town
5000109025,"Bristol town, Addison County, Vermont",1910,2005,town
5000109025,"Bristol town, Addison County, Vermont",1920,1952,town
5000109025,"Bristol town, Addison County, Vermont",1930,1832,town
5000109025,"Bristol town, Addison County, Vermont",1940,1939,town
5000109025,"Bristol town, Addison County, Vermont",1950,1988,town
5000109025,"Bristol town, Addison County, Vermont",1960,2159,town
5000109025,"Bristol town, Addison County, Vermont",1970,2744,town
5000109025,"Bristol town, Addison County, Vermont",1980,3293,town
5000109025,"Bristol town, Addison County, Vermont",1990,3762,town
5000109025,"Bristol town, Addison County, Vermont",2000,3788,town
5000109025,"Bristol town, Addison County, Vermont",2010,3894,town
5000109025,"Bristol town, Addison County, Vermont",2020,3782,town
5001709325,"Brookfield town, Orange County, Vermont",1791,419,town
5001709325,"Brookfield town, Orange County, Vermont",1800,988,town
5001709325,"Brookfield town, Orange County, Vermont",1810,1384,town
5001709325,"Brookfield town, Orange County, Vermont",1820,1411,town
5001709325,"Brookfield town, Orange County, Vermont",1830,1677,town
5001709325,"Brookfield town, Orange County, Vermont",1840,1789,town
5001709325,"Brookfield town, Orange County, Vermont",1850,1672,town
5001709325,"Brookfield town, Orange County, Vermont",1860,1672,town
5001709325,"Brookfield town, Orange County, Vermont",1870,1269,town
5001709325,"Brookfield town, Orange County, Vermont",1880,1239,town
5001709325,"Brookfield town, Orange County, Vermont",1890,996,town
5001709325,"Brookfield town, Orange County, Vermont",1900,996,town
5001709325,"Brookfield town, Orange County, Vermont",1910,1008,town
5001709325,"Brookfield town, Orange County, Vermont",1920,860,town
5001709325,"Brookfield town, Orange County, Vermont",1930,761,town
5001709325,"Brookfield town, Orange County, Vermont",1940,808,town
5001709325,"Brookfield town, Orange County, Vermont",1950,762,town
5001709325,"Brookfield town, Orange County, Vermont",1960,597,town
5001709325,"Brookfield town, Orange County, Vermont",1970,606,town
5001709325,"Brookfield town, Orange County, Vermont",1980,959,town
5001709325,"Brookfield town, Orange County, Vermont",1990,1089,town
5001709325,"Brookfield town, Orange County, Vermont",2000,1222,town
5001709325,"Brookfield town, Orange County, Vermont",2010,1292,town
5001709325,"Brookfield town, Orange County, Vermont",2020,1244,town
5002509475,"Brookline town, Windham County, Vermont",1791,0,town
5002509475,"Brookline town, Windham County, Vermont",1800,472,town
5002509475,"Brookline town, Windham County, Vermont",1810,431,town
5002509475,"Brookline town, Windham County, Vermont",1820,395,town
5002509475,"Brookline town, Windham County, Vermont",1830,376,town
5002509475,"Brookline town, Windham County, Vermont",1840,325,town
5002509475,"Brookline town, Windham County, Vermont",1850,285,town
5002509475,"Brookline town, Windham County, Vermont",1860,243,town
5002509475,"Brookline town, Windham County, Vermont",1870,203,town
5002509475,"Brookline town, Windham County, Vermont",1880,206,town
5002509475,"Brookline town, Windham County, Vermont",1890,162,town
5002509475,"Brookline town, Windham County, Vermont",1900,171,town
5002509475,"Brookline town, Windham County, Vermont",1910,137,town
5002509475,"Brookline town, Windham County, Vermont",1920,105,town
5002509475,"Brookline town, Windham County, Vermont",1930,101,town
5002509475,"Brookline town, Windham County, Vermont",1940,104,town
5002509475,"Brookline town, Windham County, Vermont",1950,132,town
5002509475,"Brookline town, Windham County, Vermont",1960,127,town
5002509475,"Brookline town, Windham County, Vermont",1970,180,town
5002509475,"Brookline town, Windham County, Vermont",1980,310,town
5002509475,"Brookline town, Windham County, Vermont",1990,403,town
5002509475,"Brookline town, Windham County, Vermont",2000,467,town
5002509475,"Brookline town, Windham County, Vermont",2010,530,town
5002509475,"Brookline town, Windham County, Vermont",2020,540,town
5001909850,"Brownington town, Orleans County, Vermont",1791,0,town
5001909850,"Brownington town, Orleans County, Vermont",1800,65,town
5001909850,"Brownington town, Orleans County, Vermont",1810,236,town
5001909850,"Brownington town, Orleans County, Vermont",1820,265,town
5001909850,"Brownington town, Orleans County, Vermont",1830,412,town
5001909850,"Brownington town, Orleans County, Vermont",1840,486,town
5001909850,"Brownington town, Orleans County, Vermont",1850,613,town
5001909850,"Brownington town, Orleans County, Vermont",1860,761,town
5001909850,"Brownington town, Orleans County, Vermont",1870,901,town
5001909850,"Brownington town, Orleans County, Vermont",1880,854,town
5001909850,"Brownington town, Orleans County, Vermont",1890,799,town
5001909850,"Brownington town, Orleans County, Vermont",1900,748,town
5001909850,"Brownington town, Orleans County, Vermont",1910,760,town
5001909850,"Brownington town, Orleans County, Vermont",1920,741,town
5001909850,"Brownington town, Orleans County, Vermont",1930,697,town
5001909850,"Brownington town, Orleans County, Vermont",1940,689,town
5001909850,"Brownington town, Orleans County, Vermont",1950,673,town
5001909850,"Brownington town, Orleans County, Vermont",1960,599,town
5001909850,"Brownington town, Orleans County, Vermont",1970,522,town
5001909850,"Brownington town, Orleans County, Vermont",1980,708,town
5001909850,"Brownington town, Orleans County, Vermont",1990,705,town
5001909850,"Brownington town, Orleans County, Vermont",2000,885,town
5001909850,"Brownington town, Orleans County, Vermont",2010,988,town
5001909850,"Brownington town, Orleans County, Vermont",2020,1042,town
5000910075,"Brunswick town, Essex County, Vermont",1791,66,town
5000910075,"Brunswick town, Essex County, Vermont",1800,86,town
5000910075,"Brunswick town, Essex County, Vermont",1810,143,town
5000910075,"Brunswick town, Essex County, Vermont",1820,124,town
5000910075,"Brunswick town, Essex County, Vermont",1830,160,town
5000910075,"Brunswick town, Essex County, Vermont",1840,130,town
5000910075,"Brunswick town, Essex County, Vermont",1850,119,town
5000910075,"Brunswick town, Essex County, Vermont",1860,212,town
5000910075,"Brunswick town, Essex County, Vermont",1870,221,town
5000910075,"Brunswick town, Essex County, Vermont",1880,193,town
5000910075,"Brunswick town, Essex County, Vermont",1890,160,town
5000910075,"Brunswick town, Essex County, Vermont",1900,106,town
5000910075,"Brunswick town, Essex County, Vermont",1910,82,town
5000910075,"Brunswick town, Essex County, Vermont",1920,89,town
5000910075,"Brunswick town, Essex County, Vermont",1930,73,town
5000910075,"Brunswick town, Essex County, Vermont",1940,86,town
5000910075,"Brunswick town, Essex County, Vermont",1950,73,town
5000910075,"Brunswick town, Essex County, Vermont",1960,62,town
5000910075,"Brunswick town, Essex County, Vermont",1970,45,town
5000910075,"Brunswick town, Essex County, Vermont",1980,82,town
5000910075,"Brunswick town, Essex County, Vermont",1990,92,town
5000910075,"Brunswick town, Essex County, Vermont",2000,107,town
5000910075,"Brunswick town, Essex County, Vermont",2010,112,town
5000910075,"Brunswick town, Essex County, Vermont",2020,88,town
5000710300,"Buels gore, Chittenden County, Vermont",1791,0,town
5000710300,"Buels gore, Chittenden County, Vermont",1800,0,town
5000710300,"Buels gore, Chittenden County, Vermont",1810,0,town
5000710300,"Buels gore, Chittenden County, Vermont",1820,0,town
5000710300,"Buels gore, Chittenden County, Vermont",1830,0,town
5000710300,"Buels gore, Chittenden County, Vermont",1840,0,town
5000710300,"Buels gore, Chittenden County, Vermont",1850,18,town
5000710300,"Buels gore, Chittenden County, Vermont",1860,35,town
5000710300,"Buels gore, Chittenden County, Vermont",1870,29,town
5000710300,"Buels gore, Chittenden County, Vermont",1880,24,town
5000710300,"Buels gore, Chittenden County, Vermont",1890,21,town
5000710300,"Buels gore, Chittenden County, Vermont",1900,20,town
5000710300,"Buels gore, Chittenden County, Vermont",1910,16,town
5000710300,"Buels gore, Chittenden County, Vermont",1920,14,town
5000710300,"Buels gore, Chittenden County, Vermont",1930,4,town
5000710300,"Buels gore, Chittenden County, Vermont",1940,2,town
5000710300,"Buels gore, Chittenden County, Vermont",1950,3,town
5000710300,"Buels gore, Chittenden County, Vermont",1960,0,town
5000710300,"Buels gore, Chittenden County, Vermont",1970,10,town
5000710300,"Buels gore, Chittenden County, Vermont",1980,9,town
5000710300,"Buels gore, Chittenden County, Vermont",1990,2,town
5000710300,"Buels gore, Chittenden County, Vermont",2000,12,town
5000710300,"Buels gore, Chittenden County, Vermont",2010,30,town
5000710300,"Buels gore, Chittenden County, Vermont",2020,29,town
5000510450,"Burke town, Caledonia County, Vermont",1791,0,town
5000510450,"Burke town, Caledonia County, Vermont",1800,108,town
5000510450,"Burke town, Caledonia County, Vermont",1810,460,town
5000510450,"Burke town, Caledonia County, Vermont",1820,541,town
5000510450,"Burke town, Caledonia County, Vermont",1830,866,town
5000510450,"Burke town, Caledonia County, Vermont",1840,997,town
5000510450,"Burke town, Caledonia County, Vermont",1850,1103,town
5000510450,"Burke town, Caledonia County, Vermont",1860,1138,town
5000510450,"Burke town, Caledonia County, Vermont",1870,1162,town
5000510450,"Burke town, Caledonia County, Vermont",1880,1252,town
5000510450,"Burke town, Caledonia County, Vermont",1890,1198,town
5000510450,"Burke town, Caledonia County, Vermont",1900,1184,town
5000510450,"Burke town, Caledonia County, Vermont",1910,1183,town
5000510450,"Burke town, Caledonia County, Vermont",1920,1041,town
5000510450,"Burke town, Caledonia County, Vermont",1930,1016,town
5000510450,"Burke town, Caledonia County, Vermont",1940,988,town
5000510450,"Burke town, Caledonia County, Vermont",1950,1042,town
5000510450,"Burke town, Caledonia County, Vermont",1960,922,town
5000510450,"Burke town, Caledonia County, Vermont",1970,1053,town
5000510450,"Burke town, Caledonia County, Vermont",1980,1385,town
5000510450,"Burke town, Caledonia County, Vermont",1990,1406,town
5000510450,"Burke town, Caledonia County, Vermont",2000,1571,town
5000510450,"Burke town, Caledonia County, Vermont",2010,1753,town
5000510450,"Burke town, Caledonia County, Vermont",2020,1651,town
5000710675,"Burlington city, Chittenden County, Vermont",1791,332,town
5000710675,"Burlington city, Chittenden County, Vermont",1800,816,town
5000710675,"Burlington city, Chittenden County, Vermont",1810,1690,town
5000710675,"Burlington city, Chittenden County, Vermont",1820,2111,town
5000710675,"Burlington city, Chittenden County, Vermont",1830,3526,town
5000710675,"Burlington city, Chittenden County, Vermont",1840,4271,town
5000710675,"Burlington city, Chittenden County, Vermont",1850,7585,town
5000710675,"Burlington city, Chittenden County, Vermont",1860,7713,town
5000710675,"Burlington city, Chittenden County, Vermont",1870,14387,town
5000710675,"Burlington city, Chittenden County, Vermont",1880,11365,town
5000710675,"Burlington city, Chittenden County, Vermont",1890,14590,town
5000710675,"Burlington city, Chittenden County, Vermont",1900,18640,town
5000710675,"Burlington city, Chittenden County, Vermont",1910,20468,town
5000710675,"Burlington city, Chittenden County, Vermont",1920,22779,town
5000710675,"Burlington city, Chittenden County, Vermont",1930,24789,town
5000710675,"Burlington city, Chittenden County, Vermont",1940,27686,town
5000710675,"Burlington city, Chittenden County, Vermont",1950,33155,town
5000710675,"Burlington city, Chittenden County, Vermont",1960,35531,town
5000710675,"Burlington city, Chittenden County, Vermont",1970,38633,town
5000710675,"Burlington city, Chittenden County, Vermont",1980,37712,town
5000710675,"Burlington city, Chittenden County, Vermont",1990,39127,town
5000710675,"Burlington city, Chittenden County, Vermont",2000,38889,town
5000710675,"Burlington city, Chittenden County, Vermont",2010,42417,town
5000710675,"Burlington city, Chittenden County, Vermont",2020,44743,town
5002311125,"Cabot town, Washington County, Vermont",1791,122,town
5002311125,"Cabot town, Washington County, Vermont",1800,349,town
5002311125,"Cabot town, Washington County, Vermont",1810,686,town
5002311125,"Cabot town, Washington County, Vermont",1820,1032,town
5002311125,"Cabot town, Washington County, Vermont",1830,1304,town
5002311125,"Cabot town, Washington County, Vermont",1840,1440,town
5002311125,"Cabot town, Washington County, Vermont",1850,1356,town
5002311125,"Cabot town, Washington County, Vermont",1860,1318,town
5002311125,"Cabot town, Washington County, Vermont",1870,1279,town
5002311125,"Cabot town, Washington County, Vermont",1880,1242,town
5002311125,"Cabot town, Washington County, Vermont",1890,1074,town
5002311125,"Cabot town, Washington County, Vermont",1900,1126,town
5002311125,"Cabot town, Washington County, Vermont",1910,1116,town
5002311125,"Cabot town, Washington County, Vermont",1920,1036,town
5002311125,"Cabot town, Washington County, Vermont",1930,1107,town
5002311125,"Cabot town, Washington County, Vermont",1940,974,town
5002311125,"Cabot town, Washington County, Vermont",1950,826,town
5002311125,"Cabot town, Washington County, Vermont",1960,763,town
5002311125,"Cabot town, Washington County, Vermont",1970,663,town
5002311125,"Cabot town, Washington County, Vermont",1980,958,town
5002311125,"Cabot town, Washington County, Vermont",1990,1043,town
5002311125,"Cabot town, Washington County, Vermont",2000,1213,town
5002311125,"Cabot town, Washington County, Vermont",2010,1433,town
5002311125,"Cabot town, Washington County, Vermont",2020,1443,town
5002311350,"Calais town, Washington County, Vermont",1791,45,town
5002311350,"Calais town, Washington County, Vermont",1800,443,town
5002311350,"Calais town, Washington County, Vermont",1810,841,town
5002311350,"Calais town, Washington County, Vermont",1820,1111,town
5002311350,"Calais town, Washington County, Vermont",1830,1539,town
5002311350,"Calais town, Washington County, Vermont",1840,1709,town
5002311350,"Calais town, Washington County, Vermont",1850,1410,town
5002311350,"Calais town, Washington County, Vermont",1860,1409,town
5002311350,"Calais town, Washington County, Vermont",1870,1309,town
5002311350,"Calais town, Washington County, Vermont",1880,1253,town
5002311350,"Calais town, Washington County, Vermont",1890,1062,town
5002311350,"Calais town, Washington County, Vermont",1900,1101,town
5002311350,"Calais town, Washington County, Vermont",1910,1042,town
5002311350,"Calais town, Washington County, Vermont",1920,860,town
5002311350,"Calais town, Washington County, Vermont",1930,812,town
5002311350,"Calais town, Washington County, Vermont",1940,818,town
5002311350,"Calais town, Washington County, Vermont",1950,778,town
5002311350,"Calais town, Washington County, Vermont",1960,684,town
5002311350,"Calais town, Washington County, Vermont",1970,749,town
5002311350,"Calais town, Washington County, Vermont",1980,1207,town
5002311350,"Calais town, Washington County, Vermont",1990,1521,town
5002311350,"Calais town, Washington County, Vermont",2000,1529,town
5002311350,"Calais town, Washington County, Vermont",2010,1607,town
5002311350,"Calais town, Washington County, Vermont",2020,1661,town
5001511500,"Cambridge town, Lamoille County, Vermont",1791,359,town
5001511500,"Cambridge town, Lamoille County, Vermont",1800,733,town
5001511500,"Cambridge town, Lamoille County, Vermont",1810,990,town
5001511500,"Cambridge town, Lamoille County, Vermont",1820,1435,town
5001511500,"Cambridge town, Lamoille County, Vermont",1830,1613,town
5001511500,"Cambridge town, Lamoille County, Vermont",1840,1790,town
5001511500,"Cambridge town, Lamoille County, Vermont",1850,1849,town
5001511500,"Cambridge town, Lamoille County, Vermont",1860,1748,town
5001511500,"Cambridge town, Lamoille County, Vermont",1870,1651,town
5001511500,"Cambridge town, Lamoille County, Vermont",1880,1750,town
5001511500,"Cambridge town, Lamoille County, Vermont",1890,1689,town
5001511500,"Cambridge town, Lamoille County, Vermont",1900,1606,town
5001511500,"Cambridge town, Lamoille County, Vermont",1910,1696,town
5001511500,"Cambridge town, Lamoille County, Vermont",1920,1593,town
5001511500,"Cambridge town, Lamoille County, Vermont",1930,1402,town
5001511500,"Cambridge town, Lamoille County, Vermont",1940,1383,town
5001511500,"Cambridge town, Lamoille County, Vermont",1950,1435,town
5001511500,"Cambridge town, Lamoille County, Vermont",1960,1295,town
5001511500,"Cambridge town, Lamoille County, Vermont",1970,1528,town
5001511500,"Cambridge town, Lamoille County, Vermont",1980,2019,town
5001511500,"Cambridge town, Lamoille County, Vermont",1990,2667,town
5001511500,"Cambridge town, Lamoille County, Vermont",2000,3186,town
5001511500,"Cambridge town, Lamoille County, Vermont",2010,3659,town
5001511500,"Cambridge town, Lamoille County, Vermont",2020,3839,town
5000911800,"Canaan town, Essex County, Vermont",1791,19,town
5000911800,"Canaan town, Essex County, Vermont",1800,44,town
5000911800,"Canaan town, Essex County, Vermont",1810,143,town
5000911800,"Canaan town, Essex County, Vermont",1820,227,town
5000911800,"Canaan town, Essex County, Vermont",1830,373,town
5000911800,"Canaan town, Essex County, Vermont",1840,378,town
5000911800,"Canaan town, Essex County, Vermont",1850,471,town
5000911800,"Canaan town, Essex County, Vermont",1860,408,town
5000911800,"Canaan town, Essex County, Vermont",1870,417,town
5000911800,"Canaan town, Essex County, Vermont",1880,637,town
5000911800,"Canaan town, Essex County, Vermont",1890,829,town
5000911800,"Canaan town, Essex County, Vermont",1900,934,town
5000911800,"Canaan town, Essex County, Vermont",1910,869,town
5000911800,"Canaan town, Essex County, Vermont",1920,982,town
5000911800,"Canaan town, Essex County, Vermont",1930,906,town
5000911800,"Canaan town, Essex County, Vermont",1940,872,town
5000911800,"Canaan town, Essex County, Vermont",1950,969,town
5000911800,"Canaan town, Essex County, Vermont",1960,1094,town
5000911800,"Canaan town, Essex County, Vermont",1970,949,town
5000911800,"Canaan town, Essex County, Vermont",1980,1196,town
5000911800,"Canaan town, Essex County, Vermont",1990,1121,town
5000911800,"Canaan town, Essex County, Vermont",2000,1078,town
5000911800,"Canaan town, Essex County, Vermont",2010,972,town
5000911800,"Canaan town, Essex County, Vermont",2020,896,town
5002111950,"Castleton town, Rutland County, Vermont",1791,809,town
5002111950,"Castleton town, Rutland County, Vermont",1800,1039,town
5002111950,"Castleton town, Rutland County, Vermont",1810,1420,town
5002111950,"Castleton town, Rutland County, Vermont",1820,1541,town
5002111950,"Castleton town, Rutland County, Vermont",1830,1783,town
5002111950,"Castleton town, Rutland County, Vermont",1840,1769,town
5002111950,"Castleton town, Rutland County, Vermont",1850,3016,town
5002111950,"Castleton town, Rutland County, Vermont",1860,2852,town
5002111950,"Castleton town, Rutland County, Vermont",1870,3243,town
5002111950,"Castleton town, Rutland County, Vermont",1880,2605,town
5002111950,"Castleton town, Rutland County, Vermont",1890,2396,town
5002111950,"Castleton town, Rutland County, Vermont",1900,2089,town
5002111950,"Castleton town, Rutland County, Vermont",1910,1886,town
5002111950,"Castleton town, Rutland County, Vermont",1920,1919,town
5002111950,"Castleton town, Rutland County, Vermont",1930,1794,town
5002111950,"Castleton town, Rutland County, Vermont",1940,1601,town
5002111950,"Castleton town, Rutland County, Vermont",1950,1748,town
5002111950,"Castleton town, Rutland County, Vermont",1960,1902,town
5002111950,"Castleton town, Rutland County, Vermont",1970,2837,town
5002111950,"Castleton town, Rutland County, Vermont",1980,3637,town
5002111950,"Castleton town, Rutland County, Vermont",1990,4278,town
5002111950,"Castleton town, Rutland County, Vermont",2000,4367,town
5002111950,"Castleton town, Rutland County, Vermont",2010,4717,town
5002111950,"Castleton town, Rutland County, Vermont",2020,4458,town
5002712250,"Cavendish town, Windsor County, Vermont",1791,491,town
5002712250,"Cavendish town, Windsor County, Vermont",1800,922,town
5002712250,"Cavendish town, Windsor County, Vermont",1810,1295,town
5002712250,"Cavendish town, Windsor County, Vermont",1820,1551,town
5002712250,"Cavendish town, Windsor County, Vermont",1830,1498,town
5002712250,"Cavendish town, Windsor County, Vermont",1840,1427,town
5002712250,"Cavendish town, Windsor County, Vermont",1850,1576,town
5002712250,"Cavendish town, Windsor County, Vermont",1860,1509,town
5002712250,"Cavendish town, Windsor County, Vermont",1870,1823,town
5002712250,"Cavendish town, Windsor County, Vermont",1880,1276,town
5002712250,"Cavendish town, Windsor County, Vermont",1890,1172,town
5002712250,"Cavendish town, Windsor County, Vermont",1900,1352,town
5002712250,"Cavendish town, Windsor County, Vermont",1910,1208,town
5002712250,"Cavendish town, Windsor County, Vermont",1920,1319,town
5002712250,"Cavendish town, Windsor County, Vermont",1930,1418,town
5002712250,"Cavendish town, Windsor County, Vermont",1940,1598,town
5002712250,"Cavendish town, Windsor County, Vermont",1950,1374,town
5002712250,"Cavendish town, Windsor County, Vermont",1960,1223,town
5002712250,"Cavendish town, Windsor County, Vermont",1970,1264,town
5002712250,"Cavendish town, Windsor County, Vermont",1980,1355,town
5002712250,"Cavendish town, Windsor County, Vermont",1990,1323,town
5002712250,"Cavendish town, Windsor County, Vermont",2000,1470,town
5002712250,"Cavendish town, Windsor County, Vermont",2010,1367,town
5002712250,"Cavendish town, Windsor County, Vermont",2020,1392,town
5001913150,"Charleston town, Orleans County, Vermont",1791,0,town
5001913150,"Charleston town, Orleans County, Vermont",1800,0,town
5001913150,"Charleston town, Orleans County, Vermont",1810,56,town
5001913150,"Charleston town, Orleans County, Vermont",1820,90,town
5001913150,"Charleston town, Orleans County, Vermont",1830,564,town
5001913150,"Charleston town, Orleans County, Vermont",1840,731,town
5001913150,"Charleston town, Orleans County, Vermont",1850,1009,town
5001913150,"Charleston town, Orleans County, Vermont",1860,1160,town
5001913150,"Charleston town, Orleans County, Vermont",1870,1278,town
5001913150,"Charleston town, Orleans County, Vermont",1880,1204,town
5001913150,"Charleston town, Orleans County, Vermont",1890,1058,town
5001913150,"Charleston town, Orleans County, Vermont",1900,1025,town
5001913150,"Charleston town, Orleans County, Vermont",1910,993,town
5001913150,"Charleston town, Orleans County, Vermont",1920,921,town
5001913150,"Charleston town, Orleans County, Vermont",1930,895,town
5001913150,"Charleston town, Orleans County, Vermont",1940,834,town
5001913150,"Charleston town, Orleans County, Vermont",1950,764,town
5001913150,"Charleston town, Orleans County, Vermont",1960,668,town
5001913150,"Charleston town, Orleans County, Vermont",1970,654,town
5001913150,"Charleston town, Orleans County, Vermont",1980,851,town
5001913150,"Charleston town, Orleans County, Vermont",1990,844,town
5001913150,"Charleston town, Orleans County, Vermont",2000,895,town
5001913150,"Charleston town, Orleans County, Vermont",2010,1023,town
5001913150,"Charleston town, Orleans County, Vermont",2020,1021,town
5000713300,"Charlotte town, Chittenden County, Vermont",1791,635,town
5000713300,"Charlotte town, Chittenden County, Vermont",1800,1231,town
5000713300,"Charlotte town, Chittenden County, Vermont",1810,1679,town
5000713300,"Charlotte town, Chittenden County, Vermont",1820,1625,town
5000713300,"Charlotte town, Chittenden County, Vermont",1830,1702,town
5000713300,"Charlotte town, Chittenden County, Vermont",1840,1620,town
5000713300,"Charlotte town, Chittenden County, Vermont",1850,1634,town
5000713300,"Charlotte town, Chittenden County, Vermont",1860,1589,town
5000713300,"Charlotte town, Chittenden County, Vermont",1870,1430,town
5000713300,"Charlotte town, Chittenden County, Vermont",1880,1342,town
5000713300,"Charlotte town, Chittenden County, Vermont",1890,1240,town
5000713300,"Charlotte town, Chittenden County, Vermont",1900,1254,town
5000713300,"Charlotte town, Chittenden County, Vermont",1910,1163,town
5000713300,"Charlotte town, Chittenden County, Vermont",1920,1160,town
5000713300,"Charlotte town, Chittenden County, Vermont",1930,1089,town
5000713300,"Charlotte town, Chittenden County, Vermont",1940,1082,town
5000713300,"Charlotte town, Chittenden County, Vermont",1950,1215,town
5000713300,"Charlotte town, Chittenden County, Vermont",1960,1271,town
5000713300,"Charlotte town, Chittenden County, Vermont",1970,1802,town
5000713300,"Charlotte town, Chittenden County, Vermont",1980,2561,town
5000713300,"Charlotte town, Chittenden County, Vermont",1990,3148,town
5000713300,"Charlotte town, Chittenden County, Vermont",2000,3569,town
5000713300,"Charlotte town, Chittenden County, Vermont",2010,3754,town
5000713300,"Charlotte town, Chittenden County, Vermont",2020,3912,town
5001713525,"Chelsea town, Orange County, Vermont",1791,239,town
5001713525,"Chelsea town, Orange County, Vermont",1800,896,town
5001713525,"Chelsea town, Orange County, Vermont",1810,1327,town
5001713525,"Chelsea town, Orange County, Vermont",1820,1462,town
5001713525,"Chelsea town, Orange County, Vermont",1830,1958,town
5001713525,"Chelsea town, Orange County, Vermont",1840,1959,town
5001713525,"Chelsea town, Orange County, Vermont",1850,1958,town
5001713525,"Chelsea town, Orange County, Vermont",1860,1757,town
5001713525,"Chelsea town, Orange County, Vermont",1870,1526,town
5001713525,"Chelsea town, Orange County, Vermont",1880,1462,town
5001713525,"Chelsea town, Orange County, Vermont",1890,1230,town
5001713525,"Chelsea town, Orange County, Vermont",1900,1070,town
5001713525,"Chelsea town, Orange County, Vermont",1910,1074,town
5001713525,"Chelsea town, Orange County, Vermont",1920,1087,town
5001713525,"Chelsea town, Orange County, Vermont",1930,1004,town
5001713525,"Chelsea town, Orange County, Vermont",1940,1013,town
5001713525,"Chelsea town, Orange County, Vermont",1950,1025,town
5001713525,"Chelsea town, Orange County, Vermont",1960,957,town
5001713525,"Chelsea town, Orange County, Vermont",1970,983,town
5001713525,"Chelsea town, Orange County, Vermont",1980,1091,town
5001713525,"Chelsea town, Orange County, Vermont",1990,1166,town
5001713525,"Chelsea town, Orange County, Vermont",2000,1250,town
5001713525,"Chelsea town, Orange County, Vermont",2010,1238,town
5001713525,"Chelsea town, Orange County, Vermont",2020,1233,town
5002713675,"Chester town, Windsor County, Vermont",1791,981,town
5002713675,"Chester town, Windsor County, Vermont",1800,1878,town
5002713675,"Chester town, Windsor County, Vermont",1810,2370,town
5002713675,"Chester town, Windsor County, Vermont",1820,2495,town
5002713675,"Chester town, Windsor County, Vermont",1830,2320,town
5002713675,"Chester town, Windsor County, Vermont",1840,2305,town
5002713675,"Chester town, Windsor County, Vermont",1850,2001,town
5002713675,"Chester town, Windsor County, Vermont",1860,2126,town
5002713675,"Chester town, Windsor County, Vermont",1870,2052,town
5002713675,"Chester town, Windsor County, Vermont",1880,1901,town
5002713675,"Chester town, Windsor County, Vermont",1890,1787,town
5002713675,"Chester town, Windsor County, Vermont",1900,1775,town
5002713675,"Chester town, Windsor County, Vermont",1910,1784,town
5002713675,"Chester town, Windsor County, Vermont",1920,1633,town
5002713675,"Chester town, Windsor County, Vermont",1930,1666,town
5002713675,"Chester town, Windsor County, Vermont",1940,1740,town
5002713675,"Chester town, Windsor County, Vermont",1950,1981,town
5002713675,"Chester town, Windsor County, Vermont",1960,2318,town
5002713675,"Chester town, Windsor County, Vermont",1970,2371,town
5002713675,"Chester town, Windsor County, Vermont",1980,2791,town
5002713675,"Chester town, Windsor County, Vermont",1990,2832,town
5002713675,"Chester town, Windsor County, Vermont",2000,3044,town
5002713675,"Chester town, Windsor County, Vermont",2010,3154,town
5002713675,"Chester town, Windsor County, Vermont",2020,3005,town
5002114350,"Chittenden town, Rutland County, Vermont",1791,159,town
5002114350,"Chittenden town, Rutland County, Vermont",1800,327,town
5002114350,"Chittenden town, Rutland County, Vermont",1810,446,town
5002114350,"Chittenden town, Rutland County, Vermont",1820,528,town
5002114350,"Chittenden town, Rutland County, Vermont",1830,610,town
5002114350,"Chittenden town, Rutland County, Vermont",1840,644,town
5002114350,"Chittenden town, Rutland County, Vermont",1850,675,town
5002114350,"Chittenden town, Rutland County, Vermont",1860,763,town
5002114350,"Chittenden town, Rutland County, Vermont",1870,802,town
5002114350,"Chittenden town, Rutland County, Vermont",1880,1092,town
5002114350,"Chittenden town, Rutland County, Vermont",1890,730,town
5002114350,"Chittenden town, Rutland County, Vermont",1900,621,town
5002114350,"Chittenden town, Rutland County, Vermont",1910,563,town
5002114350,"Chittenden town, Rutland County, Vermont",1920,472,town
5002114350,"Chittenden town, Rutland County, Vermont",1930,341,town
5002114350,"Chittenden town, Rutland County, Vermont",1940,379,town
5002114350,"Chittenden town, Rutland County, Vermont",1950,424,town
5002114350,"Chittenden town, Rutland County, Vermont",1960,460,town
5002114350,"Chittenden town, Rutland County, Vermont",1970,646,town
5002114350,"Chittenden town, Rutland County, Vermont",1980,927,town
5002114350,"Chittenden town, Rutland County, Vermont",1990,1102,town
5002114350,"Chittenden town, Rutland County, Vermont",2000,1182,town
5002114350,"Chittenden town, Rutland County, Vermont",2010,1258,town
5002114350,"Chittenden town, Rutland County, Vermont",2020,1237,town
5002114500,"Clarendon town, Rutland County, Vermont",1791,1480,town
5002114500,"Clarendon town, Rutland County, Vermont",1800,1789,town
5002114500,"Clarendon town, Rutland County, Vermont",1810,1797,town
5002114500,"Clarendon town, Rutland County, Vermont",1820,1712,town
5002114500,"Clarendon town, Rutland County, Vermont",1830,1585,town
5002114500,"Clarendon town, Rutland County, Vermont",1840,1549,town
5002114500,"Clarendon town, Rutland County, Vermont",1850,1477,town
5002114500,"Clarendon town, Rutland County, Vermont",1860,1237,town
5002114500,"Clarendon town, Rutland County, Vermont",1870,1173,town
5002114500,"Clarendon town, Rutland County, Vermont",1880,1105,town
5002114500,"Clarendon town, Rutland County, Vermont",1890,928,town
5002114500,"Clarendon town, Rutland County, Vermont",1900,915,town
5002114500,"Clarendon town, Rutland County, Vermont",1910,857,town
5002114500,"Clarendon town, Rutland County, Vermont",1920,826,town
5002114500,"Clarendon town, Rutland County, Vermont",1930,883,town
5002114500,"Clarendon town, Rutland County, Vermont",1940,868,town
5002114500,"Clarendon town, Rutland County, Vermont",1950,1102,town
5002114500,"Clarendon town, Rutland County, Vermont",1960,1091,town
5002114500,"Clarendon town, Rutland County, Vermont",1970,1537,town
5002114500,"Clarendon town, Rutland County, Vermont",1980,2372,town
5002114500,"Clarendon town, Rutland County, Vermont",1990,2835,town
5002114500,"Clarendon town, Rutland County, Vermont",2000,2811,town
5002114500,"Clarendon town, Rutland County, Vermont",2010,2571,town
5002114500,"Clarendon town, Rutland County, Vermont",2020,2412,town
5000714875,"Colchester town, Chittenden County, Vermont",1791,137,town
5000714875,"Colchester town, Chittenden County, Vermont",1800,347,town
5000714875,"Colchester town, Chittenden County, Vermont",1810,659,town
5000714875,"Colchester town, Chittenden County, Vermont",1820,1192,town
5000714875,"Colchester town, Chittenden County, Vermont",1830,1489,town
5000714875,"Colchester town, Chittenden County, Vermont",1840,1739,town
5000714875,"Colchester town, Chittenden County, Vermont",1850,2575,town
5000714875,"Colchester town, Chittenden County, Vermont",1860,3041,town
5000714875,"Colchester town, Chittenden County, Vermont",1870,3911,town
5000714875,"Colchester town, Chittenden County, Vermont",1880,4421,town
5000714875,"Colchester town, Chittenden County, Vermont",1890,5143,town
5000714875,"Colchester town, Chittenden County, Vermont",1900,5352,town
5000714875,"Colchester town, Chittenden County, Vermont",1910,6450,town
5000714875,"Colchester town, Chittenden County, Vermont",1920,6627,town
5000714875,"Colchester town, Chittenden County, Vermont",1930,2638,town
5000714875,"Colchester town, Chittenden County, Vermont",1940,3031,town
5000714875,"Colchester town, Chittenden County, Vermont",1950,3897,town
5000714875,"Colchester town, Chittenden County, Vermont",1960,4718,town
5000714875,"Colchester town, Chittenden County, Vermont",1970,8776,town
5000714875,"Colchester town, Chittenden County, Vermont",1980,12629,town
5000714875,"Colchester town, Chittenden County, Vermont",1990,14731,town
5000714875,"Colchester town, Chittenden County, Vermont",2000,16986,town
5000714875,"Colchester town, Chittenden County, Vermont",2010,17067,town
5000714875,"Colchester town, Chittenden County, Vermont",2020,17524,town
5000915250,"Concord town, Essex County, Vermont",1791,49,town
5000915250,"Concord town, Essex County, Vermont",1800,322,town
5000915250,"Concord town, Essex County, Vermont",1810,232,town
5000915250,"Concord town, Essex County, Vermont",1820,806,town
5000915250,"Concord town, Essex County, Vermont",1830,1031,town
5000915250,"Concord town, Essex County, Vermont",1840,1024,town
5000915250,"Concord town, Essex County, Vermont",1850,1153,town
5000915250,"Concord town, Essex County, Vermont",1860,1291,town
5000915250,"Concord town, Essex County, Vermont",1870,1276,town
5000915250,"Concord town, Essex County, Vermont",1880,1612,town
5000915250,"Concord town, Essex County, Vermont",1890,1425,town
5000915250,"Concord town, Essex County, Vermont",1900,1129,town
5000915250,"Concord town, Essex County, Vermont",1910,1080,town
5000915250,"Concord town, Essex County, Vermont",1920,1102,town
5000915250,"Concord town, Essex County, Vermont",1930,1043,town
5000915250,"Concord town, Essex County, Vermont",1940,923,town
5000915250,"Concord town, Essex County, Vermont",1950,979,town
5000915250,"Concord town, Essex County, Vermont",1960,956,town
5000915250,"Concord town, Essex County, Vermont",1970,896,town
5000915250,"Concord town, Essex County, Vermont",1980,1125,town
5000915250,"Concord town, Essex County, Vermont",1990,1093,town
5000915250,"Concord town, Essex County, Vermont",2000,1196,town
5000915250,"Concord town, Essex County, Vermont",2010,1235,town
5000915250,"Concord town, Essex County, Vermont",2020,1141,town
5001715700,"Corinth town, Orange County, Vermont",1791,578,town
5001715700,"Corinth town, Orange County, Vermont",1800,1410,town
5001715700,"Corinth town, Orange County, Vermont",1810,1876,town
5001715700,"Corinth town, Orange County, Vermont",1820,1907,town
5001715700,"Corinth town, Orange County, Vermont",1830,1953,town
5001715700,"Corinth town, Orange County, Vermont",1840,1970,town
5001715700,"Corinth town, Orange County, Vermont",1850,1806,town
5001715700,"Corinth town, Orange County, Vermont",1860,1627,town
5001715700,"Corinth town, Orange County, Vermont",1870,1470,town
5001715700,"Corinth town, Orange County, Vermont",1880,1627,town
5001715700,"Corinth town, Orange County, Vermont",1890,1027,town
5001715700,"Corinth town, Orange County, Vermont",1900,978,town
5001715700,"Corinth town, Orange County, Vermont",1910,1005,town
5001715700,"Corinth town, Orange County, Vermont",1920,936,town
5001715700,"Corinth town, Orange County, Vermont",1930,817,town
5001715700,"Corinth town, Orange County, Vermont",1940,822,town
5001715700,"Corinth town, Orange County, Vermont",1950,786,town
5001715700,"Corinth town, Orange County, Vermont",1960,775,town
5001715700,"Corinth town, Orange County, Vermont",1970,683,town
5001715700,"Corinth town, Orange County, Vermont",1980,904,town
5001715700,"Corinth town, Orange County, Vermont",1990,1244,town
5001715700,"Corinth town, Orange County, Vermont",2000,1461,town
5001715700,"Corinth town, Orange County, Vermont",2010,1367,town
5001715700,"Corinth town, Orange County, Vermont",2020,1455,town
5000116000,"Cornwall town, Addison County, Vermont",1791,825,town
5000116000,"Cornwall town, Addison County, Vermont",1800,1163,town
5000116000,"Cornwall town, Addison County, Vermont",1810,1279,town
5000116000,"Cornwall town, Addison County, Vermont",1820,1120,town
5000116000,"Cornwall town, Addison County, Vermont",1830,1264,town
5000116000,"Cornwall town, Addison County, Vermont",1840,1164,town
5000116000,"Cornwall town, Addison County, Vermont",1850,1155,town
5000116000,"Cornwall town, Addison County, Vermont",1860,977,town
5000116000,"Cornwall town, Addison County, Vermont",1870,969,town
5000116000,"Cornwall town, Addison County, Vermont",1880,1070,town
5000116000,"Cornwall town, Addison County, Vermont",1890,927,town
5000116000,"Cornwall town, Addison County, Vermont",1900,850,town
5000116000,"Cornwall town, Addison County, Vermont",1910,789,town
5000116000,"Cornwall town, Addison County, Vermont",1920,782,town
5000116000,"Cornwall town, Addison County, Vermont",1930,640,town
5000116000,"Cornwall town, Addison County, Vermont",1940,670,town
5000116000,"Cornwall town, Addison County, Vermont",1950,728,town
5000116000,"Cornwall town, Addison County, Vermont",1960,756,town
5000116000,"Cornwall town, Addison County, Vermont",1970,900,town
5000116000,"Cornwall town, Addison County, Vermont",1980,993,town
5000116000,"Cornwall town, Addison County, Vermont",1990,1101,town
5000116000,"Cornwall town, Addison County, Vermont",2000,1136,town
5000116000,"Cornwall town, Addison County, Vermont",2010,1185,town
5000116000,"Cornwall town, Addison County, Vermont",2020,1207,town
5001916150,"Coventry town, Orleans County, Vermont",1791,0,town
5001916150,"Coventry town, Orleans County, Vermont",1800,7,town
5001916150,"Coventry town, Orleans County, Vermont",1810,178,town
5001916150,"Coventry town, Orleans County, Vermont",1820,282,town
5001916150,"Coventry town, Orleans County, Vermont",1830,728,town
5001916150,"Coventry town, Orleans County, Vermont",1840,786,town
5001916150,"Coventry town, Orleans County, Vermont",1850,857,town
5001916150,"Coventry town, Orleans County, Vermont",1860,914,town
5001916150,"Coventry town, Orleans County, Vermont",1870,914,town
5001916150,"Coventry town, Orleans County, Vermont",1880,911,town
5001916150,"Coventry town, Orleans County, Vermont",1890,879,town
5001916150,"Coventry town, Orleans County, Vermont",1900,728,town
5001916150,"Coventry town, Orleans County, Vermont",1910,616,town
5001916150,"Coventry town, Orleans County, Vermont",1920,668,town
5001916150,"Coventry town, Orleans County, Vermont",1930,610,town
5001916150,"Coventry town, Orleans County, Vermont",1940,549,town
5001916150,"Coventry town, Orleans County, Vermont",1950,497,town
5001916150,"Coventry town, Orleans County, Vermont",1960,458,town
5001916150,"Coventry town, Orleans County, Vermont",1970,492,town
5001916150,"Coventry town, Orleans County, Vermont",1980,674,town
5001916150,"Coventry town, Orleans County, Vermont",1990,806,town
5001916150,"Coventry town, Orleans County, Vermont",2000,1014,town
5001916150,"Coventry town, Orleans County, Vermont",2010,1086,town
5001916150,"Coventry town, Orleans County, Vermont",2020,1100,town
5001916300,"Craftsbury town, Orleans County, Vermont",1791,0,town
5001916300,"Craftsbury town, Orleans County, Vermont",1800,229,town
5001916300,"Craftsbury town, Orleans County, Vermont",1810,566,town
5001916300,"Craftsbury town, Orleans County, Vermont",1820,605,town
5001916300,"Craftsbury town, Orleans County, Vermont",1830,982,town
5001916300,"Craftsbury town, Orleans County, Vermont",1840,1151,town
5001916300,"Craftsbury town, Orleans County, Vermont",1850,1223,town
5001916300,"Craftsbury town, Orleans County, Vermont",1860,1413,town
5001916300,"Craftsbury town, Orleans County, Vermont",1870,1330,town
5001916300,"Craftsbury town, Orleans County, Vermont",1880,1381,town
5001916300,"Craftsbury town, Orleans County, Vermont",1890,1271,town
5001916300,"Craftsbury town, Orleans County, Vermont",1900,1251,town
5001916300,"Craftsbury town, Orleans County, Vermont",1910,1119,town
5001916300,"Craftsbury town, Orleans County, Vermont",1920,1042,town
5001916300,"Craftsbury town, Orleans County, Vermont",1930,976,town
5001916300,"Craftsbury town, Orleans County, Vermont",1940,875,town
5001916300,"Craftsbury town, Orleans County, Vermont",1950,709,town
5001916300,"Craftsbury town, Orleans County, Vermont",1960,674,town
5001916300,"Craftsbury town, Orleans County, Vermont",1970,632,town
5001916300,"Craftsbury town, Orleans County, Vermont",1980,844,town
5001916300,"Craftsbury town, Orleans County, Vermont",1990,994,town
5001916300,"Craftsbury town, Orleans County, Vermont",2000,1136,town
5001916300,"Craftsbury town, Orleans County, Vermont",2010,1206,town
5001916300,"Craftsbury town, Orleans County, Vermont",2020,1343,town
5002116825,"Danby town, Rutland County, Vermont",1791,1206,town
5002116825,"Danby town, Rutland County, Vermont",1800,1487,town
5002116825,"Danby town, Rutland County, Vermont",1810,1730,town
5002116825,"Danby town, Rutland County, Vermont",1820,1607,town
5002116825,"Danby town, Rutland County, Vermont",1830,1362,town
5002116825,"Danby town, Rutland County, Vermont",1840,1479,town
5002116825,"Danby town, Rutland County, Vermont",1850,1535,town
5002116825,"Danby town, Rutland County, Vermont",1860,1419,town
5002116825,"Danby town, Rutland County, Vermont",1870,1319,town
5002116825,"Danby town, Rutland County, Vermont",1880,1202,town
5002116825,"Danby town, Rutland County, Vermont",1890,1084,town
5002116825,"Danby town, Rutland County, Vermont",1900,964,town
5002116825,"Danby town, Rutland County, Vermont",1910,1001,town
5002116825,"Danby town, Rutland County, Vermont",1920,1007,town
5002116825,"Danby town, Rutland County, Vermont",1930,1070,town
5002116825,"Danby town, Rutland County, Vermont",1940,1112,town
5002116825,"Danby town, Rutland County, Vermont",1950,990,town
5002116825,"Danby town, Rutland County, Vermont",1960,891,town
5002116825,"Danby town, Rutland County, Vermont",1970,910,town
5002116825,"Danby town, Rutland County, Vermont",1980,992,town
5002116825,"Danby town, Rutland County, Vermont",1990,1193,town
5002116825,"Danby town, Rutland County, Vermont",2000,1292,town
5002116825,"Danby town, Rutland County, Vermont",2010,1311,town
5002116825,"Danby town, Rutland County, Vermont",2020,1284,town
5000517125,"Danville town, Caledonia County, Vermont",1791,574,town
5000517125,"Danville town, Caledonia County, Vermont",1800,1514,town
5000517125,"Danville town, Caledonia County, Vermont",1810,2240,town
5000517125,"Danville town, Caledonia County, Vermont",1820,2300,town
5000517125,"Danville town, Caledonia County, Vermont",1830,2631,town
5000517125,"Danville town, Caledonia County, Vermont",1840,2633,town
5000517125,"Danville town, Caledonia County, Vermont",1850,2577,town
5000517125,"Danville town, Caledonia County, Vermont",1860,2544,town
5000517125,"Danville town, Caledonia County, Vermont",1870,2216,town
5000517125,"Danville town, Caledonia County, Vermont",1880,2003,town
5000517125,"Danville town, Caledonia County, Vermont",1890,1784,town
5000517125,"Danville town, Caledonia County, Vermont",1900,1628,town
5000517125,"Danville town, Caledonia County, Vermont",1910,1564,town
5000517125,"Danville town, Caledonia County, Vermont",1920,1494,town
5000517125,"Danville town, Caledonia County, Vermont",1930,1600,town
5000517125,"Danville town, Caledonia County, Vermont",1940,1472,town
5000517125,"Danville town, Caledonia County, Vermont",1950,1312,town
5000517125,"Danville town, Caledonia County, Vermont",1960,1368,town
5000517125,"Danville town, Caledonia County, Vermont",1970,1405,town
5000517125,"Danville town, Caledonia County, Vermont",1980,1705,town
5000517125,"Danville town, Caledonia County, Vermont",1990,1917,town
5000517125,"Danville town, Caledonia County, Vermont",2000,2211,town
5000517125,"Danville town, Caledonia County, Vermont",2010,2196,town
5000517125,"Danville town, Caledonia County, Vermont",2020,2335,town
5001917350,"Derby town, Orleans County, Vermont",1791,0,town
5001917350,"Derby town, Orleans County, Vermont",1800,178,town
5001917350,"Derby town, Orleans County, Vermont",1810,714,town
5001917350,"Derby town, Orleans County, Vermont",1820,925,town
5001917350,"Derby town, Orleans County, Vermont",1830,1469,town
5001917350,"Derby town, Orleans County, Vermont",1840,1681,town
5001917350,"Derby town, Orleans County, Vermont",1850,1759,town
5001917350,"Derby town, Orleans County, Vermont",1860,1908,town
5001917350,"Derby town, Orleans County, Vermont",1870,2039,town
5001917350,"Derby town, Orleans County, Vermont",1880,1957,town
5001917350,"Derby town, Orleans County, Vermont",1890,2900,town
5001917350,"Derby town, Orleans County, Vermont",1900,2361,town
5001917350,"Derby town, Orleans County, Vermont",1910,2330,town
5001917350,"Derby town, Orleans County, Vermont",1920,2201,town
5001917350,"Derby town, Orleans County, Vermont",1930,2135,town
5001917350,"Derby town, Orleans County, Vermont",1940,2118,town
5001917350,"Derby town, Orleans County, Vermont",1950,2245,town
5001917350,"Derby town, Orleans County, Vermont",1960,2506,town
5001917350,"Derby town, Orleans County, Vermont",1970,3252,town
5001917350,"Derby town, Orleans County, Vermont",1980,4222,town
5001917350,"Derby town, Orleans County, Vermont",1990,4479,town
5001917350,"Derby town, Orleans County, Vermont",2000,4604,town
5001917350,"Derby town, Orleans County, Vermont",2010,4621,town
5001917350,"Derby town, Orleans County, Vermont",2020,4579,town
5000317725,"Dorset town, Bennington County, Vermont",1791,957,town
5000317725,"Dorset town, Bennington County, Vermont",1800,1286,town
5000317725,"Dorset town, Bennington County, Vermont",1810,1294,town
5000317725,"Dorset town, Bennington County, Vermont",1820,1359,town
5000317725,"Dorset town, Bennington County, Vermont",1830,1507,town
5000317725,"Dorset town, Bennington County, Vermont",1840,1426,town
5000317725,"Dorset town, Bennington County, Vermont",1850,1700,town
5000317725,"Dorset town, Bennington County, Vermont",1860,2089,town
5000317725,"Dorset town, Bennington County, Vermont",1870,2195,town
5000317725,"Dorset town, Bennington County, Vermont",1880,2005,town
5000317725,"Dorset town, Bennington County, Vermont",1890,1696,town
5000317725,"Dorset town, Bennington County, Vermont",1900,1477,town
5000317725,"Dorset town, Bennington County, Vermont",1910,1472,town
5000317725,"Dorset town, Bennington County, Vermont",1920,1226,town
5000317725,"Dorset town, Bennington County, Vermont",1930,1120,town
5000317725,"Dorset town, Bennington County, Vermont",1940,1128,town
5000317725,"Dorset town, Bennington County, Vermont",1950,1150,town
5000317725,"Dorset town, Bennington County, Vermont",1960,1150,town
5000317725,"Dorset town, Bennington County, Vermont",1970,1293,town
5000317725,"Dorset town, Bennington County, Vermont",1980,1648,town
5000317725,"Dorset town, Bennington County, Vermont",1990,1918,town
5000317725,"Dorset town, Bennington County, Vermont",2000,2036,town
5000317725,"Dorset town, Bennington County, Vermont",2010,2031,town
5000317725,"Dorset town, Bennington County, Vermont",2020,2133,town
5002517875,"Dover town, Windham County, Vermont",1791,0,town
5002517875,"Dover town, Windham County, Vermont",1800,0,town
5002517875,"Dover town, Windham County, Vermont",1810,859,town
5002517875,"Dover town, Windham County, Vermont",1820,829,town
5002517875,"Dover town, Windham County, Vermont",1830,1216,town
5002517875,"Dover town, Windham County, Vermont",1840,729,town
5002517875,"Dover town, Windham County, Vermont",1850,709,town
5002517875,"Dover town, Windham County, Vermont",1860,650,town
5002517875,"Dover town, Windham County, Vermont",1870,635,town
5002517875,"Dover town, Windham County, Vermont",1880,621,town
5002517875,"Dover town, Windham County, Vermont",1890,524,town
5002517875,"Dover town, Windham County, Vermont",1900,503,town
5002517875,"Dover town, Windham County, Vermont",1910,377,town
5002517875,"Dover town, Windham County, Vermont",1920,385,town
5002517875,"Dover town, Windham County, Vermont",1930,278,town
5002517875,"Dover town, Windham County, Vermont",1940,244,town
5002517875,"Dover town, Windham County, Vermont",1950,252,town
5002517875,"Dover town, Windham County, Vermont",1960,370,town
5002517875,"Dover town, Windham County, Vermont",1970,555,town
5002517875,"Dover town, Windham County, Vermont",1980,666,town
5002517875,"Dover town, Windham County, Vermont",1990,994,town
5002517875,"Dover town, Windham County, Vermont",2000,1410,town
5002517875,"Dover town, Windham County, Vermont",2010,1124,town
5002517875,"Dover town, Windham County, Vermont",2020,1798,town
5002518325,"Dummerston town, Windham County, Vermont",1791,1490,town
5002518325,"Dummerston town, Windham County, Vermont",1800,1692,town
5002518325,"Dummerston town, Windham County, Vermont",1810,1704,town
5002518325,"Dummerston town, Windham County, Vermont",1820,1658,town
5002518325,"Dummerston town, Windham County, Vermont",1830,1592,town
5002518325,"Dummerston town, Windham County, Vermont",1840,1263,town
5002518325,"Dummerston town, Windham County, Vermont",1850,1645,town
5002518325,"Dummerston town, Windham County, Vermont",1860,1021,town
5002518325,"Dummerston town, Windham County, Vermont",1870,916,town
5002518325,"Dummerston town, Windham County, Vermont",1880,816,town
5002518325,"Dummerston town, Windham County, Vermont",1890,860,town
5002518325,"Dummerston town, Windham County, Vermont",1900,728,town
5002518325,"Dummerston town, Windham County, Vermont",1910,643,town
5002518325,"Dummerston town, Windham County, Vermont",1920,570,town
5002518325,"Dummerston town, Windham County, Vermont",1930,604,town
5002518325,"Dummerston town, Windham County, Vermont",1940,615,town
5002518325,"Dummerston town, Windham County, Vermont",1950,790,town
5002518325,"Dummerston town, Windham County, Vermont",1960,872,town
5002518325,"Dummerston town, Windham County, Vermont",1970,1295,town
5002518325,"Dummerston town, Windham County, Vermont",1980,1574,town
5002518325,"Dummerston town, Windham County, Vermont",1990,1863,town
5002518325,"Dummerston town, Windham County, Vermont",2000,1915,town
5002518325,"Dummerston town, Windham County, Vermont",2010,1864,town
5002518325,"Dummerston town, Windham County, Vermont",2020,1865,town
5002318550,"Duxbury town, Washington County, Vermont",1791,39,town
5002318550,"Duxbury town, Washington County, Vermont",1800,153,town
5002318550,"Duxbury town, Washington County, Vermont",1810,326,town
5002318550,"Duxbury town, Washington County, Vermont",1820,440,town
5002318550,"Duxbury town, Washington County, Vermont",1830,652,town
5002318550,"Duxbury town, Washington County, Vermont",1840,820,town
5002318550,"Duxbury town, Washington County, Vermont",1850,895,town
5002318550,"Duxbury town, Washington County, Vermont",1860,1000,town
5002318550,"Duxbury town, Washington County, Vermont",1870,893,town
5002318550,"Duxbury town, Washington County, Vermont",1880,894,town
5002318550,"Duxbury town, Washington County, Vermont",1890,912,town
5002318550,"Duxbury town, Washington County, Vermont",1900,778,town
5002318550,"Duxbury town, Washington County, Vermont",1910,648,town
5002318550,"Duxbury town, Washington County, Vermont",1920,631,town
5002318550,"Duxbury town, Washington County, Vermont",1930,553,town
5002318550,"Duxbury town, Washington County, Vermont",1940,854,town
5002318550,"Duxbury town, Washington County, Vermont",1950,489,town
5002318550,"Duxbury town, Washington County, Vermont",1960,546,town
5002318550,"Duxbury town, Washington County, Vermont",1970,621,town
5002318550,"Duxbury town, Washington County, Vermont",1980,877,town
5002318550,"Duxbury town, Washington County, Vermont",1990,976,town
5002318550,"Duxbury town, Washington County, Vermont",2000,1289,town
5002318550,"Duxbury town, Washington County, Vermont",2010,1337,town
5002318550,"Duxbury town, Washington County, Vermont",2020,1413,town
5000921250,"East Haven town, Essex County, Vermont",1791,0,town
5000921250,"East Haven town, Essex County, Vermont",1800,0,town
5000921250,"East Haven town, Essex County, Vermont",1810,0,town
5000921250,"East Haven town, Essex County, Vermont",1820,0,town
5000921250,"East Haven town, Essex County, Vermont",1830,33,town
5000921250,"East Haven town, Essex County, Vermont",1840,79,town
5000921250,"East Haven town, Essex County, Vermont",1850,94,town
5000921250,"East Haven town, Essex County, Vermont",1860,136,town
5000921250,"East Haven town, Essex County, Vermont",1870,191,town
5000921250,"East Haven town, Essex County, Vermont",1880,225,town
5000921250,"East Haven town, Essex County, Vermont",1890,236,town
5000921250,"East Haven town, Essex County, Vermont",1900,171,town
5000921250,"East Haven town, Essex County, Vermont",1910,194,town
5000921250,"East Haven town, Essex County, Vermont",1920,148,town
5000921250,"East Haven town, Essex County, Vermont",1930,99,town
5000921250,"East Haven town, Essex County, Vermont",1940,92,town
5000921250,"East Haven town, Essex County, Vermont",1950,85,town
5000921250,"East Haven town, Essex County, Vermont",1960,164,town
5000921250,"East Haven town, Essex County, Vermont",1970,197,town
5000921250,"East Haven town, Essex County, Vermont",1980,280,town
5000921250,"East Haven town, Essex County, Vermont",1990,269,town
5000921250,"East Haven town, Essex County, Vermont",2000,301,town
5000921250,"East Haven town, Essex County, Vermont",2010,290,town
5000921250,"East Haven town, Essex County, Vermont",2020,270,town
5002321925,"East Montpelier town, Washington County, Vermont",1791,0,town
5002321925,"East Montpelier town, Washington County, Vermont",1800,0,town
5002321925,"East Montpelier town, Washington County, Vermont",1810,0,town
5002321925,"East Montpelier town, Washington County, Vermont",1820,0,town
5002321925,"East Montpelier town, Washington County, Vermont",1830,1156,town
5002321925,"East Montpelier town, Washington County, Vermont",1840,1092,town
5002321925,"East Montpelier town, Washington County, Vermont",1850,1447,town
5002321925,"East Montpelier town, Washington County, Vermont",1860,1328,town
5002321925,"East Montpelier town, Washington County, Vermont",1870,1130,town
5002321925,"East Montpelier town, Washington County, Vermont",1880,972,town
5002321925,"East Montpelier town, Washington County, Vermont",1890,953,town
5002321925,"East Montpelier town, Washington County, Vermont",1900,1061,town
5002321925,"East Montpelier town, Washington County, Vermont",1910,985,town
5002321925,"East Montpelier town, Washington County, Vermont",1920,918,town
5002321925,"East Montpelier town, Washington County, Vermont",1930,965,town
5002321925,"East Montpelier town, Washington County, Vermont",1940,1025,town
5002321925,"East Montpelier town, Washington County, Vermont",1950,1128,town
5002321925,"East Montpelier town, Washington County, Vermont",1960,1200,town
5002321925,"East Montpelier town, Washington County, Vermont",1970,1597,town
5002321925,"East Montpelier town, Washington County, Vermont",1980,2205,town
5002321925,"East Montpelier town, Washington County, Vermont",1990,2239,town
5002321925,"East Montpelier town, Washington County, Vermont",2000,2578,town
5002321925,"East Montpelier town, Washington County, Vermont",2010,2576,town
5002321925,"East Montpelier town, Washington County, Vermont",2020,2598,town
5001523500,"Eden town, Lamoille County, Vermont",1791,0,town
5001523500,"Eden town, Lamoille County, Vermont",1800,29,town
5001523500,"Eden town, Lamoille County, Vermont",1810,224,town
5001523500,"Eden town, Lamoille County, Vermont",1820,201,town
5001523500,"Eden town, Lamoille County, Vermont",1830,461,town
5001523500,"Eden town, Lamoille County, Vermont",1840,703,town
5001523500,"Eden town, Lamoille County, Vermont",1850,668,town
5001523500,"Eden town, Lamoille County, Vermont",1860,919,town
5001523500,"Eden town, Lamoille County, Vermont",1870,958,town
5001523500,"Eden town, Lamoille County, Vermont",1880,934,town
5001523500,"Eden town, Lamoille County, Vermont",1890,851,town
5001523500,"Eden town, Lamoille County, Vermont",1900,738,town
5001523500,"Eden town, Lamoille County, Vermont",1910,751,town
5001523500,"Eden town, Lamoille County, Vermont",1920,619,town
5001523500,"Eden town, Lamoille County, Vermont",1930,568,town
5001523500,"Eden town, Lamoille County, Vermont",1940,498,town
5001523500,"Eden town, Lamoille County, Vermont",1950,496,town
5001523500,"Eden town, Lamoille County, Vermont",1960,430,town
5001523500,"Eden town, Lamoille County, Vermont",1970,513,town
5001523500,"Eden town, Lamoille County, Vermont",1980,612,town
5001523500,"Eden town, Lamoille County, Vermont",1990,840,town
5001523500,"Eden town, Lamoille County, Vermont",2000,1152,town
5001523500,"Eden town, Lamoille County, Vermont",2010,1323,town
5001523500,"Eden town, Lamoille County, Vermont",2020,1338,town
5001523725,"Elmore town, Lamoille County, Vermont",1791,12,town
5001523725,"Elmore town, Lamoille County, Vermont",1800,45,town
5001523725,"Elmore town, Lamoille County, Vermont",1810,157,town
5001523725,"Elmore town, Lamoille County, Vermont",1820,164,town
5001523725,"Elmore town, Lamoille County, Vermont",1830,442,town
5001523725,"Elmore town, Lamoille County, Vermont",1840,476,town
5001523725,"Elmore town, Lamoille County, Vermont",1850,504,town
5001523725,"Elmore town, Lamoille County, Vermont",1860,602,town
5001523725,"Elmore town, Lamoille County, Vermont",1870,637,town
5001523725,"Elmore town, Lamoille County, Vermont",1880,682,town
5001523725,"Elmore town, Lamoille County, Vermont",1890,593,town
5001523725,"Elmore town, Lamoille County, Vermont",1900,550,town
5001523725,"Elmore town, Lamoille County, Vermont",1910,563,town
5001523725,"Elmore town, Lamoille County, Vermont",1920,468,town
5001523725,"Elmore town, Lamoille County, Vermont",1930,382,town
5001523725,"Elmore town, Lamoille County, Vermont",1940,300,town
5001523725,"Elmore town, Lamoille County, Vermont",1950,312,town
5001523725,"Elmore town, Lamoille County, Vermont",1960,237,town
5001523725,"Elmore town, Lamoille County, Vermont",1970,292,town
5001523725,"Elmore town, Lamoille County, Vermont",1980,421,town
5001523725,"Elmore town, Lamoille County, Vermont",1990,573,town
5001523725,"Elmore town, Lamoille County, Vermont",2000,849,town
5001523725,"Elmore town, Lamoille County, Vermont",2010,855,town
5001523725,"Elmore town, Lamoille County, Vermont",2020,886,town
5001124050,"Enosburgh town, Franklin County, Vermont",1791,0,town
5001124050,"Enosburgh town, Franklin County, Vermont",1800,143,town
5001124050,"Enosburgh town, Franklin County, Vermont",1810,704,town
5001124050,"Enosburgh town, Franklin County, Vermont",1820,932,town
5001124050,"Enosburgh town, Franklin County, Vermont",1830,1560,town
5001124050,"Enosburgh town, Franklin County, Vermont",1840,2022,town
5001124050,"Enosburgh town, Franklin County, Vermont",1850,2009,town
5001124050,"Enosburgh town, Franklin County, Vermont",1860,2066,town
5001124050,"Enosburgh town, Franklin County, Vermont",1870,2077,town
5001124050,"Enosburgh town, Franklin County, Vermont",1880,2213,town
5001124050,"Enosburgh town, Franklin County, Vermont",1890,2289,town
5001124050,"Enosburgh town, Franklin County, Vermont",1900,2054,town
5001124050,"Enosburgh town, Franklin County, Vermont",1910,2212,town
5001124050,"Enosburgh town, Franklin County, Vermont",1920,2231,town
5001124050,"Enosburgh town, Franklin County, Vermont",1930,2093,town
5001124050,"Enosburgh town, Franklin County, Vermont",1940,2082,town
5001124050,"Enosburgh town, Franklin County, Vermont",1950,2101,town
5001124050,"Enosburgh town, Franklin County, Vermont",1960,1966,town
5001124050,"Enosburgh town, Franklin County, Vermont",1970,1918,town
5001124050,"Enosburgh town, Franklin County, Vermont",1980,2070,town
5001124050,"Enosburgh town, Franklin County, Vermont",1990,2535,town
5001124050,"Enosburgh town, Franklin County, Vermont",2000,2788,town
5001124050,"Enosburgh town, Franklin County, Vermont",2010,2781,town
5001124050,"Enosburgh town, Franklin County, Vermont",2020,2810,town
5000724175,"Essex town, Chittenden County, Vermont",1791,354,town
5000724175,"Essex town, Chittenden County, Vermont",1800,729,town
5000724175,"Essex town, Chittenden County, Vermont",1810,957,town
5000724175,"Essex town, Chittenden County, Vermont",1820,1089,town
5000724175,"Essex town, Chittenden County, Vermont",1830,1664,town
5000724175,"Essex town, Chittenden County, Vermont",1840,1824,town
5000724175,"Essex town, Chittenden County, Vermont",1850,2052,town
5000724175,"Essex town, Chittenden County, Vermont",1860,1905,town
5000724175,"Essex town, Chittenden County, Vermont",1870,2022,town
5000724175,"Essex town, Chittenden County, Vermont",1880,2104,town
5000724175,"Essex town, Chittenden County, Vermont",1890,2013,town
5000724175,"Essex town, Chittenden County, Vermont",1900,2203,town
5000724175,"Essex town, Chittenden County, Vermont",1910,2714,town
5000724175,"Essex town, Chittenden County, Vermont",1920,2449,town
5000724175,"Essex town, Chittenden County, Vermont",1930,2876,town
5000724175,"Essex town, Chittenden County, Vermont",1940,3059,town
5000724175,"Essex town, Chittenden County, Vermont",1950,3931,town
5000724175,"Essex town, Chittenden County, Vermont",1960,7090,town
5000724175,"Essex town, Chittenden County, Vermont",1970,10951,town
5000724175,"Essex town, Chittenden County, Vermont",1980,14392,town
5000724175,"Essex town, Chittenden County, Vermont",1990,16498,town
5000724175,"Essex town, Chittenden County, Vermont",2000,18626,town
5000724175,"Essex town, Chittenden County, Vermont",2010,19587,town
5000724175,"Essex town, Chittenden County, Vermont",2020,22094,town
5002125375,"Fair Haven town, Rutland County, Vermont",1791,545,town
5002125375,"Fair Haven town, Rutland County, Vermont",1800,411,town
5002125375,"Fair Haven town, Rutland County, Vermont",1810,645,town
5002125375,"Fair Haven town, Rutland County, Vermont",1820,714,town
5002125375,"Fair Haven town, Rutland County, Vermont",1830,675,town
5002125375,"Fair Haven town, Rutland County, Vermont",1840,633,town
5002125375,"Fair Haven town, Rutland County, Vermont",1850,902,town
5002125375,"Fair Haven town, Rutland County, Vermont",1860,1378,town
5002125375,"Fair Haven town, Rutland County, Vermont",1870,2008,town
5002125375,"Fair Haven town, Rutland County, Vermont",1880,2211,town
5002125375,"Fair Haven town, Rutland County, Vermont",1890,2791,town
5002125375,"Fair Haven town, Rutland County, Vermont",1900,2999,town
5002125375,"Fair Haven town, Rutland County, Vermont",1910,3095,town
5002125375,"Fair Haven town, Rutland County, Vermont",1920,2540,town
5002125375,"Fair Haven town, Rutland County, Vermont",1930,2614,town
5002125375,"Fair Haven town, Rutland County, Vermont",1940,2245,town
5002125375,"Fair Haven town, Rutland County, Vermont",1950,2286,town
5002125375,"Fair Haven town, Rutland County, Vermont",1960,2378,town
5002125375,"Fair Haven town, Rutland County, Vermont",1970,2777,town
5002125375,"Fair Haven town, Rutland County, Vermont",1980,2819,town
5002125375,"Fair Haven town, Rutland County, Vermont",1990,2887,town
5002125375,"Fair Haven town, Rutland County, Vermont",2000,2928,town
5002125375,"Fair Haven town, Rutland County, Vermont",2010,2734,town
5002125375,"Fair Haven town, Rutland County, Vermont",2020,2736,town
5001124925,"Fairfax town, Franklin County, Vermont",1791,254,town
5001124925,"Fairfax town, Franklin County, Vermont",1800,786,town
5001124925,"Fairfax town, Franklin County, Vermont",1810,1301,town
5001124925,"Fairfax town, Franklin County, Vermont",1820,1359,town
5001124925,"Fairfax town, Franklin County, Vermont",1830,1729,town
5001124925,"Fairfax town, Franklin County, Vermont",1840,1918,town
5001124925,"Fairfax town, Franklin County, Vermont",1850,2111,town
5001124925,"Fairfax town, Franklin County, Vermont",1860,1987,town
5001124925,"Fairfax town, Franklin County, Vermont",1870,1956,town
5001124925,"Fairfax town, Franklin County, Vermont",1880,1820,town
5001124925,"Fairfax town, Franklin County, Vermont",1890,1523,town
5001124925,"Fairfax town, Franklin County, Vermont",1900,1338,town
5001124925,"Fairfax town, Franklin County, Vermont",1910,1318,town
5001124925,"Fairfax town, Franklin County, Vermont",1920,1244,town
5001124925,"Fairfax town, Franklin County, Vermont",1930,1249,town
5001124925,"Fairfax town, Franklin County, Vermont",1940,1229,town
5001124925,"Fairfax town, Franklin County, Vermont",1950,1129,town
5001124925,"Fairfax town, Franklin County, Vermont",1960,1244,town
5001124925,"Fairfax town, Franklin County, Vermont",1970,1366,town
5001124925,"Fairfax town, Franklin County, Vermont",1980,1805,town
5001124925,"Fairfax town, Franklin County, Vermont",1990,2486,town
5001124925,"Fairfax town, Franklin County, Vermont",2000,3765,town
5001124925,"Fairfax town, Franklin County, Vermont",2010,4285,town
5001124925,"Fairfax town, Franklin County, Vermont",2020,5014,town
5001125225,"Fairfield town, Franklin County, Vermont",1791,126,town
5001125225,"Fairfield town, Franklin County, Vermont",1800,901,town
5001125225,"Fairfield town, Franklin County, Vermont",1810,1618,town
5001125225,"Fairfield town, Franklin County, Vermont",1820,1573,town
5001125225,"Fairfield town, Franklin County, Vermont",1830,2270,town
5001125225,"Fairfield town, Franklin County, Vermont",1840,2448,town
5001125225,"Fairfield town, Franklin County, Vermont",1850,2591,town
5001125225,"Fairfield town, Franklin County, Vermont",1860,2497,town
5001125225,"Fairfield town, Franklin County, Vermont",1870,2391,town
5001125225,"Fairfield town, Franklin County, Vermont",1880,2172,town
5001125225,"Fairfield town, Franklin County, Vermont",1890,1825,town
5001125225,"Fairfield town, Franklin County, Vermont",1900,1830,town
5001125225,"Fairfield town, Franklin County, Vermont",1910,1778,town
5001125225,"Fairfield town, Franklin County, Vermont",1920,1632,town
5001125225,"Fairfield town, Franklin County, Vermont",1930,1541,town
5001125225,"Fairfield town, Franklin County, Vermont",1940,1444,town
5001125225,"Fairfield town, Franklin County, Vermont",1950,1428,town
5001125225,"Fairfield town, Franklin County, Vermont",1960,1225,town
5001125225,"Fairfield town, Franklin County, Vermont",1970,1285,town
5001125225,"Fairfield town, Franklin County, Vermont",1980,1493,town
5001125225,"Fairfield town, Franklin County, Vermont",1990,1680,town
5001125225,"Fairfield town, Franklin County, Vermont",2000,1800,town
5001125225,"Fairfield town, Franklin County, Vermont",2010,1891,town
5001125225,"Fairfield town, Franklin County, Vermont",2020,2044,town
5001725675,"Fairlee town, Orange County, Vermont",1791,463,town
5001725675,"Fairlee town, Orange County, Vermont",1800,386,town
5001725675,"Fairlee town, Orange County, Vermont",1810,983,town
5001725675,"Fairlee town, Orange County, Vermont",1820,1143,town
5001725675,"Fairlee town, Orange County, Vermont",1830,656,town
5001725675,"Fairlee town, Orange County, Vermont",1840,644,town
5001725675,"Fairlee town, Orange County, Vermont",1850,575,town
5001725675,"Fairlee town, Orange County, Vermont",1860,549,town
5001725675,"Fairlee town, Orange County, Vermont",1870,416,town
5001725675,"Fairlee town, Orange County, Vermont",1880,469,town
5001725675,"Fairlee town, Orange County, Vermont",1890,398,town
5001725675,"Fairlee town, Orange County, Vermont",1900,438,town
5001725675,"Fairlee town, Orange County, Vermont",1910,438,town
5001725675,"Fairlee town, Orange County, Vermont",1920,459,town
5001725675,"Fairlee town, Orange County, Vermont",1930,456,town
5001725675,"Fairlee town, Orange County, Vermont",1940,535,town
5001725675,"Fairlee town, Orange County, Vermont",1950,571,town
5001725675,"Fairlee town, Orange County, Vermont",1960,569,town
5001725675,"Fairlee town, Orange County, Vermont",1970,604,town
5001725675,"Fairlee town, Orange County, Vermont",1980,770,town
5001725675,"Fairlee town, Orange County, Vermont",1990,883,town
5001725675,"Fairlee town, Orange County, Vermont",2000,967,town
5001725675,"Fairlee town, Orange County, Vermont",2010,977,town
5001725675,"Fairlee town, Orange County, Vermont",2020,988,town
5002325825,"Fayston town, Washington County, Vermont",1791,0,town
5002325825,"Fayston town, Washington County, Vermont",1800,18,town
5002325825,"Fayston town, Washington County, Vermont",1810,149,town
5002325825,"Fayston town, Washington County, Vermont",1820,263,town
5002325825,"Fayston town, Washington County, Vermont",1830,458,town
5002325825,"Fayston town, Washington County, Vermont",1840,635,town
5002325825,"Fayston town, Washington County, Vermont",1850,684,town
5002325825,"Fayston town, Washington County, Vermont",1860,800,town
5002325825,"Fayston town, Washington County, Vermont",1870,694,town
5002325825,"Fayston town, Washington County, Vermont",1880,638,town
5002325825,"Fayston town, Washington County, Vermont",1890,533,town
5002325825,"Fayston town, Washington County, Vermont",1900,466,town
5002325825,"Fayston town, Washington County, Vermont",1910,452,town
5002325825,"Fayston town, Washington County, Vermont",1920,424,town
5002325825,"Fayston town, Washington County, Vermont",1930,318,town
5002325825,"Fayston town, Washington County, Vermont",1940,284,town
5002325825,"Fayston town, Washington County, Vermont",1950,172,town
5002325825,"Fayston town, Washington County, Vermont",1960,158,town
5002325825,"Fayston town, Washington County, Vermont",1970,292,town
5002325825,"Fayston town, Washington County, Vermont",1980,657,town
5002325825,"Fayston town, Washington County, Vermont",1990,846,town
5002325825,"Fayston town, Washington County, Vermont",2000,1141,town
5002325825,"Fayston town, Washington County, Vermont",2010,1353,town
5002325825,"Fayston town, Washington County, Vermont",2020,1364,town
5000925975,"Ferdinand town, Essex County, Vermont",1791,0,town
5000925975,"Ferdinand town, Essex County, Vermont",1800,0,town
5000925975,"Ferdinand town, Essex County, Vermont",1810,0,town
5000925975,"Ferdinand town, Essex County, Vermont",1820,0,town
5000925975,"Ferdinand town, Essex County, Vermont",1830,0,town
5000925975,"Ferdinand town, Essex County, Vermont",1840,0,town
5000925975,"Ferdinand town, Essex County, Vermont",1850,0,town
5000925975,"Ferdinand town, Essex County, Vermont",1860,34,town
5000925975,"Ferdinand town, Essex County, Vermont",1870,33,town
5000925975,"Ferdinand town, Essex County, Vermont",1880,40,town
5000925975,"Ferdinand town, Essex County, Vermont",1890,73,town
5000925975,"Ferdinand town, Essex County, Vermont",1900,41,town
5000925975,"Ferdinand town, Essex County, Vermont",1910,213,town
5000925975,"Ferdinand town, Essex County, Vermont",1920,106,town
5000925975,"Ferdinand town, Essex County, Vermont",1930,18,town
5000925975,"Ferdinand town, Essex County, Vermont",1940,17,town
5000925975,"Ferdinand town, Essex County, Vermont",1950,10,town
5000925975,"Ferdinand town, Essex County, Vermont",1960,16,town
5000925975,"Ferdinand town, Essex County, Vermont",1970,14,town
5000925975,"Ferdinand town, Essex County, Vermont",1980,12,town
5000925975,"Ferdinand town, Essex County, Vermont",1990,23,town
5000925975,"Ferdinand town, Essex County, Vermont",2000,33,town
5000925975,"Ferdinand town, Essex County, Vermont",2010,32,town
5000925975,"Ferdinand town, Essex County, Vermont",2020,16,town
5000126300,"Ferrisburgh town, Addison County, Vermont",1791,481,town
5000126300,"Ferrisburgh town, Addison County, Vermont",1800,956,town
5000126300,"Ferrisburgh town, Addison County, Vermont",1810,1647,town
5000126300,"Ferrisburgh town, Addison County, Vermont",1820,1581,town
5000126300,"Ferrisburgh town, Addison County, Vermont",1830,1822,town
5000126300,"Ferrisburgh town, Addison County, Vermont",1840,1755,town
5000126300,"Ferrisburgh town, Addison County, Vermont",1850,2075,town
5000126300,"Ferrisburgh town, Addison County, Vermont",1860,1738,town
5000126300,"Ferrisburgh town, Addison County, Vermont",1870,1768,town
5000126300,"Ferrisburgh town, Addison County, Vermont",1880,1684,town
5000126300,"Ferrisburgh town, Addison County, Vermont",1890,1601,town
5000126300,"Ferrisburgh town, Addison County, Vermont",1900,1619,town
5000126300,"Ferrisburgh town, Addison County, Vermont",1910,1433,town
5000126300,"Ferrisburgh town, Addison County, Vermont",1920,1338,town
5000126300,"Ferrisburgh town, Addison County, Vermont",1930,1285,town
5000126300,"Ferrisburgh town, Addison County, Vermont",1940,1347,town
5000126300,"Ferrisburgh town, Addison County, Vermont",1950,1387,town
5000126300,"Ferrisburgh town, Addison County, Vermont",1960,1426,town
5000126300,"Ferrisburgh town, Addison County, Vermont",1970,1875,town
5000126300,"Ferrisburgh town, Addison County, Vermont",1980,2117,town
5000126300,"Ferrisburgh town, Addison County, Vermont",1990,2317,town
5000126300,"Ferrisburgh town, Addison County, Vermont",2000,2657,town
5000126300,"Ferrisburgh town, Addison County, Vermont",2010,2775,town
5000126300,"Ferrisburgh town, Addison County, Vermont",2020,2646,town
5001126500,"Fletcher town, Franklin County, Vermont",1791,47,town
5001126500,"Fletcher town, Franklin County, Vermont",1800,200,town
5001126500,"Fletcher town, Franklin County, Vermont",1810,382,town
5001126500,"Fletcher town, Franklin County, Vermont",1820,497,town
5001126500,"Fletcher town, Franklin County, Vermont",1830,793,town
5001126500,"Fletcher town, Franklin County, Vermont",1840,1014,town
5001126500,"Fletcher town, Franklin County, Vermont",1850,1084,town
5001126500,"Fletcher town, Franklin County, Vermont",1860,916,town
5001126500,"Fletcher town, Franklin County, Vermont",1870,865,town
5001126500,"Fletcher town, Franklin County, Vermont",1880,868,town
5001126500,"Fletcher town, Franklin County, Vermont",1890,793,town
5001126500,"Fletcher town, Franklin County, Vermont",1900,750,town
5001126500,"Fletcher town, Franklin County, Vermont",1910,737,town
5001126500,"Fletcher town, Franklin County, Vermont",1920,656,town
5001126500,"Fletcher town, Franklin County, Vermont",1930,667,town
5001126500,"Fletcher town, Franklin County, Vermont",1940,549,town
5001126500,"Fletcher town, Franklin County, Vermont",1950,485,town
5001126500,"Fletcher town, Franklin County, Vermont",1960,399,town
5001126500,"Fletcher town, Franklin County, Vermont",1970,456,town
5001126500,"Fletcher town, Franklin County, Vermont",1980,626,town
5001126500,"Fletcher town, Franklin County, Vermont",1990,941,town
5001126500,"Fletcher town, Franklin County, Vermont",2000,1179,town
5001126500,"Fletcher town, Franklin County, Vermont",2010,1277,town
5001126500,"Fletcher town, Franklin County, Vermont",2020,1346,town
5001127100,"Franklin town, Franklin County, Vermont",1791,46,town
5001127100,"Franklin town, Franklin County, Vermont",1800,280,town
5001127100,"Franklin town, Franklin County, Vermont",1810,714,town
5001127100,"Franklin town, Franklin County, Vermont",1820,831,town
5001127100,"Franklin town, Franklin County, Vermont",1830,1129,town
5001127100,"Franklin town, Franklin County, Vermont",1840,1410,town
5001127100,"Franklin town, Franklin County, Vermont",1850,1646,town
5001127100,"Franklin town, Franklin County, Vermont",1860,1781,town
5001127100,"Franklin town, Franklin County, Vermont",1870,1612,town
5001127100,"Franklin town, Franklin County, Vermont",1880,1439,town
5001127100,"Franklin town, Franklin County, Vermont",1890,1300,town
5001127100,"Franklin town, Franklin County, Vermont",1900,1145,town
5001127100,"Franklin town, Franklin County, Vermont",1910,1108,town
5001127100,"Franklin town, Franklin County, Vermont",1920,994,town
5001127100,"Franklin town, Franklin County, Vermont",1930,1001,town
5001127100,"Franklin town, Franklin County, Vermont",1940,1021,town
5001127100,"Franklin town, Franklin County, Vermont",1950,878,town
5001127100,"Franklin town, Franklin County, Vermont",1960,796,town
5001127100,"Franklin town, Franklin County, Vermont",1970,821,town
5001127100,"Franklin town, Franklin County, Vermont",1980,1006,town
5001127100,"Franklin town, Franklin County, Vermont",1990,1068,town
5001127100,"Franklin town, Franklin County, Vermont",2000,1268,town
5001127100,"Franklin town, Franklin County, Vermont",2010,1405,town
5001127100,"Franklin town, Franklin County, Vermont",2020,1363,town
5001127700,"Georgia town, Franklin County, Vermont",1791,340,town
5001127700,"Georgia town, Franklin County, Vermont",1800,1068,town
5001127700,"Georgia town, Franklin County, Vermont",1810,1760,town
5001127700,"Georgia town, Franklin County, Vermont",1820,1703,town
5001127700,"Georgia town, Franklin County, Vermont",1830,1897,town
5001127700,"Georgia town, Franklin County, Vermont",1840,2106,town
5001127700,"Georgia town, Franklin County, Vermont",1850,2686,town
5001127700,"Georgia town, Franklin County, Vermont",1860,1547,town
5001127700,"Georgia town, Franklin County, Vermont",1870,1603,town
5001127700,"Georgia town, Franklin County, Vermont",1880,1504,town
5001127700,"Georgia town, Franklin County, Vermont",1890,1282,town
5001127700,"Georgia town, Franklin County, Vermont",1900,1280,town
5001127700,"Georgia town, Franklin County, Vermont",1910,1090,town
5001127700,"Georgia town, Franklin County, Vermont",1920,1075,town
5001127700,"Georgia town, Franklin County, Vermont",1930,1090,town
5001127700,"Georgia town, Franklin County, Vermont",1940,1008,town
5001127700,"Georgia town, Franklin County, Vermont",1950,1055,town
5001127700,"Georgia town, Franklin County, Vermont",1960,1079,town
5001127700,"Georgia town, Franklin County, Vermont",1970,1711,town
5001127700,"Georgia town, Franklin County, Vermont",1980,2818,town
5001127700,"Georgia town, Franklin County, Vermont",1990,3753,town
5001127700,"Georgia town, Franklin County, Vermont",2000,4375,town
5001127700,"Georgia town, Franklin County, Vermont",2010,4515,town
5001127700,"Georgia town, Franklin County, Vermont",2020,4845,town
5000327962,"Glastenbury town, Bennington County, Vermont",1791,34,town
5000327962,"Glastenbury town, Bennington County, Vermont",1800,48,town
5000327962,"Glastenbury town, Bennington County, Vermont",1810,76,town
5000327962,"Glastenbury town, Bennington County, Vermont",1820,48,town
5000327962,"Glastenbury town, Bennington County, Vermont",1830,59,town
5000327962,"Glastenbury town, Bennington County, Vermont",1840,53,town
5000327962,"Glastenbury town, Bennington County, Vermont",1850,52,town
5000327962,"Glastenbury town, Bennington County, Vermont",1860,47,town
5000327962,"Glastenbury town, Bennington County, Vermont",1870,119,town
5000327962,"Glastenbury town, Bennington County, Vermont",1880,241,town
5000327962,"Glastenbury town, Bennington County, Vermont",1890,181,town
5000327962,"Glastenbury town, Bennington County, Vermont",1900,48,town
5000327962,"Glastenbury town, Bennington County, Vermont",1910,29,town
5000327962,"Glastenbury town, Bennington County, Vermont",1920,40,town
5000327962,"Glastenbury town, Bennington County, Vermont",1930,7,town
5000327962,"Glastenbury town, Bennington County, Vermont",1940,4,town
5000327962,"Glastenbury town, Bennington County, Vermont",1950,1,town
5000327962,"Glastenbury town, Bennington County, Vermont",1960,0,town
5000327962,"Glastenbury town, Bennington County, Vermont",1970,0,town
5000327962,"Glastenbury town, Bennington County, Vermont",1980,3,town
5000327962,"Glastenbury town, Bennington County, Vermont",1990,7,town
5000327962,"Glastenbury town, Bennington County, Vermont",2000,16,town
5000327962,"Glastenbury town, Bennington County, Vermont",2010,8,town
5000327962,"Glastenbury town, Bennington County, Vermont",2020,9,town
5001928075,"Glover town, Orleans County, Vermont",1791,0,town
5001928075,"Glover town, Orleans County, Vermont",1800,35,town
5001928075,"Glover town, Orleans County, Vermont",1810,368,town
5001928075,"Glover town, Orleans County, Vermont",1820,549,town
5001928075,"Glover town, Orleans County, Vermont",1830,902,town
5001928075,"Glover town, Orleans County, Vermont",1840,1119,town
5001928075,"Glover town, Orleans County, Vermont",1850,1137,town
5001928075,"Glover town, Orleans County, Vermont",1860,1244,town
5001928075,"Glover town, Orleans County, Vermont",1870,1178,town
5001928075,"Glover town, Orleans County, Vermont",1880,1055,town
5001928075,"Glover town, Orleans County, Vermont",1890,970,town
5001928075,"Glover town, Orleans County, Vermont",1900,891,town
5001928075,"Glover town, Orleans County, Vermont",1910,932,town
5001928075,"Glover town, Orleans County, Vermont",1920,826,town
5001928075,"Glover town, Orleans County, Vermont",1930,860,town
5001928075,"Glover town, Orleans County, Vermont",1940,788,town
5001928075,"Glover town, Orleans County, Vermont",1950,727,town
5001928075,"Glover town, Orleans County, Vermont",1960,683,town
5001928075,"Glover town, Orleans County, Vermont",1970,649,town
5001928075,"Glover town, Orleans County, Vermont",1980,843,town
5001928075,"Glover town, Orleans County, Vermont",1990,820,town
5001928075,"Glover town, Orleans County, Vermont",2000,966,town
5001928075,"Glover town, Orleans County, Vermont",2010,1122,town
5001928075,"Glover town, Orleans County, Vermont",2020,1114,town
5000128600,"Goshen town, Addison County, Vermont",1791,0,town
5000128600,"Goshen town, Addison County, Vermont",1800,4,town
5000128600,"Goshen town, Addison County, Vermont",1810,86,town
5000128600,"Goshen town, Addison County, Vermont",1820,290,town
5000128600,"Goshen town, Addison County, Vermont",1830,555,town
5000128600,"Goshen town, Addison County, Vermont",1840,621,town
5000128600,"Goshen town, Addison County, Vermont",1850,486,town
5000128600,"Goshen town, Addison County, Vermont",1860,394,town
5000128600,"Goshen town, Addison County, Vermont",1870,330,town
5000128600,"Goshen town, Addison County, Vermont",1880,326,town
5000128600,"Goshen town, Addison County, Vermont",1890,311,town
5000128600,"Goshen town, Addison County, Vermont",1900,286,town
5000128600,"Goshen town, Addison County, Vermont",1910,212,town
5000128600,"Goshen town, Addison County, Vermont",1920,131,town
5000128600,"Goshen town, Addison County, Vermont",1930,84,town
5000128600,"Goshen town, Addison County, Vermont",1940,83,town
5000128600,"Goshen town, Addison County, Vermont",1950,94,town
5000128600,"Goshen town, Addison County, Vermont",1960,76,town
5000128600,"Goshen town, Addison County, Vermont",1970,120,town
5000128600,"Goshen town, Addison County, Vermont",1980,163,town
5000128600,"Goshen town, Addison County, Vermont",1990,226,town
5000128600,"Goshen town, Addison County, Vermont",2000,227,town
5000128600,"Goshen town, Addison County, Vermont",2010,164,town
5000128600,"Goshen town, Addison County, Vermont",2020,172,town
5002528900,"Grafton town, Windham County, Vermont",1791,0,town
5002528900,"Grafton town, Windham County, Vermont",1800,1149,town
5002528900,"Grafton town, Windham County, Vermont",1810,1365,town
5002528900,"Grafton town, Windham County, Vermont",1820,1482,town
5002528900,"Grafton town, Windham County, Vermont",1830,1439,town
5002528900,"Grafton town, Windham County, Vermont",1840,1326,town
5002528900,"Grafton town, Windham County, Vermont",1850,1241,town
5002528900,"Grafton town, Windham County, Vermont",1860,1154,town
5002528900,"Grafton town, Windham County, Vermont",1870,1008,town
5002528900,"Grafton town, Windham County, Vermont",1880,929,town
5002528900,"Grafton town, Windham County, Vermont",1890,817,town
5002528900,"Grafton town, Windham County, Vermont",1900,804,town
5002528900,"Grafton town, Windham County, Vermont",1910,729,town
5002528900,"Grafton town, Windham County, Vermont",1920,476,town
5002528900,"Grafton town, Windham County, Vermont",1930,453,town
5002528900,"Grafton town, Windham County, Vermont",1940,393,town
5002528900,"Grafton town, Windham County, Vermont",1950,422,town
5002528900,"Grafton town, Windham County, Vermont",1960,426,town
5002528900,"Grafton town, Windham County, Vermont",1970,465,town
5002528900,"Grafton town, Windham County, Vermont",1980,604,town
5002528900,"Grafton town, Windham County, Vermont",1990,602,town
5002528900,"Grafton town, Windham County, Vermont",2000,649,town
5002528900,"Grafton town, Windham County, Vermont",2010,679,town
5002528900,"Grafton town, Windham County, Vermont",2020,645,town
5000929125,"Granby town, Essex County, Vermont",1791,0,town
5000929125,"Granby town, Essex County, Vermont",1800,69,town
5000929125,"Granby town, Essex County, Vermont",1810,30,town
5000929125,"Granby town, Essex County, Vermont",1820,49,town
5000929125,"Granby town, Essex County, Vermont",1830,97,town
5000929125,"Granby town, Essex County, Vermont",1840,105,town
5000929125,"Granby town, Essex County, Vermont",1850,127,town
5000929125,"Granby town, Essex County, Vermont",1860,132,town
5000929125,"Granby town, Essex County, Vermont",1870,174,town
5000929125,"Granby town, Essex County, Vermont",1880,194,town
5000929125,"Granby town, Essex County, Vermont",1890,361,town
5000929125,"Granby town, Essex County, Vermont",1900,182,town
5000929125,"Granby town, Essex County, Vermont",1910,95,town
5000929125,"Granby town, Essex County, Vermont",1920,70,town
5000929125,"Granby town, Essex County, Vermont",1930,69,town
5000929125,"Granby town, Essex County, Vermont",1940,76,town
5000929125,"Granby town, Essex County, Vermont",1950,74,town
5000929125,"Granby town, Essex County, Vermont",1960,56,town
5000929125,"Granby town, Essex County, Vermont",1970,52,town
5000929125,"Granby town, Essex County, Vermont",1980,70,town
5000929125,"Granby town, Essex County, Vermont",1990,85,town
5000929125,"Granby town, Essex County, Vermont",2000,86,town
5000929125,"Granby town, Essex County, Vermont",2010,88,town
5000929125,"Granby town, Essex County, Vermont",2020,81,town
5001329275,"Grand Isle town, Grand Isle County, Vermont",1791,0,town
5001329275,"Grand Isle town, Grand Isle County, Vermont",1800,0,town
5001329275,"Grand Isle town, Grand Isle County, Vermont",1810,338,town
5001329275,"Grand Isle town, Grand Isle County, Vermont",1820,698,town
5001329275,"Grand Isle town, Grand Isle County, Vermont",1830,642,town
5001329275,"Grand Isle town, Grand Isle County, Vermont",1840,724,town
5001329275,"Grand Isle town, Grand Isle County, Vermont",1850,666,town
5001329275,"Grand Isle town, Grand Isle County, Vermont",1860,708,town
5001329275,"Grand Isle town, Grand Isle County, Vermont",1870,682,town
5001329275,"Grand Isle town, Grand Isle County, Vermont",1880,749,town
5001329275,"Grand Isle town, Grand Isle County, Vermont",1890,793,town
5001329275,"Grand Isle town, Grand Isle County, Vermont",1900,851,town
5001329275,"Grand Isle town, Grand Isle County, Vermont",1910,839,town
5001329275,"Grand Isle town, Grand Isle County, Vermont",1920,808,town
5001329275,"Grand Isle town, Grand Isle County, Vermont",1930,857,town
5001329275,"Grand Isle town, Grand Isle County, Vermont",1940,791,town
5001329275,"Grand Isle town, Grand Isle County, Vermont",1950,735,town
5001329275,"Grand Isle town, Grand Isle County, Vermont",1960,624,town
5001329275,"Grand Isle town, Grand Isle County, Vermont",1970,809,town
5001329275,"Grand Isle town, Grand Isle County, Vermont",1980,1238,town
5001329275,"Grand Isle town, Grand Isle County, Vermont",1990,1642,town
5001329275,"Grand Isle town, Grand Isle County, Vermont",2000,1955,town
5001329275,"Grand Isle town, Grand Isle County, Vermont",2010,2067,town
5001329275,"Grand Isle town, Grand Isle County, Vermont",2020,2086,town
5000129575,"Granville town, Addison County, Vermont",1791,101,town
5000129575,"Granville town, Addison County, Vermont",1800,185,town
5000129575,"Granville town, Addison County, Vermont",1810,326,town
5000129575,"Granville town, Addison County, Vermont",1820,328,town
5000129575,"Granville town, Addison County, Vermont",1830,403,town
5000129575,"Granville town, Addison County, Vermont",1840,545,town
5000129575,"Granville town, Addison County, Vermont",1850,603,town
5000129575,"Granville town, Addison County, Vermont",1860,720,town
5000129575,"Granville town, Addison County, Vermont",1870,726,town
5000129575,"Granville town, Addison County, Vermont",1880,830,town
5000129575,"Granville town, Addison County, Vermont",1890,637,town
5000129575,"Granville town, Addison County, Vermont",1900,544,town
5000129575,"Granville town, Addison County, Vermont",1910,464,town
5000129575,"Granville town, Addison County, Vermont",1920,393,town
5000129575,"Granville town, Addison County, Vermont",1930,280,town
5000129575,"Granville town, Addison County, Vermont",1940,247,town
5000129575,"Granville town, Addison County, Vermont",1950,213,town
5000129575,"Granville town, Addison County, Vermont",1960,215,town
5000129575,"Granville town, Addison County, Vermont",1970,255,town
5000129575,"Granville town, Addison County, Vermont",1980,288,town
5000129575,"Granville town, Addison County, Vermont",1990,309,town
5000129575,"Granville town, Addison County, Vermont",2000,303,town
5000129575,"Granville town, Addison County, Vermont",2010,298,town
5000129575,"Granville town, Addison County, Vermont",2020,301,town
5001930175,"Greensboro town, Orleans County, Vermont",1791,19,town
5001930175,"Greensboro town, Orleans County, Vermont",1800,280,town
5001930175,"Greensboro town, Orleans County, Vermont",1810,566,town
5001930175,"Greensboro town, Orleans County, Vermont",1820,625,town
5001930175,"Greensboro town, Orleans County, Vermont",1830,784,town
5001930175,"Greensboro town, Orleans County, Vermont",1840,883,town
5001930175,"Greensboro town, Orleans County, Vermont",1850,1008,town
5001930175,"Greensboro town, Orleans County, Vermont",1860,1065,town
5001930175,"Greensboro town, Orleans County, Vermont",1870,1027,town
5001930175,"Greensboro town, Orleans County, Vermont",1880,1061,town
5001930175,"Greensboro town, Orleans County, Vermont",1890,918,town
5001930175,"Greensboro town, Orleans County, Vermont",1900,874,town
5001930175,"Greensboro town, Orleans County, Vermont",1910,931,town
5001930175,"Greensboro town, Orleans County, Vermont",1920,906,town
5001930175,"Greensboro town, Orleans County, Vermont",1930,831,town
5001930175,"Greensboro town, Orleans County, Vermont",1940,768,town
5001930175,"Greensboro town, Orleans County, Vermont",1950,737,town
5001930175,"Greensboro town, Orleans County, Vermont",1960,600,town
5001930175,"Greensboro town, Orleans County, Vermont",1970,593,town
5001930175,"Greensboro town, Orleans County, Vermont",1980,677,town
5001930175,"Greensboro town, Orleans County, Vermont",1990,717,town
5001930175,"Greensboro town, Orleans County, Vermont",2000,770,town
5001930175,"Greensboro town, Orleans County, Vermont",2010,762,town
5001930175,"Greensboro town, Orleans County, Vermont",2020,811,town
5000530550,"Groton town, Caledonia County, Vermont",1791,45,town
5000530550,"Groton town, Caledonia County, Vermont",1800,248,town
5000530550,"Groton town, Caledonia County, Vermont",1810,449,town
5000530550,"Groton town, Caledonia County, Vermont",1820,595,town
5000530550,"Groton town, Caledonia County, Vermont",1830,836,town
5000530550,"Groton town, Caledonia County, Vermont",1840,928,town
5000530550,"Groton town, Caledonia County, Vermont",1850,893,town
5000530550,"Groton town, Caledonia County, Vermont",1860,939,town
5000530550,"Groton town, Caledonia County, Vermont",1870,811,town
5000530550,"Groton town, Caledonia County, Vermont",1880,1014,town
5000530550,"Groton town, Caledonia County, Vermont",1890,1040,town
5000530550,"Groton town, Caledonia County, Vermont",1900,1059,town
5000530550,"Groton town, Caledonia County, Vermont",1910,915,town
5000530550,"Groton town, Caledonia County, Vermont",1920,902,town
5000530550,"Groton town, Caledonia County, Vermont",1930,803,town
5000530550,"Groton town, Caledonia County, Vermont",1940,764,town
5000530550,"Groton town, Caledonia County, Vermont",1950,712,town
5000530550,"Groton town, Caledonia County, Vermont",1960,631,town
5000530550,"Groton town, Caledonia County, Vermont",1970,666,town
5000530550,"Groton town, Caledonia County, Vermont",1980,667,town
5000530550,"Groton town, Caledonia County, Vermont",1990,862,town
5000530550,"Groton town, Caledonia County, Vermont",2000,876,town
5000530550,"Groton town, Caledonia County, Vermont",2010,1022,town
5000530550,"Groton town, Caledonia County, Vermont",2020,984,town
5000930775,"Guildhall town, Essex County, Vermont",1791,158,town
5000930775,"Guildhall town, Essex County, Vermont",1800,296,town
5000930775,"Guildhall town, Essex County, Vermont",1810,120,town
5000930775,"Guildhall town, Essex County, Vermont",1820,529,town
5000930775,"Guildhall town, Essex County, Vermont",1830,481,town
5000930775,"Guildhall town, Essex County, Vermont",1840,470,town
5000930775,"Guildhall town, Essex County, Vermont",1850,501,town
5000930775,"Guildhall town, Essex County, Vermont",1860,552,town
5000930775,"Guildhall town, Essex County, Vermont",1870,483,town
5000930775,"Guildhall town, Essex County, Vermont",1880,558,town
5000930775,"Guildhall town, Essex County, Vermont",1890,511,town
5000930775,"Guildhall town, Essex County, Vermont",1900,455,town
5000930775,"Guildhall town, Essex County, Vermont",1910,445,town
5000930775,"Guildhall town, Essex County, Vermont",1920,376,town
5000930775,"Guildhall town, Essex County, Vermont",1930,351,town
5000930775,"Guildhall town, Essex County, Vermont",1940,313,town
5000930775,"Guildhall town, Essex County, Vermont",1950,270,town
5000930775,"Guildhall town, Essex County, Vermont",1960,248,town
5000930775,"Guildhall town, Essex County, Vermont",1970,169,town
5000930775,"Guildhall town, Essex County, Vermont",1980,202,town
5000930775,"Guildhall town, Essex County, Vermont",1990,270,town
5000930775,"Guildhall town, Essex County, Vermont",2000,268,town
5000930775,"Guildhall town, Essex County, Vermont",2010,261,town
5000930775,"Guildhall town, Essex County, Vermont",2020,262,town
5002530925,"Guilford town, Windham County, Vermont",1791,2422,town
5002530925,"Guilford town, Windham County, Vermont",1800,2257,town
5002530925,"Guilford town, Windham County, Vermont",1810,1872,town
5002530925,"Guilford town, Windham County, Vermont",1820,1862,town
5002530925,"Guilford town, Windham County, Vermont",1830,1760,town
5002530925,"Guilford town, Windham County, Vermont",1840,1523,town
5002530925,"Guilford town, Windham County, Vermont",1850,1389,town
5002530925,"Guilford town, Windham County, Vermont",1860,1291,town
5002530925,"Guilford town, Windham County, Vermont",1870,1277,town
5002530925,"Guilford town, Windham County, Vermont",1880,1096,town
5002530925,"Guilford town, Windham County, Vermont",1890,870,town
5002530925,"Guilford town, Windham County, Vermont",1900,782,town
5002530925,"Guilford town, Windham County, Vermont",1910,769,town
5002530925,"Guilford town, Windham County, Vermont",1920,684,town
5002530925,"Guilford town, Windham County, Vermont",1930,663,town
5002530925,"Guilford town, Windham County, Vermont",1940,686,town
5002530925,"Guilford town, Windham County, Vermont",1950,796,town
5002530925,"Guilford town, Windham County, Vermont",1960,823,town
5002530925,"Guilford town, Windham County, Vermont",1970,1108,town
5002530925,"Guilford town, Windham County, Vermont",1980,1532,town
5002530925,"Guilford town, Windham County, Vermont",1990,1941,town
5002530925,"Guilford town, Windham County, Vermont",2000,2046,town
5002530925,"Guilford town, Windham County, Vermont",2010,2121,town
5002530925,"Guilford town, Windham County, Vermont",2020,2120,town
5002531150,"Halifax town, Windham County, Vermont",1791,1209,town
5002531150,"Halifax town, Windham County, Vermont",1800,1600,town
5002531150,"Halifax town, Windham County, Vermont",1810,1758,town
5002531150,"Halifax town, Windham County, Vermont",1820,1567,town
5002531150,"Halifax town, Windham County, Vermont",1830,1552,town
5002531150,"Halifax town, Windham County, Vermont",1840,1399,town
5002531150,"Halifax town, Windham County, Vermont",1850,1133,town
5002531150,"Halifax town, Windham County, Vermont",1860,1125,town
5002531150,"Halifax town, Windham County, Vermont",1870,1029,town
5002531150,"Halifax town, Windham County, Vermont",1880,852,town
5002531150,"Halifax town, Windham County, Vermont",1890,702,town
5002531150,"Halifax town, Windham County, Vermont",1900,662,town
5002531150,"Halifax town, Windham County, Vermont",1910,635,town
5002531150,"Halifax town, Windham County, Vermont",1920,504,town
5002531150,"Halifax town, Windham County, Vermont",1930,390,town
5002531150,"Halifax town, Windham County, Vermont",1940,353,town
5002531150,"Halifax town, Windham County, Vermont",1950,343,town
5002531150,"Halifax town, Windham County, Vermont",1960,268,town
5002531150,"Halifax town, Windham County, Vermont",1970,295,town
5002531150,"Halifax town, Windham County, Vermont",1980,488,town
5002531150,"Halifax town, Windham County, Vermont",1990,588,town
5002531150,"Halifax town, Windham County, Vermont",2000,782,town
5002531150,"Halifax town, Windham County, Vermont",2010,728,town
5002531150,"Halifax town, Windham County, Vermont",2020,771,town
5000131525,"Hancock town, Addison County, Vermont",1791,56,town
5000131525,"Hancock town, Addison County, Vermont",1800,149,town
5000131525,"Hancock town, Addison County, Vermont",1810,311,town
5000131525,"Hancock town, Addison County, Vermont",1820,548,town
5000131525,"Hancock town, Addison County, Vermont",1830,472,town
5000131525,"Hancock town, Addison County, Vermont",1840,465,town
5000131525,"Hancock town, Addison County, Vermont",1850,430,town
5000131525,"Hancock town, Addison County, Vermont",1860,448,town
5000131525,"Hancock town, Addison County, Vermont",1870,430,town
5000131525,"Hancock town, Addison County, Vermont",1880,382,town
5000131525,"Hancock town, Addison County, Vermont",1890,283,town
5000131525,"Hancock town, Addison County, Vermont",1900,253,town
5000131525,"Hancock town, Addison County, Vermont",1910,287,town
5000131525,"Hancock town, Addison County, Vermont",1920,300,town
5000131525,"Hancock town, Addison County, Vermont",1930,303,town
5000131525,"Hancock town, Addison County, Vermont",1940,371,town
5000131525,"Hancock town, Addison County, Vermont",1950,391,town
5000131525,"Hancock town, Addison County, Vermont",1960,323,town
5000131525,"Hancock town, Addison County, Vermont",1970,283,town
5000131525,"Hancock town, Addison County, Vermont",1980,334,town
5000131525,"Hancock town, Addison County, Vermont",1990,340,town
5000131525,"Hancock town, Addison County, Vermont",2000,382,town
5000131525,"Hancock town, Addison County, Vermont",2010,323,town
5000131525,"Hancock town, Addison County, Vermont",2020,359,town
5000531825,"Hardwick town, Caledonia County, Vermont",1791,3,town
5000531825,"Hardwick town, Caledonia County, Vermont",1800,260,town
5000531825,"Hardwick town, Caledonia County, Vermont",1810,735,town
5000531825,"Hardwick town, Caledonia County, Vermont",1820,867,town
5000531825,"Hardwick town, Caledonia County, Vermont",1830,1216,town
5000531825,"Hardwick town, Caledonia County, Vermont",1840,1354,town
5000531825,"Hardwick town, Caledonia County, Vermont",1850,1402,town
5000531825,"Hardwick town, Caledonia County, Vermont",1860,1369,town
5000531825,"Hardwick town, Caledonia County, Vermont",1870,1519,town
5000531825,"Hardwick town, Caledonia County, Vermont",1880,1484,town
5000531825,"Hardwick town, Caledonia County, Vermont",1890,1547,town
5000531825,"Hardwick town, Caledonia County, Vermont",1900,2466,town
5000531825,"Hardwick town, Caledonia County, Vermont",1910,3201,town
5000531825,"Hardwick town, Caledonia County, Vermont",1920,2641,town
5000531825,"Hardwick town, Caledonia County, Vermont",1930,2720,town
5000531825,"Hardwick town, Caledonia County, Vermont",1940,2605,town
5000531825,"Hardwick town, Caledonia County, Vermont",1950,2629,town
5000531825,"Hardwick town, Caledonia County, Vermont",1960,2349,town
5000531825,"Hardwick town, Caledonia County, Vermont",1970,2466,town
5000531825,"Hardwick town, Caledonia County, Vermont",1980,2613,town
5000531825,"Hardwick town, Caledonia County, Vermont",1990,2964,town
5000531825,"Hardwick town, Caledonia County, Vermont",2000,3174,town
5000531825,"Hardwick town, Caledonia County, Vermont",2010,3010,town
5000531825,"Hardwick town, Caledonia County, Vermont",2020,2920,town
5002732275,"Hartford town, Windsor County, Vermont",1791,988,town
5002732275,"Hartford town, Windsor County, Vermont",1800,1494,town
5002732275,"Hartford town, Windsor County, Vermont",1810,1831,town
5002732275,"Hartford town, Windsor County, Vermont",1820,2010,town
5002732275,"Hartford town, Windsor County, Vermont",1830,2044,town
5002732275,"Hartford town, Windsor County, Vermont",1840,2341,town
5002732275,"Hartford town, Windsor County, Vermont",1850,2159,town
5002732275,"Hartford town, Windsor County, Vermont",1860,2396,town
5002732275,"Hartford town, Windsor County, Vermont",1870,2480,town
5002732275,"Hartford town, Windsor County, Vermont",1880,2954,town
5002732275,"Hartford town, Windsor County, Vermont",1890,3740,town
5002732275,"Hartford town, Windsor County, Vermont",1900,3817,town
5002732275,"Hartford town, Windsor County, Vermont",1910,4179,town
5002732275,"Hartford town, Windsor County, Vermont",1920,4739,town
5002732275,"Hartford town, Windsor County, Vermont",1930,4888,town
5002732275,"Hartford town, Windsor County, Vermont",1940,4978,town
5002732275,"Hartford town, Windsor County, Vermont",1950,5827,town
5002732275,"Hartford town, Windsor County, Vermont",1960,6355,town
5002732275,"Hartford town, Windsor County, Vermont",1970,6477,town
5002732275,"Hartford town, Windsor County, Vermont",1980,7963,town
5002732275,"Hartford town, Windsor County, Vermont",1990,9404,town
5002732275,"Hartford town, Windsor County, Vermont",2000,10367,town
5002732275,"Hartford town, Windsor County, Vermont",2010,9952,town
5002732275,"Hartford town, Windsor County, Vermont",2020,10686,town
5002732425,"Hartland town, Windsor County, Vermont",1791,1552,town
5002732425,"Hartland town, Windsor County, Vermont",1800,1960,town
5002732425,"Hartland town, Windsor County, Vermont",1810,2352,town
5002732425,"Hartland town, Windsor County, Vermont",1820,2553,town
5002732425,"Hartland town, Windsor County, Vermont",1830,2503,town
5002732425,"Hartland town, Windsor County, Vermont",1840,2194,town
5002732425,"Hartland town, Windsor County, Vermont",1850,2063,town
5002732425,"Hartland town, Windsor County, Vermont",1860,1748,town
5002732425,"Hartland town, Windsor County, Vermont",1870,1710,town
5002732425,"Hartland town, Windsor County, Vermont",1880,1598,town
5002732425,"Hartland town, Windsor County, Vermont",1890,1393,town
5002732425,"Hartland town, Windsor County, Vermont",1900,1340,town
5002732425,"Hartland town, Windsor County, Vermont",1910,1316,town
5002732425,"Hartland town, Windsor County, Vermont",1920,1212,town
5002732425,"Hartland town, Windsor County, Vermont",1930,1266,town
5002732425,"Hartland town, Windsor County, Vermont",1940,1306,town
5002732425,"Hartland town, Windsor County, Vermont",1950,1559,town
5002732425,"Hartland town, Windsor County, Vermont",1960,1592,town
5002732425,"Hartland town, Windsor County, Vermont",1970,1806,town
5002732425,"Hartland town, Windsor County, Vermont",1980,2396,town
5002732425,"Hartland town, Windsor County, Vermont",1990,2988,town
5002732425,"Hartland town, Windsor County, Vermont",2000,3223,town
5002732425,"Hartland town, Windsor County, Vermont",2010,3393,town
5002732425,"Hartland town, Windsor County, Vermont",2020,3446,town
5001133025,"Highgate town, Franklin County, Vermont",1791,103,town
5001133025,"Highgate town, Franklin County, Vermont",1800,437,town
5001133025,"Highgate town, Franklin County, Vermont",1810,1374,town
5001133025,"Highgate town, Franklin County, Vermont",1820,1250,town
5001133025,"Highgate town, Franklin County, Vermont",1830,2038,town
5001133025,"Highgate town, Franklin County, Vermont",1840,2292,town
5001133025,"Highgate town, Franklin County, Vermont",1850,2653,town
5001133025,"Highgate town, Franklin County, Vermont",1860,2526,town
5001133025,"Highgate town, Franklin County, Vermont",1870,2260,town
5001133025,"Highgate town, Franklin County, Vermont",1880,2088,town
5001133025,"Highgate town, Franklin County, Vermont",1890,1853,town
5001133025,"Highgate town, Franklin County, Vermont",1900,1980,town
5001133025,"Highgate town, Franklin County, Vermont",1910,1758,town
5001133025,"Highgate town, Franklin County, Vermont",1920,1528,town
5001133025,"Highgate town, Franklin County, Vermont",1930,1574,town
5001133025,"Highgate town, Franklin County, Vermont",1940,1647,town
5001133025,"Highgate town, Franklin County, Vermont",1950,1681,town
5001133025,"Highgate town, Franklin County, Vermont",1960,1608,town
5001133025,"Highgate town, Franklin County, Vermont",1970,1936,town
5001133025,"Highgate town, Franklin County, Vermont",1980,2493,town
5001133025,"Highgate town, Franklin County, Vermont",1990,3020,town
5001133025,"Highgate town, Franklin County, Vermont",2000,3397,town
5001133025,"Highgate town, Franklin County, Vermont",2010,3535,town
5001133025,"Highgate town, Franklin County, Vermont",2020,3472,town
5000733475,"Hinesburg town, Chittenden County, Vermont",1791,454,town
5000733475,"Hinesburg town, Chittenden County, Vermont",1800,933,town
5000733475,"Hinesburg town, Chittenden County, Vermont",1810,1238,town
5000733475,"Hinesburg town, Chittenden County, Vermont",1820,1332,town
5000733475,"Hinesburg town, Chittenden County, Vermont",1830,1669,town
5000733475,"Hinesburg town, Chittenden County, Vermont",1840,1682,town
5000733475,"Hinesburg town, Chittenden County, Vermont",1850,1834,town
5000733475,"Hinesburg town, Chittenden County, Vermont",1860,1702,town
5000733475,"Hinesburg town, Chittenden County, Vermont",1870,1573,town
5000733475,"Hinesburg town, Chittenden County, Vermont",1880,1330,town
5000733475,"Hinesburg town, Chittenden County, Vermont",1890,1205,town
5000733475,"Hinesburg town, Chittenden County, Vermont",1900,1216,town
5000733475,"Hinesburg town, Chittenden County, Vermont",1910,1042,town
5000733475,"Hinesburg town, Chittenden County, Vermont",1920,964,town
5000733475,"Hinesburg town, Chittenden County, Vermont",1930,1019,town
5000733475,"Hinesburg town, Chittenden County, Vermont",1940,1000,town
5000733475,"Hinesburg town, Chittenden County, Vermont",1950,1120,town
5000733475,"Hinesburg town, Chittenden County, Vermont",1960,1180,town
5000733475,"Hinesburg town, Chittenden County, Vermont",1970,1775,town
5000733475,"Hinesburg town, Chittenden County, Vermont",1980,2690,town
5000733475,"Hinesburg town, Chittenden County, Vermont",1990,3780,town
5000733475,"Hinesburg town, Chittenden County, Vermont",2000,4340,town
5000733475,"Hinesburg town, Chittenden County, Vermont",2010,4396,town
5000733475,"Hinesburg town, Chittenden County, Vermont",2020,4698,town
5001933775,"Holland town, Orleans County, Vermont",1791,0,town
5001933775,"Holland town, Orleans County, Vermont",1800,0,town
5001933775,"Holland town, Orleans County, Vermont",1810,126,town
5001933775,"Holland town, Orleans County, Vermont",1820,100,town
5001933775,"Holland town, Orleans County, Vermont",1830,422,town
5001933775,"Holland town, Orleans County, Vermont",1840,605,town
5001933775,"Holland town, Orleans County, Vermont",1850,669,town
5001933775,"Holland town, Orleans County, Vermont",1860,748,town
5001933775,"Holland town, Orleans County, Vermont",1870,881,town
5001933775,"Holland town, Orleans County, Vermont",1880,913,town
5001933775,"Holland town, Orleans County, Vermont",1890,878,town
5001933775,"Holland town, Orleans County, Vermont",1900,838,town
5001933775,"Holland town, Orleans County, Vermont",1910,722,town
5001933775,"Holland town, Orleans County, Vermont",1920,714,town
5001933775,"Holland town, Orleans County, Vermont",1930,560,town
5001933775,"Holland town, Orleans County, Vermont",1940,533,town
5001933775,"Holland town, Orleans County, Vermont",1950,406,town
5001933775,"Holland town, Orleans County, Vermont",1960,376,town
5001933775,"Holland town, Orleans County, Vermont",1970,383,town
5001933775,"Holland town, Orleans County, Vermont",1980,473,town
5001933775,"Holland town, Orleans County, Vermont",1990,423,town
5001933775,"Holland town, Orleans County, Vermont",2000,588,town
5001933775,"Holland town, Orleans County, Vermont",2010,629,town
5001933775,"Holland town, Orleans County, Vermont",2020,632,town
5002134450,"Hubbardton town, Rutland County, Vermont",1791,410,town
5002134450,"Hubbardton town, Rutland County, Vermont",1800,541,town
5002134450,"Hubbardton town, Rutland County, Vermont",1810,734,town
5002134450,"Hubbardton town, Rutland County, Vermont",1820,810,town
5002134450,"Hubbardton town, Rutland County, Vermont",1830,865,town
5002134450,"Hubbardton town, Rutland County, Vermont",1840,719,town
5002134450,"Hubbardton town, Rutland County, Vermont",1850,701,town
5002134450,"Hubbardton town, Rutland County, Vermont",1860,606,town
5002134450,"Hubbardton town, Rutland County, Vermont",1870,606,town
5002134450,"Hubbardton town, Rutland County, Vermont",1880,533,town
5002134450,"Hubbardton town, Rutland County, Vermont",1890,506,town
5002134450,"Hubbardton town, Rutland County, Vermont",1900,488,town
5002134450,"Hubbardton town, Rutland County, Vermont",1910,455,town
5002134450,"Hubbardton town, Rutland County, Vermont",1920,328,town
5002134450,"Hubbardton town, Rutland County, Vermont",1930,307,town
5002134450,"Hubbardton town, Rutland County, Vermont",1940,346,town
5002134450,"Hubbardton town, Rutland County, Vermont",1950,332,town
5002134450,"Hubbardton town, Rutland County, Vermont",1960,238,town
5002134450,"Hubbardton town, Rutland County, Vermont",1970,228,town
5002134450,"Hubbardton town, Rutland County, Vermont",1980,490,town
5002134450,"Hubbardton town, Rutland County, Vermont",1990,576,town
5002134450,"Hubbardton town, Rutland County, Vermont",2000,752,town
5002134450,"Hubbardton town, Rutland County, Vermont",2010,706,town
5002134450,"Hubbardton town, Rutland County, Vermont",2020,735,town
5000734600,"Huntington town, Chittenden County, Vermont",1791,167,town
5000734600,"Huntington town, Chittenden County, Vermont",1800,405,town
5000734600,"Huntington town, Chittenden County, Vermont",1810,514,town
5000734600,"Huntington town, Chittenden County, Vermont",1820,732,town
5000734600,"Huntington town, Chittenden County, Vermont",1830,929,town
5000734600,"Huntington town, Chittenden County, Vermont",1840,914,town
5000734600,"Huntington town, Chittenden County, Vermont",1850,835,town
5000734600,"Huntington town, Chittenden County, Vermont",1860,861,town
5000734600,"Huntington town, Chittenden County, Vermont",1870,864,town
5000734600,"Huntington town, Chittenden County, Vermont",1880,808,town
5000734600,"Huntington town, Chittenden County, Vermont",1890,723,town
5000734600,"Huntington town, Chittenden County, Vermont",1900,728,town
5000734600,"Huntington town, Chittenden County, Vermont",1910,760,town
5000734600,"Huntington town, Chittenden County, Vermont",1920,651,town
5000734600,"Huntington town, Chittenden County, Vermont",1930,621,town
5000734600,"Huntington town, Chittenden County, Vermont",1940,549,town
5000734600,"Huntington town, Chittenden County, Vermont",1950,601,town
5000734600,"Huntington town, Chittenden County, Vermont",1960,518,town
5000734600,"Huntington town, Chittenden County, Vermont",1970,748,town
5000734600,"Huntington town, Chittenden County, Vermont",1980,1161,town
5000734600,"Huntington town, Chittenden County, Vermont",1990,1609,town
5000734600,"Huntington town, Chittenden County, Vermont",2000,1861,town
5000734600,"Huntington town, Chittenden County, Vermont",2010,1938,town
5000734600,"Huntington town, Chittenden County, Vermont",2020,1934,town
5001535050,"Hyde Park town, Lamoille County, Vermont",1791,43,town
5001535050,"Hyde Park town, Lamoille County, Vermont",1800,110,town
5001535050,"Hyde Park town, Lamoille County, Vermont",1810,261,town
5001535050,"Hyde Park town, Lamoille County, Vermont",1820,373,town
5001535050,"Hyde Park town, Lamoille County, Vermont",1830,823,town
5001535050,"Hyde Park town, Lamoille County, Vermont",1840,1080,town
5001535050,"Hyde Park town, Lamoille County, Vermont",1850,1107,town
5001535050,"Hyde Park town, Lamoille County, Vermont",1860,1409,town
5001535050,"Hyde Park town, Lamoille County, Vermont",1870,1624,town
5001535050,"Hyde Park town, Lamoille County, Vermont",1880,1716,town
5001535050,"Hyde Park town, Lamoille County, Vermont",1890,1633,town
5001535050,"Hyde Park town, Lamoille County, Vermont",1900,1472,town
5001535050,"Hyde Park town, Lamoille County, Vermont",1910,1453,town
5001535050,"Hyde Park town, Lamoille County, Vermont",1920,1323,town
5001535050,"Hyde Park town, Lamoille County, Vermont",1930,1165,town
5001535050,"Hyde Park town, Lamoille County, Vermont",1940,1178,town
5001535050,"Hyde Park town, Lamoille County, Vermont",1950,1291,town
5001535050,"Hyde Park town, Lamoille County, Vermont",1960,1219,town
5001535050,"Hyde Park town, Lamoille County, Vermont",1970,1347,town
5001535050,"Hyde Park town, Lamoille County, Vermont",1980,2021,town
5001535050,"Hyde Park town, Lamoille County, Vermont",1990,2344,town
5001535050,"Hyde Park town, Lamoille County, Vermont",2000,2847,town
5001535050,"Hyde Park town, Lamoille County, Vermont",2010,2954,town
5001535050,"Hyde Park town, Lamoille County, Vermont",2020,3020,town
5002135425,"Ira town, Rutland County, Vermont",1791,312,town
5002135425,"Ira town, Rutland County, Vermont",1800,473,town
5002135425,"Ira town, Rutland County, Vermont",1810,519,town
5002135425,"Ira town, Rutland County, Vermont",1820,498,town
5002135425,"Ira town, Rutland County, Vermont",1830,442,town
5002135425,"Ira town, Rutland County, Vermont",1840,451,town
5002135425,"Ira town, Rutland County, Vermont",1850,400,town
5002135425,"Ira town, Rutland County, Vermont",1860,422,town
5002135425,"Ira town, Rutland County, Vermont",1870,413,town
5002135425,"Ira town, Rutland County, Vermont",1880,479,town
5002135425,"Ira town, Rutland County, Vermont",1890,421,town
5002135425,"Ira town, Rutland County, Vermont",1900,350,town
5002135425,"Ira town, Rutland County, Vermont",1910,286,town
5002135425,"Ira town, Rutland County, Vermont",1920,295,town
5002135425,"Ira town, Rutland County, Vermont",1930,287,town
5002135425,"Ira town, Rutland County, Vermont",1940,248,town
5002135425,"Ira town, Rutland County, Vermont",1950,232,town
5002135425,"Ira town, Rutland County, Vermont",1960,220,town
5002135425,"Ira town, Rutland County, Vermont",1970,284,town
5002135425,"Ira town, Rutland County, Vermont",1980,354,town
5002135425,"Ira town, Rutland County, Vermont",1990,426,town
5002135425,"Ira town, Rutland County, Vermont",2000,455,town
5002135425,"Ira town, Rutland County, Vermont",2010,432,town
5002135425,"Ira town, Rutland County, Vermont",2020,368,town
5001935575,"Irasburg town, Orleans County, Vermont",1791,0,town
5001935575,"Irasburg town, Orleans County, Vermont",1800,15,town
5001935575,"Irasburg town, Orleans County, Vermont",1810,392,town
5001935575,"Irasburg town, Orleans County, Vermont",1820,432,town
5001935575,"Irasburg town, Orleans County, Vermont",1830,860,town
5001935575,"Irasburg town, Orleans County, Vermont",1840,971,town
5001935575,"Irasburg town, Orleans County, Vermont",1850,1034,town
5001935575,"Irasburg town, Orleans County, Vermont",1860,1131,town
5001935575,"Irasburg town, Orleans County, Vermont",1870,1085,town
5001935575,"Irasburg town, Orleans County, Vermont",1880,1054,town
5001935575,"Irasburg town, Orleans County, Vermont",1890,999,town
5001935575,"Irasburg town, Orleans County, Vermont",1900,939,town
5001935575,"Irasburg town, Orleans County, Vermont",1910,983,town
5001935575,"Irasburg town, Orleans County, Vermont",1920,999,town
5001935575,"Irasburg town, Orleans County, Vermont",1930,924,town
5001935575,"Irasburg town, Orleans County, Vermont",1940,852,town
5001935575,"Irasburg town, Orleans County, Vermont",1950,711,town
5001935575,"Irasburg town, Orleans County, Vermont",1960,711,town
5001935575,"Irasburg town, Orleans County, Vermont",1970,775,town
5001935575,"Irasburg town, Orleans County, Vermont",1980,870,town
5001935575,"Irasburg town, Orleans County, Vermont",1990,907,town
5001935575,"Irasburg town, Orleans County, Vermont",2000,1077,town
5001935575,"Irasburg town, Orleans County, Vermont",2010,1163,town
5001935575,"Irasburg town, Orleans County, Vermont",2020,1233,town
5001335875,"Isle La Motte town, Grand Isle County, Vermont",1791,47,town
5001335875,"Isle La Motte town, Grand Isle County, Vermont",1800,135,town
5001335875,"Isle La Motte town, Grand Isle County, Vermont",1810,623,town
5001335875,"Isle La Motte town, Grand Isle County, Vermont",1820,312,town
5001335875,"Isle La Motte town, Grand Isle County, Vermont",1830,459,town
5001335875,"Isle La Motte town, Grand Isle County, Vermont",1840,435,town
5001335875,"Isle La Motte town, Grand Isle County, Vermont",1850,476,town
5001335875,"Isle La Motte town, Grand Isle County, Vermont",1860,564,town
5001335875,"Isle La Motte town, Grand Isle County, Vermont",1870,497,town
5001335875,"Isle La Motte town, Grand Isle County, Vermont",1880,505,town
5001335875,"Isle La Motte town, Grand Isle County, Vermont",1890,551,town
5001335875,"Isle La Motte town, Grand Isle County, Vermont",1900,608,town
5001335875,"Isle La Motte town, Grand Isle County, Vermont",1910,510,town
5001335875,"Isle La Motte town, Grand Isle County, Vermont",1920,385,town
5001335875,"Isle La Motte town, Grand Isle County, Vermont",1930,352,town
5001335875,"Isle La Motte town, Grand Isle County, Vermont",1940,335,town
5001335875,"Isle La Motte town, Grand Isle County, Vermont",1950,295,town
5001335875,"Isle La Motte town, Grand Isle County, Vermont",1960,238,town
5001335875,"Isle La Motte town, Grand Isle County, Vermont",1970,262,town
5001335875,"Isle La Motte town, Grand Isle County, Vermont",1980,393,town
5001335875,"Isle La Motte town, Grand Isle County, Vermont",1990,408,town
5001335875,"Isle La Motte town, Grand Isle County, Vermont",2000,488,town
5001335875,"Isle La Motte town, Grand Isle County, Vermont",2010,471,town
5001335875,"Isle La Motte town, Grand Isle County, Vermont",2020,488,town
5002536175,"Jamaica town, Windham County, Vermont",1791,263,town
5002536175,"Jamaica town, Windham County, Vermont",1800,582,town
5002536175,"Jamaica town, Windham County, Vermont",1810,996,town
5002536175,"Jamaica town, Windham County, Vermont",1820,1343,town
5002536175,"Jamaica town, Windham County, Vermont",1830,1523,town
5002536175,"Jamaica town, Windham County, Vermont",1840,1586,town
5002536175,"Jamaica town, Windham County, Vermont",1850,1606,town
5002536175,"Jamaica town, Windham County, Vermont",1860,1541,town
5002536175,"Jamaica town, Windham County, Vermont",1870,1223,town
5002536175,"Jamaica town, Windham County, Vermont",1880,1252,town
5002536175,"Jamaica town, Windham County, Vermont",1890,1074,town
5002536175,"Jamaica town, Windham County, Vermont",1900,800,town
5002536175,"Jamaica town, Windham County, Vermont",1910,716,town
5002536175,"Jamaica town, Windham County, Vermont",1920,686,town
5002536175,"Jamaica town, Windham County, Vermont",1930,570,town
5002536175,"Jamaica town, Windham County, Vermont",1940,567,town
5002536175,"Jamaica town, Windham County, Vermont",1950,597,town
5002536175,"Jamaica town, Windham County, Vermont",1960,496,town
5002536175,"Jamaica town, Windham County, Vermont",1970,590,town
5002536175,"Jamaica town, Windham County, Vermont",1980,681,town
5002536175,"Jamaica town, Windham County, Vermont",1990,754,town
5002536175,"Jamaica town, Windham County, Vermont",2000,946,town
5002536175,"Jamaica town, Windham County, Vermont",2010,1035,town
5002536175,"Jamaica town, Windham County, Vermont",2020,1005,town
5001936325,"Jay town, Orleans County, Vermont",1791,0,town
5001936325,"Jay town, Orleans County, Vermont",1800,0,town
5001936325,"Jay town, Orleans County, Vermont",1810,28,town
5001936325,"Jay town, Orleans County, Vermont",1820,52,town
5001936325,"Jay town, Orleans County, Vermont",1830,196,town
5001936325,"Jay town, Orleans County, Vermont",1840,306,town
5001936325,"Jay town, Orleans County, Vermont",1850,371,town
5001936325,"Jay town, Orleans County, Vermont",1860,474,town
5001936325,"Jay town, Orleans County, Vermont",1870,553,town
5001936325,"Jay town, Orleans County, Vermont",1880,696,town
5001936325,"Jay town, Orleans County, Vermont",1890,641,town
5001936325,"Jay town, Orleans County, Vermont",1900,530,town
5001936325,"Jay town, Orleans County, Vermont",1910,513,town
5001936325,"Jay town, Orleans County, Vermont",1920,368,town
5001936325,"Jay town, Orleans County, Vermont",1930,274,town
5001936325,"Jay town, Orleans County, Vermont",1940,230,town
5001936325,"Jay town, Orleans County, Vermont",1950,243,town
5001936325,"Jay town, Orleans County, Vermont",1960,197,town
5001936325,"Jay town, Orleans County, Vermont",1970,182,town
5001936325,"Jay town, Orleans County, Vermont",1980,302,town
5001936325,"Jay town, Orleans County, Vermont",1990,381,town
5001936325,"Jay town, Orleans County, Vermont",2000,426,town
5001936325,"Jay town, Orleans County, Vermont",2010,521,town
5001936325,"Jay town, Orleans County, Vermont",2020,551,town
5000736700,"Jericho town, Chittenden County, Vermont",1791,381,town
5000736700,"Jericho town, Chittenden County, Vermont",1800,728,town
5000736700,"Jericho town, Chittenden County, Vermont",1810,1185,town
5000736700,"Jericho town, Chittenden County, Vermont",1820,1219,town
5000736700,"Jericho town, Chittenden County, Vermont",1830,1654,town
5000736700,"Jericho town, Chittenden County, Vermont",1840,1685,town
5000736700,"Jericho town, Chittenden County, Vermont",1850,1837,town
5000736700,"Jericho town, Chittenden County, Vermont",1860,1669,town
5000736700,"Jericho town, Chittenden County, Vermont",1870,1757,town
5000736700,"Jericho town, Chittenden County, Vermont",1880,1687,town
5000736700,"Jericho town, Chittenden County, Vermont",1890,1461,town
5000736700,"Jericho town, Chittenden County, Vermont",1900,1373,town
5000736700,"Jericho town, Chittenden County, Vermont",1910,1307,town
5000736700,"Jericho town, Chittenden County, Vermont",1920,1138,town
5000736700,"Jericho town, Chittenden County, Vermont",1930,1091,town
5000736700,"Jericho town, Chittenden County, Vermont",1940,1077,town
5000736700,"Jericho town, Chittenden County, Vermont",1950,1135,town
5000736700,"Jericho town, Chittenden County, Vermont",1960,1425,town
5000736700,"Jericho town, Chittenden County, Vermont",1970,2343,town
5000736700,"Jericho town, Chittenden County, Vermont",1980,3575,town
5000736700,"Jericho town, Chittenden County, Vermont",1990,4302,town
5000736700,"Jericho town, Chittenden County, Vermont",2000,5015,town
5000736700,"Jericho town, Chittenden County, Vermont",2010,5009,town
5000736700,"Jericho town, Chittenden County, Vermont",2020,5104,town
5001537075,"Johnson town, Lamoille County, Vermont",1791,93,town
5001537075,"Johnson town, Lamoille County, Vermont",1800,265,town
5001537075,"Johnson town, Lamoille County, Vermont",1810,494,town
5001537075,"Johnson town, Lamoille County, Vermont",1820,778,town
5001537075,"Johnson town, Lamoille County, Vermont",1830,1079,town
5001537075,"Johnson town, Lamoille County, Vermont",1840,1410,town
5001537075,"Johnson town, Lamoille County, Vermont",1850,1381,town
5001537075,"Johnson town, Lamoille County, Vermont",1860,1526,town
5001537075,"Johnson town, Lamoille County, Vermont",1870,1558,town
5001537075,"Johnson town, Lamoille County, Vermont",1880,1495,town
5001537075,"Johnson town, Lamoille County, Vermont",1890,1462,town
5001537075,"Johnson town, Lamoille County, Vermont",1900,1391,town
5001537075,"Johnson town, Lamoille County, Vermont",1910,1526,town
5001537075,"Johnson town, Lamoille County, Vermont",1920,1478,town
5001537075,"Johnson town, Lamoille County, Vermont",1930,1378,town
5001537075,"Johnson town, Lamoille County, Vermont",1940,1420,town
5001537075,"Johnson town, Lamoille County, Vermont",1950,1527,town
5001537075,"Johnson town, Lamoille County, Vermont",1960,1478,town
5001537075,"Johnson town, Lamoille County, Vermont",1970,1927,town
5001537075,"Johnson town, Lamoille County, Vermont",1980,2581,town
5001537075,"Johnson town, Lamoille County, Vermont",1990,3156,town
5001537075,"Johnson town, Lamoille County, Vermont",2000,3274,town
5001537075,"Johnson town, Lamoille County, Vermont",2010,3446,town
5001537075,"Johnson town, Lamoille County, Vermont",2020,3491,town
5002137685,"Killington town, Rutland County, Vermont",1791,32,town
5002137685,"Killington town, Rutland County, Vermont",1800,90,town
5002137685,"Killington town, Rutland County, Vermont",1810,116,town
5002137685,"Killington town, Rutland County, Vermont",1820,154,town
5002137685,"Killington town, Rutland County, Vermont",1830,432,town
5002137685,"Killington town, Rutland County, Vermont",1840,698,town
5002137685,"Killington town, Rutland County, Vermont",1850,578,town
5002137685,"Killington town, Rutland County, Vermont",1860,525,town
5002137685,"Killington town, Rutland County, Vermont",1870,462,town
5002137685,"Killington town, Rutland County, Vermont",1880,450,town
5002137685,"Killington town, Rutland County, Vermont",1890,451,town
5002137685,"Killington town, Rutland County, Vermont",1900,402,town
5002137685,"Killington town, Rutland County, Vermont",1910,409,town
5002137685,"Killington town, Rutland County, Vermont",1920,336,town
5002137685,"Killington town, Rutland County, Vermont",1930,298,town
5002137685,"Killington town, Rutland County, Vermont",1940,266,town
5002137685,"Killington town, Rutland County, Vermont",1950,283,town
5002137685,"Killington town, Rutland County, Vermont",1960,266,town
5002137685,"Killington town, Rutland County, Vermont",1970,558,town
5002137685,"Killington town, Rutland County, Vermont",1980,891,town
5002137685,"Killington town, Rutland County, Vermont",1990,738,town
5002137685,"Killington town, Rutland County, Vermont",2000,1095,town
5002137685,"Killington town, Rutland County, Vermont",2010,811,town
5002137685,"Killington town, Rutland County, Vermont",2020,1407,town
5000537900,"Kirby town, Caledonia County, Vermont",1791,0,town
5000537900,"Kirby town, Caledonia County, Vermont",1800,20,town
5000537900,"Kirby town, Caledonia County, Vermont",1810,311,town
5000537900,"Kirby town, Caledonia County, Vermont",1820,312,town
5000537900,"Kirby town, Caledonia County, Vermont",1830,401,town
5000537900,"Kirby town, Caledonia County, Vermont",1840,520,town
5000537900,"Kirby town, Caledonia County, Vermont",1850,509,town
5000537900,"Kirby town, Caledonia County, Vermont",1860,473,town
5000537900,"Kirby town, Caledonia County, Vermont",1870,417,town
5000537900,"Kirby town, Caledonia County, Vermont",1880,398,town
5000537900,"Kirby town, Caledonia County, Vermont",1890,355,town
5000537900,"Kirby town, Caledonia County, Vermont",1900,350,town
5000537900,"Kirby town, Caledonia County, Vermont",1910,297,town
5000537900,"Kirby town, Caledonia County, Vermont",1920,324,town
5000537900,"Kirby town, Caledonia County, Vermont",1930,311,town
5000537900,"Kirby town, Caledonia County, Vermont",1940,256,town
5000537900,"Kirby town, Caledonia County, Vermont",1950,257,town
5000537900,"Kirby town, Caledonia County, Vermont",1960,235,town
5000537900,"Kirby town, Caledonia County, Vermont",1970,224,town
5000537900,"Kirby town, Caledonia County, Vermont",1980,282,town
5000537900,"Kirby town, Caledonia County, Vermont",1990,347,town
5000537900,"Kirby town, Caledonia County, Vermont",2000,456,town
5000537900,"Kirby town, Caledonia County, Vermont",2010,493,town
5000537900,"Kirby town, Caledonia County, Vermont",2020,575,town
5000339025,"Landgrove town, Bennington County, Vermont",1791,31,town
5000339025,"Landgrove town, Bennington County, Vermont",1800,147,town
5000339025,"Landgrove town, Bennington County, Vermont",1810,299,town
5000339025,"Landgrove town, Bennington County, Vermont",1820,341,town
5000339025,"Landgrove town, Bennington County, Vermont",1830,385,town
5000339025,"Landgrove town, Bennington County, Vermont",1840,344,town
5000339025,"Landgrove town, Bennington County, Vermont",1850,357,town
5000339025,"Landgrove town, Bennington County, Vermont",1860,320,town
5000339025,"Landgrove town, Bennington County, Vermont",1870,302,town
5000339025,"Landgrove town, Bennington County, Vermont",1880,246,town
5000339025,"Landgrove town, Bennington County, Vermont",1890,220,town
5000339025,"Landgrove town, Bennington County, Vermont",1900,225,town
5000339025,"Landgrove town, Bennington County, Vermont",1910,160,town
5000339025,"Landgrove town, Bennington County, Vermont",1920,143,town
5000339025,"Landgrove town, Bennington County, Vermont",1930,104,town
5000339025,"Landgrove town, Bennington County, Vermont",1940,64,town
5000339025,"Landgrove town, Bennington County, Vermont",1950,80,town
5000339025,"Landgrove town, Bennington County, Vermont",1960,49,town
5000339025,"Landgrove town, Bennington County, Vermont",1970,104,town
5000339025,"Landgrove town, Bennington County, Vermont",1980,121,town
5000339025,"Landgrove town, Bennington County, Vermont",1990,134,town
5000339025,"Landgrove town, Bennington County, Vermont",2000,144,town
5000339025,"Landgrove town, Bennington County, Vermont",2010,158,town
5000339025,"Landgrove town, Bennington County, Vermont",2020,177,town
5000139325,"Leicester town, Addison County, Vermont",1791,344,town
5000139325,"Leicester town, Addison County, Vermont",1800,522,town
5000139325,"Leicester town, Addison County, Vermont",1810,609,town
5000139325,"Leicester town, Addison County, Vermont",1820,442,town
5000139325,"Leicester town, Addison County, Vermont",1830,638,town
5000139325,"Leicester town, Addison County, Vermont",1840,603,town
5000139325,"Leicester town, Addison County, Vermont",1850,596,town
5000139325,"Leicester town, Addison County, Vermont",1860,737,town
5000139325,"Leicester town, Addison County, Vermont",1870,630,town
5000139325,"Leicester town, Addison County, Vermont",1880,634,town
5000139325,"Leicester town, Addison County, Vermont",1890,562,town
5000139325,"Leicester town, Addison County, Vermont",1900,509,town
5000139325,"Leicester town, Addison County, Vermont",1910,479,town
5000139325,"Leicester town, Addison County, Vermont",1920,436,town
5000139325,"Leicester town, Addison County, Vermont",1930,468,town
5000139325,"Leicester town, Addison County, Vermont",1940,518,town
5000139325,"Leicester town, Addison County, Vermont",1950,511,town
5000139325,"Leicester town, Addison County, Vermont",1960,551,town
5000139325,"Leicester town, Addison County, Vermont",1970,583,town
5000139325,"Leicester town, Addison County, Vermont",1980,803,town
5000139325,"Leicester town, Addison County, Vermont",1990,871,town
5000139325,"Leicester town, Addison County, Vermont",2000,974,town
5000139325,"Leicester town, Addison County, Vermont",2010,1100,town
5000139325,"Leicester town, Addison County, Vermont",2020,990,town
5000939700,"Lemington town, Essex County, Vermont",1791,0,town
5000939700,"Lemington town, Essex County, Vermont",1800,31,town
5000939700,"Lemington town, Essex County, Vermont",1810,52,town
5000939700,"Lemington town, Essex County, Vermont",1820,139,town
5000939700,"Lemington town, Essex County, Vermont",1830,183,town
5000939700,"Lemington town, Essex County, Vermont",1840,124,town
5000939700,"Lemington town, Essex County, Vermont",1850,187,town
5000939700,"Lemington town, Essex County, Vermont",1860,207,town
5000939700,"Lemington town, Essex County, Vermont",1870,191,town
5000939700,"Lemington town, Essex County, Vermont",1880,222,town
5000939700,"Lemington town, Essex County, Vermont",1890,227,town
5000939700,"Lemington town, Essex County, Vermont",1900,204,town
5000939700,"Lemington town, Essex County, Vermont",1910,138,town
5000939700,"Lemington town, Essex County, Vermont",1920,145,town
5000939700,"Lemington town, Essex County, Vermont",1930,133,town
5000939700,"Lemington town, Essex County, Vermont",1940,131,town
5000939700,"Lemington town, Essex County, Vermont",1950,105,town
5000939700,"Lemington town, Essex County, Vermont",1960,112,town
5000939700,"Lemington town, Essex County, Vermont",1970,120,town
5000939700,"Lemington town, Essex County, Vermont",1980,108,town
5000939700,"Lemington town, Essex County, Vermont",1990,102,town
5000939700,"Lemington town, Essex County, Vermont",2000,107,town
5000939700,"Lemington town, Essex County, Vermont",2010,104,town
5000939700,"Lemington town, Essex County, Vermont",2020,87,town
5000939775,"Lewis town, Essex County, Vermont",1791,0,town
5000939775,"Lewis town, Essex County, Vermont",1800,0,town
5000939775,"Lewis town, Essex County, Vermont",1810,0,town
5000939775,"Lewis town, Essex County, Vermont",1820,0,town
5000939775,"Lewis town, Essex County, Vermont",1830,0,town
5000939775,"Lewis town, Essex County, Vermont",1840,0,town
5000939775,"Lewis town, Essex County, Vermont",1850,0,town
5000939775,"Lewis town, Essex County, Vermont",1860,0,town
5000939775,"Lewis town, Essex County, Vermont",1870,0,town
5000939775,"Lewis town, Essex County, Vermont",1880,0,town
5000939775,"Lewis town, Essex County, Vermont",1890,0,town
5000939775,"Lewis town, Essex County, Vermont",1900,0,town
5000939775,"Lewis town, Essex County, Vermont",1910,0,town
5000939775,"Lewis town, Essex County, Vermont",1920,0,town
5000939775,"Lewis town, Essex County, Vermont",1930,0,town
5000939775,"Lewis town, Essex County, Vermont",1940,0,town
5000939775,"Lewis town, Essex County, Vermont",1950,0,town
5000939775,"Lewis town, Essex County, Vermont",1960,0,town
5000939775,"Lewis town, Essex County, Vermont",1970,0,town
5000939775,"Lewis town, Essex County, Vermont",1980,0,town
5000939775,"Lewis town, Essex County, Vermont",1990,0,town
5000939775,"Lewis town, Essex County, Vermont",2000,0,town
5000939775,"Lewis town, Essex County, Vermont",2010,0,town
5000939775,"Lewis town, Essex County, Vermont",2020,2,town
5000140075,"Lincoln town, Addison County, Vermont",1791,0,town
5000140075,"Lincoln town, Addison County, Vermont",1800,97,town
5000140075,"Lincoln town, Addison County, Vermont",1810,225,town
5000140075,"Lincoln town, Addison County, Vermont",1820,278,town
5000140075,"Lincoln town, Addison County, Vermont",1830,639,town
5000140075,"Lincoln town, Addison County, Vermont",1840,770,town
5000140075,"Lincoln town, Addison County, Vermont",1850,1057,town
5000140075,"Lincoln town, Addison County, Vermont",1860,1070,town
5000140075,"Lincoln town, Addison County, Vermont",1870,1174,town
5000140075,"Lincoln town, Addison County, Vermont",1880,1368,town
5000140075,"Lincoln town, Addison County, Vermont",1890,1255,town
5000140075,"Lincoln town, Addison County, Vermont",1900,1152,town
5000140075,"Lincoln town, Addison County, Vermont",1910,980,town
5000140075,"Lincoln town, Addison County, Vermont",1920,841,town
5000140075,"Lincoln town, Addison County, Vermont",1930,800,town
5000140075,"Lincoln town, Addison County, Vermont",1940,745,town
5000140075,"Lincoln town, Addison County, Vermont",1950,577,town
5000140075,"Lincoln town, Addison County, Vermont",1960,481,town
5000140075,"Lincoln town, Addison County, Vermont",1970,599,town
5000140075,"Lincoln town, Addison County, Vermont",1980,870,town
5000140075,"Lincoln town, Addison County, Vermont",1990,974,town
5000140075,"Lincoln town, Addison County, Vermont",2000,1214,town
5000140075,"Lincoln town, Addison County, Vermont",2010,1271,town
5000140075,"Lincoln town, Addison County, Vermont",2020,1323,town
5002540225,"Londonderry town, Windham County, Vermont",1791,362,town
5002540225,"Londonderry town, Windham County, Vermont",1800,530,town
5002540225,"Londonderry town, Windham County, Vermont",1810,637,town
5002540225,"Londonderry town, Windham County, Vermont",1820,958,town
5002540225,"Londonderry town, Windham County, Vermont",1830,1302,town
5002540225,"Londonderry town, Windham County, Vermont",1840,1216,town
5002540225,"Londonderry town, Windham County, Vermont",1850,1274,town
5002540225,"Londonderry town, Windham County, Vermont",1860,1367,town
5002540225,"Londonderry town, Windham County, Vermont",1870,1252,town
5002540225,"Londonderry town, Windham County, Vermont",1880,1154,town
5002540225,"Londonderry town, Windham County, Vermont",1890,1010,town
5002540225,"Londonderry town, Windham County, Vermont",1900,961,town
5002540225,"Londonderry town, Windham County, Vermont",1910,962,town
5002540225,"Londonderry town, Windham County, Vermont",1920,911,town
5002540225,"Londonderry town, Windham County, Vermont",1930,799,town
5002540225,"Londonderry town, Windham County, Vermont",1940,859,town
5002540225,"Londonderry town, Windham County, Vermont",1950,953,town
5002540225,"Londonderry town, Windham County, Vermont",1960,898,town
5002540225,"Londonderry town, Windham County, Vermont",1970,1037,town
5002540225,"Londonderry town, Windham County, Vermont",1980,1510,town
5002540225,"Londonderry town, Windham County, Vermont",1990,1506,town
5002540225,"Londonderry town, Windham County, Vermont",2000,1709,town
5002540225,"Londonderry town, Windham County, Vermont",2010,1769,town
5002540225,"Londonderry town, Windham County, Vermont",2020,1919,town
5001940525,"Lowell town, Orleans County, Vermont",1791,0,town
5001940525,"Lowell town, Orleans County, Vermont",1800,0,town
5001940525,"Lowell town, Orleans County, Vermont",1810,0,town
5001940525,"Lowell town, Orleans County, Vermont",1820,144,town
5001940525,"Lowell town, Orleans County, Vermont",1830,314,town
5001940525,"Lowell town, Orleans County, Vermont",1840,431,town
5001940525,"Lowell town, Orleans County, Vermont",1850,637,town
5001940525,"Lowell town, Orleans County, Vermont",1860,813,town
5001940525,"Lowell town, Orleans County, Vermont",1870,942,town
5001940525,"Lowell town, Orleans County, Vermont",1880,1067,town
5001940525,"Lowell town, Orleans County, Vermont",1890,1178,town
5001940525,"Lowell town, Orleans County, Vermont",1900,983,town
5001940525,"Lowell town, Orleans County, Vermont",1910,1086,town
5001940525,"Lowell town, Orleans County, Vermont",1920,1005,town
5001940525,"Lowell town, Orleans County, Vermont",1930,725,town
5001940525,"Lowell town, Orleans County, Vermont",1940,615,town
5001940525,"Lowell town, Orleans County, Vermont",1950,643,town
5001940525,"Lowell town, Orleans County, Vermont",1960,617,town
5001940525,"Lowell town, Orleans County, Vermont",1970,515,town
5001940525,"Lowell town, Orleans County, Vermont",1980,573,town
5001940525,"Lowell town, Orleans County, Vermont",1990,594,town
5001940525,"Lowell town, Orleans County, Vermont",2000,738,town
5001940525,"Lowell town, Orleans County, Vermont",2010,879,town
5001940525,"Lowell town, Orleans County, Vermont",2020,887,town
5002741275,"Ludlow town, Windsor County, Vermont",1791,179,town
5002741275,"Ludlow town, Windsor County, Vermont",1800,410,town
5002741275,"Ludlow town, Windsor County, Vermont",1810,877,town
5002741275,"Ludlow town, Windsor County, Vermont",1820,1140,town
5002741275,"Ludlow town, Windsor County, Vermont",1830,1227,town
5002741275,"Ludlow town, Windsor County, Vermont",1840,1363,town
5002741275,"Ludlow town, Windsor County, Vermont",1850,1619,town
5002741275,"Ludlow town, Windsor County, Vermont",1860,1568,town
5002741275,"Ludlow town, Windsor County, Vermont",1870,1827,town
5002741275,"Ludlow town, Windsor County, Vermont",1880,2005,town
5002741275,"Ludlow town, Windsor County, Vermont",1890,1768,town
5002741275,"Ludlow town, Windsor County, Vermont",1900,2042,town
5002741275,"Ludlow town, Windsor County, Vermont",1910,2215,town
5002741275,"Ludlow town, Windsor County, Vermont",1920,2421,town
5002741275,"Ludlow town, Windsor County, Vermont",1930,2305,town
5002741275,"Ludlow town, Windsor County, Vermont",1940,2458,town
5002741275,"Ludlow town, Windsor County, Vermont",1950,2428,town
5002741275,"Ludlow town, Windsor County, Vermont",1960,2386,town
5002741275,"Ludlow town, Windsor County, Vermont",1970,2463,town
5002741275,"Ludlow town, Windsor County, Vermont",1980,2414,town
5002741275,"Ludlow town, Windsor County, Vermont",1990,2302,town
5002741275,"Ludlow town, Windsor County, Vermont",2000,2449,town
5002741275,"Ludlow town, Windsor County, Vermont",2010,1963,town
5002741275,"Ludlow town, Windsor County, Vermont",2020,2172,town
5000941425,"Lunenburg town, Essex County, Vermont",1791,119,town
5000941425,"Lunenburg town, Essex County, Vermont",1800,393,town
5000941425,"Lunenburg town, Essex County, Vermont",1810,132,town
5000941425,"Lunenburg town, Essex County, Vermont",1820,856,town
5000941425,"Lunenburg town, Essex County, Vermont",1830,1054,town
5000941425,"Lunenburg town, Essex County, Vermont",1840,1130,town
5000941425,"Lunenburg town, Essex County, Vermont",1850,1123,town
5000941425,"Lunenburg town, Essex County, Vermont",1860,1034,town
5000941425,"Lunenburg town, Essex County, Vermont",1870,999,town
5000941425,"Lunenburg town, Essex County, Vermont",1880,1038,town
5000941425,"Lunenburg town, Essex County, Vermont",1890,1019,town
5000941425,"Lunenburg town, Essex County, Vermont",1900,968,town
5000941425,"Lunenburg town, Essex County, Vermont",1910,880,town
5000941425,"Lunenburg town, Essex County, Vermont",1920,1048,town
5000941425,"Lunenburg town, Essex County, Vermont",1930,1400,town
5000941425,"Lunenburg town, Essex County, Vermont",1940,1374,town
5000941425,"Lunenburg town, Essex County, Vermont",1950,1299,town
5000941425,"Lunenburg town, Essex County, Vermont",1960,1237,town
5000941425,"Lunenburg town, Essex County, Vermont",1970,1061,town
5000941425,"Lunenburg town, Essex County, Vermont",1980,1138,town
5000941425,"Lunenburg town, Essex County, Vermont",1990,1176,town
5000941425,"Lunenburg town, Essex County, Vermont",2000,1328,town
5000941425,"Lunenburg town, Essex County, Vermont",2010,1302,town
5000941425,"Lunenburg town, Essex County, Vermont",2020,1246,town
5000541725,"Lyndon town, Caledonia County, Vermont",1791,59,town
5000541725,"Lyndon town, Caledonia County, Vermont",1800,542,town
5000541725,"Lyndon town, Caledonia County, Vermont",1810,1090,town
5000541725,"Lyndon town, Caledonia County, Vermont",1820,1296,town
5000541725,"Lyndon town, Caledonia County, Vermont",1830,1822,town
5000541725,"Lyndon town, Caledonia County, Vermont",1840,1753,town
5000541725,"Lyndon town, Caledonia County, Vermont",1850,1752,town
5000541725,"Lyndon town, Caledonia County, Vermont",1860,1695,town
5000541725,"Lyndon town, Caledonia County, Vermont",1870,2179,town
5000541725,"Lyndon town, Caledonia County, Vermont",1880,2434,town
5000541725,"Lyndon town, Caledonia County, Vermont",1890,2619,town
5000541725,"Lyndon town, Caledonia County, Vermont",1900,2956,town
5000541725,"Lyndon town, Caledonia County, Vermont",1910,3204,town
5000541725,"Lyndon town, Caledonia County, Vermont",1920,3558,town
5000541725,"Lyndon town, Caledonia County, Vermont",1930,3285,town
5000541725,"Lyndon town, Caledonia County, Vermont",1940,3144,town
5000541725,"Lyndon town, Caledonia County, Vermont",1950,3360,town
5000541725,"Lyndon town, Caledonia County, Vermont",1960,3425,town
5000541725,"Lyndon town, Caledonia County, Vermont",1970,3705,town
5000541725,"Lyndon town, Caledonia County, Vermont",1980,4924,town
5000541725,"Lyndon town, Caledonia County, Vermont",1990,5371,town
5000541725,"Lyndon town, Caledonia County, Vermont",2000,5448,town
5000541725,"Lyndon town, Caledonia County, Vermont",2010,5981,town
5000541725,"Lyndon town, Caledonia County, Vermont",2020,5491,town
5000942475,"Maidstone town, Essex County, Vermont",1791,125,town
5000942475,"Maidstone town, Essex County, Vermont",1800,152,town
5000942475,"Maidstone town, Essex County, Vermont",1810,714,town
5000942475,"Maidstone town, Essex County, Vermont",1820,165,town
5000942475,"Maidstone town, Essex County, Vermont",1830,236,town
5000942475,"Maidstone town, Essex County, Vermont",1840,271,town
5000942475,"Maidstone town, Essex County, Vermont",1850,237,town
5000942475,"Maidstone town, Essex County, Vermont",1860,259,town
5000942475,"Maidstone town, Essex County, Vermont",1870,254,town
5000942475,"Maidstone town, Essex County, Vermont",1880,286,town
5000942475,"Maidstone town, Essex County, Vermont",1890,198,town
5000942475,"Maidstone town, Essex County, Vermont",1900,206,town
5000942475,"Maidstone town, Essex County, Vermont",1910,175,town
5000942475,"Maidstone town, Essex County, Vermont",1920,171,town
5000942475,"Maidstone town, Essex County, Vermont",1930,123,town
5000942475,"Maidstone town, Essex County, Vermont",1940,96,town
5000942475,"Maidstone town, Essex County, Vermont",1950,81,town
5000942475,"Maidstone town, Essex County, Vermont",1960,78,town
5000942475,"Maidstone town, Essex County, Vermont",1970,94,town
5000942475,"Maidstone town, Essex County, Vermont",1980,100,town
5000942475,"Maidstone town, Essex County, Vermont",1990,131,town
5000942475,"Maidstone town, Essex County, Vermont",2000,105,town
5000942475,"Maidstone town, Essex County, Vermont",2010,208,town
5000942475,"Maidstone town, Essex County, Vermont",2020,211,town
5000342850,"Manchester town, Bennington County, Vermont",1791,1278,town
5000342850,"Manchester town, Bennington County, Vermont",1800,1397,town
5000342850,"Manchester town, Bennington County, Vermont",1810,1502,town
5000342850,"Manchester town, Bennington County, Vermont",1820,1508,town
5000342850,"Manchester town, Bennington County, Vermont",1830,1525,town
5000342850,"Manchester town, Bennington County, Vermont",1840,1594,town
5000342850,"Manchester town, Bennington County, Vermont",1850,1762,town
5000342850,"Manchester town, Bennington County, Vermont",1860,1688,town
5000342850,"Manchester town, Bennington County, Vermont",1870,1897,town
5000342850,"Manchester town, Bennington County, Vermont",1880,1928,town
5000342850,"Manchester town, Bennington County, Vermont",1890,1907,town
5000342850,"Manchester town, Bennington County, Vermont",1900,1955,town
5000342850,"Manchester town, Bennington County, Vermont",1910,2044,town
5000342850,"Manchester town, Bennington County, Vermont",1920,2057,town
5000342850,"Manchester town, Bennington County, Vermont",1930,2004,town
5000342850,"Manchester town, Bennington County, Vermont",1940,2139,town
5000342850,"Manchester town, Bennington County, Vermont",1950,2425,town
5000342850,"Manchester town, Bennington County, Vermont",1960,2470,town
5000342850,"Manchester town, Bennington County, Vermont",1970,2919,town
5000342850,"Manchester town, Bennington County, Vermont",1980,3261,town
5000342850,"Manchester town, Bennington County, Vermont",1990,3622,town
5000342850,"Manchester town, Bennington County, Vermont",2000,4180,town
5000342850,"Manchester town, Bennington County, Vermont",2010,4391,town
5000342850,"Manchester town, Bennington County, Vermont",2020,4484,town
5002543375,"Marlboro town, Windham County, Vermont",1791,629,town
5002543375,"Marlboro town, Windham County, Vermont",1800,1087,town
5002543375,"Marlboro town, Windham County, Vermont",1810,1245,town
5002543375,"Marlboro town, Windham County, Vermont",1820,1296,town
5002543375,"Marlboro town, Windham County, Vermont",1830,1218,town
5002543375,"Marlboro town, Windham County, Vermont",1840,1027,town
5002543375,"Marlboro town, Windham County, Vermont",1850,896,town
5002543375,"Marlboro town, Windham County, Vermont",1860,741,town
5002543375,"Marlboro town, Windham County, Vermont",1870,665,town
5002543375,"Marlboro town, Windham County, Vermont",1880,563,town
5002543375,"Marlboro town, Windham County, Vermont",1890,495,town
5002543375,"Marlboro town, Windham County, Vermont",1900,448,town
5002543375,"Marlboro town, Windham County, Vermont",1910,442,town
5002543375,"Marlboro town, Windham County, Vermont",1920,300,town
5002543375,"Marlboro town, Windham County, Vermont",1930,255,town
5002543375,"Marlboro town, Windham County, Vermont",1940,225,town
5002543375,"Marlboro town, Windham County, Vermont",1950,311,town
5002543375,"Marlboro town, Windham County, Vermont",1960,347,town
5002543375,"Marlboro town, Windham County, Vermont",1970,592,town
5002543375,"Marlboro town, Windham County, Vermont",1980,695,town
5002543375,"Marlboro town, Windham County, Vermont",1990,924,town
5002543375,"Marlboro town, Windham County, Vermont",2000,978,town
5002543375,"Marlboro town, Windham County, Vermont",2010,1078,town
5002543375,"Marlboro town, Windham County, Vermont",2020,1722,town
5002343600,"Marshfield town, Washington County, Vermont",1791,0,town
5002343600,"Marshfield town, Washington County, Vermont",1800,172,town
5002343600,"Marshfield town, Washington County, Vermont",1810,513,town
5002343600,"Marshfield town, Washington County, Vermont",1820,710,town
5002343600,"Marshfield town, Washington County, Vermont",1830,1271,town
5002343600,"Marshfield town, Washington County, Vermont",1840,1156,town
5002343600,"Marshfield town, Washington County, Vermont",1850,1102,town
5002343600,"Marshfield town, Washington County, Vermont",1860,1160,town
5002343600,"Marshfield town, Washington County, Vermont",1870,1072,town
5002343600,"Marshfield town, Washington County, Vermont",1880,1102,town
5002343600,"Marshfield town, Washington County, Vermont",1890,1121,town
5002343600,"Marshfield town, Washington County, Vermont",1900,1032,town
5002343600,"Marshfield town, Washington County, Vermont",1910,1011,town
5002343600,"Marshfield town, Washington County, Vermont",1920,898,town
5002343600,"Marshfield town, Washington County, Vermont",1930,872,town
5002343600,"Marshfield town, Washington County, Vermont",1940,901,town
5002343600,"Marshfield town, Washington County, Vermont",1950,830,town
5002343600,"Marshfield town, Washington County, Vermont",1960,891,town
5002343600,"Marshfield town, Washington County, Vermont",1970,1033,town
5002343600,"Marshfield town, Washington County, Vermont",1980,1267,town
5002343600,"Marshfield town, Washington County, Vermont",1990,1331,town
5002343600,"Marshfield town, Washington County, Vermont",2000,1496,town
5002343600,"Marshfield town, Washington County, Vermont",2010,1588,town
5002343600,"Marshfield town, Washington County, Vermont",2020,1583,town
5002144125,"Mendon town, Rutland County, Vermont",1791,34,town
5002144125,"Mendon town, Rutland County, Vermont",1800,39,town
5002144125,"Mendon town, Rutland County, Vermont",1810,111,town
5002144125,"Mendon town, Rutland County, Vermont",1820,174,town
5002144125,"Mendon town, Rutland County, Vermont",1830,432,town
5002144125,"Mendon town, Rutland County, Vermont",1840,545,town
5002144125,"Mendon town, Rutland County, Vermont",1850,504,town
5002144125,"Mendon town, Rutland County, Vermont",1860,633,town
5002144125,"Mendon town, Rutland County, Vermont",1870,612,town
5002144125,"Mendon town, Rutland County, Vermont",1880,629,town
5002144125,"Mendon town, Rutland County, Vermont",1890,570,town
5002144125,"Mendon town, Rutland County, Vermont",1900,392,town
5002144125,"Mendon town, Rutland County, Vermont",1910,321,town
5002144125,"Mendon town, Rutland County, Vermont",1920,264,town
5002144125,"Mendon town, Rutland County, Vermont",1930,251,town
5002144125,"Mendon town, Rutland County, Vermont",1940,313,town
5002144125,"Mendon town, Rutland County, Vermont",1950,334,town
5002144125,"Mendon town, Rutland County, Vermont",1960,461,town
5002144125,"Mendon town, Rutland County, Vermont",1970,743,town
5002144125,"Mendon town, Rutland County, Vermont",1980,1056,town
5002144125,"Mendon town, Rutland County, Vermont",1990,1049,town
5002144125,"Mendon town, Rutland County, Vermont",2000,1028,town
5002144125,"Mendon town, Rutland County, Vermont",2010,1059,town
5002144125,"Mendon town, Rutland County, Vermont",2020,1149,town
5000144350,"Middlebury town, Addison County, Vermont",1791,398,town
5000144350,"Middlebury town, Addison County, Vermont",1800,1263,town
5000144350,"Middlebury town, Addison County, Vermont",1810,2138,town
5000144350,"Middlebury town, Addison County, Vermont",1820,2635,town
5000144350,"Middlebury town, Addison County, Vermont",1830,3468,town
5000144350,"Middlebury town, Addison County, Vermont",1840,3162,town
5000144350,"Middlebury town, Addison County, Vermont",1850,3517,town
5000144350,"Middlebury town, Addison County, Vermont",1860,2879,town
5000144350,"Middlebury town, Addison County, Vermont",1870,3086,town
5000144350,"Middlebury town, Addison County, Vermont",1880,2995,town
5000144350,"Middlebury town, Addison County, Vermont",1890,2793,town
5000144350,"Middlebury town, Addison County, Vermont",1900,3045,town
5000144350,"Middlebury town, Addison County, Vermont",1910,2848,town
5000144350,"Middlebury town, Addison County, Vermont",1920,2914,town
5000144350,"Middlebury town, Addison County, Vermont",1930,2968,town
5000144350,"Middlebury town, Addison County, Vermont",1940,3175,town
5000144350,"Middlebury town, Addison County, Vermont",1950,4778,town
5000144350,"Middlebury town, Addison County, Vermont",1960,5305,town
5000144350,"Middlebury town, Addison County, Vermont",1970,6532,town
5000144350,"Middlebury town, Addison County, Vermont",1980,7574,town
5000144350,"Middlebury town, Addison County, Vermont",1990,8034,town
5000144350,"Middlebury town, Addison County, Vermont",2000,8183,town
5000144350,"Middlebury town, Addison County, Vermont",2010,8496,town
5000144350,"Middlebury town, Addison County, Vermont",2020,9152,town
5002344500,"Middlesex town, Washington County, Vermont",1791,60,town
5002344500,"Middlesex town, Washington County, Vermont",1800,262,town
5002344500,"Middlesex town, Washington County, Vermont",1810,401,town
5002344500,"Middlesex town, Washington County, Vermont",1820,726,town
5002344500,"Middlesex town, Washington County, Vermont",1830,1156,town
5002344500,"Middlesex town, Washington County, Vermont",1840,1270,town
5002344500,"Middlesex town, Washington County, Vermont",1850,1365,town
5002344500,"Middlesex town, Washington County, Vermont",1860,1254,town
5002344500,"Middlesex town, Washington County, Vermont",1870,1171,town
5002344500,"Middlesex town, Washington County, Vermont",1880,1087,town
5002344500,"Middlesex town, Washington County, Vermont",1890,889,town
5002344500,"Middlesex town, Washington County, Vermont",1900,883,town
5002344500,"Middlesex town, Washington County, Vermont",1910,858,town
5002344500,"Middlesex town, Washington County, Vermont",1920,762,town
5002344500,"Middlesex town, Washington County, Vermont",1930,751,town
5002344500,"Middlesex town, Washington County, Vermont",1940,817,town
5002344500,"Middlesex town, Washington County, Vermont",1950,887,town
5002344500,"Middlesex town, Washington County, Vermont",1960,770,town
5002344500,"Middlesex town, Washington County, Vermont",1970,857,town
5002344500,"Middlesex town, Washington County, Vermont",1980,1235,town
5002344500,"Middlesex town, Washington County, Vermont",1990,1514,town
5002344500,"Middlesex town, Washington County, Vermont",2000,1729,town
5002344500,"Middlesex town, Washington County, Vermont",2010,1731,town
5002344500,"Middlesex town, Washington County, Vermont",2020,1779,town
5002144800,"Middletown Springs town, Rutland County, Vermont",1791,699,town
5002144800,"Middletown Springs town, Rutland County, Vermont",1800,1066,town
5002144800,"Middletown Springs town, Rutland County, Vermont",1810,1207,town
5002144800,"Middletown Springs town, Rutland County, Vermont",1820,1039,town
5002144800,"Middletown Springs town, Rutland County, Vermont",1830,919,town
5002144800,"Middletown Springs town, Rutland County, Vermont",1840,1057,town
5002144800,"Middletown Springs town, Rutland County, Vermont",1850,875,town
5002144800,"Middletown Springs town, Rutland County, Vermont",1860,712,town
5002144800,"Middletown Springs town, Rutland County, Vermont",1870,777,town
5002144800,"Middletown Springs town, Rutland County, Vermont",1880,823,town
5002144800,"Middletown Springs town, Rutland County, Vermont",1890,786,town
5002144800,"Middletown Springs town, Rutland County, Vermont",1900,746,town
5002144800,"Middletown Springs town, Rutland County, Vermont",1910,716,town
5002144800,"Middletown Springs town, Rutland County, Vermont",1920,567,town
5002144800,"Middletown Springs town, Rutland County, Vermont",1930,583,town
5002144800,"Middletown Springs town, Rutland County, Vermont",1940,493,town
5002144800,"Middletown Springs town, Rutland County, Vermont",1950,496,town
5002144800,"Middletown Springs town, Rutland County, Vermont",1960,381,town
5002144800,"Middletown Springs town, Rutland County, Vermont",1970,426,town
5002144800,"Middletown Springs town, Rutland County, Vermont",1980,603,town
5002144800,"Middletown Springs town, Rutland County, Vermont",1990,686,town
5002144800,"Middletown Springs town, Rutland County, Vermont",2000,823,town
5002144800,"Middletown Springs town, Rutland County, Vermont",2010,745,town
5002144800,"Middletown Springs town, Rutland County, Vermont",2020,794,town
5000745250,"Milton town, Chittenden County, Vermont",1791,283,town
5000745250,"Milton town, Chittenden County, Vermont",1800,786,town
5000745250,"Milton town, Chittenden County, Vermont",1810,1546,town
5000745250,"Milton town, Chittenden County, Vermont",1820,1746,town
5000745250,"Milton town, Chittenden County, Vermont",1830,2100,town
5000745250,"Milton town, Chittenden County, Vermont",1840,2134,town
5000745250,"Milton town, Chittenden County, Vermont",1850,2451,town
5000745250,"Milton town, Chittenden County, Vermont",1860,1983,town
5000745250,"Milton town, Chittenden County, Vermont",1870,2062,town
5000745250,"Milton town, Chittenden County, Vermont",1880,2006,town
5000745250,"Milton town, Chittenden County, Vermont",1890,1885,town
5000745250,"Milton town, Chittenden County, Vermont",1900,1804,town
5000745250,"Milton town, Chittenden County, Vermont",1910,1648,town
5000745250,"Milton town, Chittenden County, Vermont",1920,1523,town
5000745250,"Milton town, Chittenden County, Vermont",1930,1663,town
5000745250,"Milton town, Chittenden County, Vermont",1940,1750,town
5000745250,"Milton town, Chittenden County, Vermont",1950,1874,town
5000745250,"Milton town, Chittenden County, Vermont",1960,2022,town
5000745250,"Milton town, Chittenden County, Vermont",1970,4495,town
5000745250,"Milton town, Chittenden County, Vermont",1980,6829,town
5000745250,"Milton town, Chittenden County, Vermont",1990,8404,town
5000745250,"Milton town, Chittenden County, Vermont",2000,9479,town
5000745250,"Milton town, Chittenden County, Vermont",2010,10352,town
5000745250,"Milton town, Chittenden County, Vermont",2020,10723,town
5000145550,"Monkton town, Addison County, Vermont",1791,449,town
5000145550,"Monkton town, Addison County, Vermont",1800,880,town
5000145550,"Monkton town, Addison County, Vermont",1810,1248,town
5000145550,"Monkton town, Addison County, Vermont",1820,1152,town
5000145550,"Monkton town, Addison County, Vermont",1830,1384,town
5000145550,"Monkton town, Addison County, Vermont",1840,1310,town
5000145550,"Monkton town, Addison County, Vermont",1850,1246,town
5000145550,"Monkton town, Addison County, Vermont",1860,1123,town
5000145550,"Monkton town, Addison County, Vermont",1870,1006,town
5000145550,"Monkton town, Addison County, Vermont",1880,1025,town
5000145550,"Monkton town, Addison County, Vermont",1890,847,town
5000145550,"Monkton town, Addison County, Vermont",1900,912,town
5000145550,"Monkton town, Addison County, Vermont",1910,724,town
5000145550,"Monkton town, Addison County, Vermont",1920,671,town
5000145550,"Monkton town, Addison County, Vermont",1930,683,town
5000145550,"Monkton town, Addison County, Vermont",1940,575,town
5000145550,"Monkton town, Addison County, Vermont",1950,520,town
5000145550,"Monkton town, Addison County, Vermont",1960,551,town
5000145550,"Monkton town, Addison County, Vermont",1970,765,town
5000145550,"Monkton town, Addison County, Vermont",1980,1201,town
5000145550,"Monkton town, Addison County, Vermont",1990,1482,town
5000145550,"Monkton town, Addison County, Vermont",2000,1759,town
5000145550,"Monkton town, Addison County, Vermont",2010,1980,town
5000145550,"Monkton town, Addison County, Vermont",2020,2079,town
5001145850,"Montgomery town, Franklin County, Vermont",1791,0,town
5001145850,"Montgomery town, Franklin County, Vermont",1800,36,town
5001145850,"Montgomery town, Franklin County, Vermont",1810,237,town
5001145850,"Montgomery town, Franklin County, Vermont",1820,293,town
5001145850,"Montgomery town, Franklin County, Vermont",1830,460,town
5001145850,"Montgomery town, Franklin County, Vermont",1840,564,town
5001145850,"Montgomery town, Franklin County, Vermont",1850,1001,town
5001145850,"Montgomery town, Franklin County, Vermont",1860,1262,town
5001145850,"Montgomery town, Franklin County, Vermont",1870,1423,town
5001145850,"Montgomery town, Franklin County, Vermont",1880,1642,town
5001145850,"Montgomery town, Franklin County, Vermont",1890,1734,town
5001145850,"Montgomery town, Franklin County, Vermont",1900,1876,town
5001145850,"Montgomery town, Franklin County, Vermont",1910,1721,town
5001145850,"Montgomery town, Franklin County, Vermont",1920,1658,town
5001145850,"Montgomery town, Franklin County, Vermont",1930,1386,town
5001145850,"Montgomery town, Franklin County, Vermont",1940,1208,town
5001145850,"Montgomery town, Franklin County, Vermont",1950,1091,town
5001145850,"Montgomery town, Franklin County, Vermont",1960,876,town
5001145850,"Montgomery town, Franklin County, Vermont",1970,651,town
5001145850,"Montgomery town, Franklin County, Vermont",1980,681,town
5001145850,"Montgomery town, Franklin County, Vermont",1990,823,town
5001145850,"Montgomery town, Franklin County, Vermont",2000,992,town
5001145850,"Montgomery town, Franklin County, Vermont",2010,1201,town
5001145850,"Montgomery town, Franklin County, Vermont",2020,1184,town
5002346000,"Montpelier city, Washington County, Vermont",1791,118,town
5002346000,"Montpelier city, Washington County, Vermont",1800,890,town
5002346000,"Montpelier city, Washington County, Vermont",1810,1877,town
5002346000,"Montpelier city, Washington County, Vermont",1820,2308,town
5002346000,"Montpelier city, Washington County, Vermont",1830,1193,town
5002346000,"Montpelier city, Washington County, Vermont",1840,3725,town
5002346000,"Montpelier city, Washington County, Vermont",1850,2310,town
5002346000,"Montpelier city, Washington County, Vermont",1860,2411,town
5002346000,"Montpelier city, Washington County, Vermont",1870,3023,town
5002346000,"Montpelier city, Washington County, Vermont",1880,3219,town
5002346000,"Montpelier city, Washington County, Vermont",1890,4160,town
5002346000,"Montpelier city, Washington County, Vermont",1900,6266,town
5002346000,"Montpelier city, Washington County, Vermont",1910,7856,town
5002346000,"Montpelier city, Washington County, Vermont",1920,7125,town
5002346000,"Montpelier city, Washington County, Vermont",1930,7837,town
5002346000,"Montpelier city, Washington County, Vermont",1940,8006,town
5002346000,"Montpelier city, Washington County, Vermont",1950,8599,town
5002346000,"Montpelier city, Washington County, Vermont",1960,8782,town
5002346000,"Montpelier city, Washington County, Vermont",1970,8609,town
5002346000,"Montpelier city, Washington County, Vermont",1980,8241,town
5002346000,"Montpelier city, Washington County, Vermont",1990,8247,town
5002346000,"Montpelier city, Washington County, Vermont",2000,8035,town
5002346000,"Montpelier city, Washington County, Vermont",2010,7855,town
5002346000,"Montpelier city, Washington County, Vermont",2020,8074,town
5002346225,"Moretown, Washington County, Vermont",1791,24,town
5002346225,"Moretown, Washington County, Vermont",1800,191,town
5002346225,"Moretown, Washington County, Vermont",1810,405,town
5002346225,"Moretown, Washington County, Vermont",1820,593,town
5002346225,"Moretown, Washington County, Vermont",1830,816,town
5002346225,"Moretown, Washington County, Vermont",1840,1128,town
5002346225,"Moretown, Washington County, Vermont",1850,1335,town
5002346225,"Moretown, Washington County, Vermont",1860,1410,town
5002346225,"Moretown, Washington County, Vermont",1870,1263,town
5002346225,"Moretown, Washington County, Vermont",1880,1180,town
5002346225,"Moretown, Washington County, Vermont",1890,956,town
5002346225,"Moretown, Washington County, Vermont",1900,902,town
5002346225,"Moretown, Washington County, Vermont",1910,686,town
5002346225,"Moretown, Washington County, Vermont",1920,930,town
5002346225,"Moretown, Washington County, Vermont",1930,889,town
5002346225,"Moretown, Washington County, Vermont",1940,675,town
5002346225,"Moretown, Washington County, Vermont",1950,883,town
5002346225,"Moretown, Washington County, Vermont",1960,788,town
5002346225,"Moretown, Washington County, Vermont",1970,904,town
5002346225,"Moretown, Washington County, Vermont",1980,1221,town
5002346225,"Moretown, Washington County, Vermont",1990,1415,town
5002346225,"Moretown, Washington County, Vermont",2000,1653,town
5002346225,"Moretown, Washington County, Vermont",2010,1658,town
5002346225,"Moretown, Washington County, Vermont",2020,1753,town
5001946450,"Morgan town, Orleans County, Vermont",1791,0,town
5001946450,"Morgan town, Orleans County, Vermont",1800,0,town
5001946450,"Morgan town, Orleans County, Vermont",1810,135,town
5001946450,"Morgan town, Orleans County, Vermont",1820,116,town
5001946450,"Morgan town, Orleans County, Vermont",1830,331,town
5001946450,"Morgan town, Orleans County, Vermont",1840,422,town
5001946450,"Morgan town, Orleans County, Vermont",1850,486,town
5001946450,"Morgan town, Orleans County, Vermont",1860,548,town
5001946450,"Morgan town, Orleans County, Vermont",1870,614,town
5001946450,"Morgan town, Orleans County, Vermont",1880,711,town
5001946450,"Morgan town, Orleans County, Vermont",1890,520,town
5001946450,"Morgan town, Orleans County, Vermont",1900,510,town
5001946450,"Morgan town, Orleans County, Vermont",1910,463,town
5001946450,"Morgan town, Orleans County, Vermont",1920,368,town
5001946450,"Morgan town, Orleans County, Vermont",1930,363,town
5001946450,"Morgan town, Orleans County, Vermont",1940,335,town
5001946450,"Morgan town, Orleans County, Vermont",1950,296,town
5001946450,"Morgan town, Orleans County, Vermont",1960,260,town
5001946450,"Morgan town, Orleans County, Vermont",1970,286,town
5001946450,"Morgan town, Orleans County, Vermont",1980,460,town
5001946450,"Morgan town, Orleans County, Vermont",1990,497,town
5001946450,"Morgan town, Orleans County, Vermont",2000,669,town
5001946450,"Morgan town, Orleans County, Vermont",2010,749,town
5001946450,"Morgan town, Orleans County, Vermont",2020,638,town
5001546675,"Morristown, Lamoille County, Vermont",1791,10,town
5001546675,"Morristown, Lamoille County, Vermont",1800,144,town
5001546675,"Morristown, Lamoille County, Vermont",1810,550,town
5001546675,"Morristown, Lamoille County, Vermont",1820,726,town
5001546675,"Morristown, Lamoille County, Vermont",1830,1315,town
5001546675,"Morristown, Lamoille County, Vermont",1840,1502,town
5001546675,"Morristown, Lamoille County, Vermont",1850,1441,town
5001546675,"Morristown, Lamoille County, Vermont",1860,1751,town
5001546675,"Morristown, Lamoille County, Vermont",1870,1897,town
5001546675,"Morristown, Lamoille County, Vermont",1880,2099,town
5001546675,"Morristown, Lamoille County, Vermont",1890,2411,town
5001546675,"Morristown, Lamoille County, Vermont",1900,2583,town
5001546675,"Morristown, Lamoille County, Vermont",1910,2652,town
5001546675,"Morristown, Lamoille County, Vermont",1920,2813,town
5001546675,"Morristown, Lamoille County, Vermont",1930,2939,town
5001546675,"Morristown, Lamoille County, Vermont",1940,3130,town
5001546675,"Morristown, Lamoille County, Vermont",1950,3225,town
5001546675,"Morristown, Lamoille County, Vermont",1960,3347,town
5001546675,"Morristown, Lamoille County, Vermont",1970,4052,town
5001546675,"Morristown, Lamoille County, Vermont",1980,4448,town
5001546675,"Morristown, Lamoille County, Vermont",1990,4733,town
5001546675,"Morristown, Lamoille County, Vermont",2000,5139,town
5001546675,"Morristown, Lamoille County, Vermont",2010,5227,town
5001546675,"Morristown, Lamoille County, Vermont",2020,5434,town
5002147200,"Mount Holly town, Rutland County, Vermont",1791,0,town
5002147200,"Mount Holly town, Rutland County, Vermont",1800,668,town
5002147200,"Mount Holly town, Rutland County, Vermont",1810,922,town
5002147200,"Mount Holly town, Rutland County, Vermont",1820,1157,town
5002147200,"Mount Holly town, Rutland County, Vermont",1830,1318,town
5002147200,"Mount Holly town, Rutland County, Vermont",1840,1356,town
5002147200,"Mount Holly town, Rutland County, Vermont",1850,1534,town
5002147200,"Mount Holly town, Rutland County, Vermont",1860,1522,town
5002147200,"Mount Holly town, Rutland County, Vermont",1870,1582,town
5002147200,"Mount Holly town, Rutland County, Vermont",1880,1390,town
5002147200,"Mount Holly town, Rutland County, Vermont",1890,1214,town
5002147200,"Mount Holly town, Rutland County, Vermont",1900,999,town
5002147200,"Mount Holly town, Rutland County, Vermont",1910,871,town
5002147200,"Mount Holly town, Rutland County, Vermont",1920,856,town
5002147200,"Mount Holly town, Rutland County, Vermont",1930,727,town
5002147200,"Mount Holly town, Rutland County, Vermont",1940,656,town
5002147200,"Mount Holly town, Rutland County, Vermont",1950,567,town
5002147200,"Mount Holly town, Rutland County, Vermont",1960,517,town
5002147200,"Mount Holly town, Rutland County, Vermont",1970,687,town
5002147200,"Mount Holly town, Rutland County, Vermont",1980,938,town
5002147200,"Mount Holly town, Rutland County, Vermont",1990,1093,town
5002147200,"Mount Holly town, Rutland County, Vermont",2000,1241,town
5002147200,"Mount Holly town, Rutland County, Vermont",2010,1237,town
5002147200,"Mount Holly town, Rutland County, Vermont",2020,1385,town
5002147425,"Mount Tabor town, Rutland County, Vermont",1791,165,town
5002147425,"Mount Tabor town, Rutland County, Vermont",1800,153,town
5002147425,"Mount Tabor town, Rutland County, Vermont",1810,209,town
5002147425,"Mount Tabor town, Rutland County, Vermont",1820,222,town
5002147425,"Mount Tabor town, Rutland County, Vermont",1830,210,town
5002147425,"Mount Tabor town, Rutland County, Vermont",1840,226,town
5002147425,"Mount Tabor town, Rutland County, Vermont",1850,308,town
5002147425,"Mount Tabor town, Rutland County, Vermont",1860,358,town
5002147425,"Mount Tabor town, Rutland County, Vermont",1870,301,town
5002147425,"Mount Tabor town, Rutland County, Vermont",1880,495,town
5002147425,"Mount Tabor town, Rutland County, Vermont",1890,436,town
5002147425,"Mount Tabor town, Rutland County, Vermont",1900,494,town
5002147425,"Mount Tabor town, Rutland County, Vermont",1910,289,town
5002147425,"Mount Tabor town, Rutland County, Vermont",1920,168,town
5002147425,"Mount Tabor town, Rutland County, Vermont",1930,173,town
5002147425,"Mount Tabor town, Rutland County, Vermont",1940,213,town
5002147425,"Mount Tabor town, Rutland County, Vermont",1950,186,town
5002147425,"Mount Tabor town, Rutland County, Vermont",1960,165,town
5002147425,"Mount Tabor town, Rutland County, Vermont",1970,184,town
5002147425,"Mount Tabor town, Rutland County, Vermont",1980,211,town
5002147425,"Mount Tabor town, Rutland County, Vermont",1990,214,town
5002147425,"Mount Tabor town, Rutland County, Vermont",2000,203,town
5002147425,"Mount Tabor town, Rutland County, Vermont",2010,255,town
5002147425,"Mount Tabor town, Rutland County, Vermont",2020,210,town
5000148700,"New Haven town, Addison County, Vermont",1791,717,town
5000148700,"New Haven town, Addison County, Vermont",1800,1135,town
5000148700,"New Haven town, Addison County, Vermont",1810,1688,town
5000148700,"New Haven town, Addison County, Vermont",1820,1566,town
5000148700,"New Haven town, Addison County, Vermont",1830,1834,town
5000148700,"New Haven town, Addison County, Vermont",1840,1503,town
5000148700,"New Haven town, Addison County, Vermont",1850,1663,town
5000148700,"New Haven town, Addison County, Vermont",1860,1419,town
5000148700,"New Haven town, Addison County, Vermont",1870,1355,town
5000148700,"New Haven town, Addison County, Vermont",1880,1355,town
5000148700,"New Haven town, Addison County, Vermont",1890,1224,town
5000148700,"New Haven town, Addison County, Vermont",1900,1107,town
5000148700,"New Haven town, Addison County, Vermont",1910,1161,town
5000148700,"New Haven town, Addison County, Vermont",1920,1001,town
5000148700,"New Haven town, Addison County, Vermont",1930,964,town
5000148700,"New Haven town, Addison County, Vermont",1940,881,town
5000148700,"New Haven town, Addison County, Vermont",1950,932,town
5000148700,"New Haven town, Addison County, Vermont",1960,922,town
5000148700,"New Haven town, Addison County, Vermont",1970,1039,town
5000148700,"New Haven town, Addison County, Vermont",1980,1217,town
5000148700,"New Haven town, Addison County, Vermont",1990,1375,town
5000148700,"New Haven town, Addison County, Vermont",2000,1666,town
5000148700,"New Haven town, Addison County, Vermont",2010,1727,town
5000148700,"New Haven town, Addison County, Vermont",2020,1683,town
5000547725,"Newark town, Caledonia County, Vermont",1791,0,town
5000547725,"Newark town, Caledonia County, Vermont",1800,8,town
5000547725,"Newark town, Caledonia County, Vermont",1810,88,town
5000547725,"Newark town, Caledonia County, Vermont",1820,154,town
5000547725,"Newark town, Caledonia County, Vermont",1830,257,town
5000547725,"Newark town, Caledonia County, Vermont",1840,360,town
5000547725,"Newark town, Caledonia County, Vermont",1850,434,town
5000547725,"Newark town, Caledonia County, Vermont",1860,567,town
5000547725,"Newark town, Caledonia County, Vermont",1870,593,town
5000547725,"Newark town, Caledonia County, Vermont",1880,679,town
5000547725,"Newark town, Caledonia County, Vermont",1890,536,town
5000547725,"Newark town, Caledonia County, Vermont",1900,500,town
5000547725,"Newark town, Caledonia County, Vermont",1910,415,town
5000547725,"Newark town, Caledonia County, Vermont",1920,364,town
5000547725,"Newark town, Caledonia County, Vermont",1930,301,town
5000547725,"Newark town, Caledonia County, Vermont",1940,242,town
5000547725,"Newark town, Caledonia County, Vermont",1950,192,town
5000547725,"Newark town, Caledonia County, Vermont",1960,151,town
5000547725,"Newark town, Caledonia County, Vermont",1970,144,town
5000547725,"Newark town, Caledonia County, Vermont",1980,280,town
5000547725,"Newark town, Caledonia County, Vermont",1990,354,town
5000547725,"Newark town, Caledonia County, Vermont",2000,470,town
5000547725,"Newark town, Caledonia County, Vermont",2010,581,town
5000547725,"Newark town, Caledonia County, Vermont",2020,584,town
5001748175,"Newbury town, Orange County, Vermont",1791,873,town
5001748175,"Newbury town, Orange County, Vermont",1800,1304,town
5001748175,"Newbury town, Orange County, Vermont",1810,1363,town
5001748175,"Newbury town, Orange County, Vermont",1820,1623,town
5001748175,"Newbury town, Orange County, Vermont",1830,2252,town
5001748175,"Newbury town, Orange County, Vermont",1840,2578,town
5001748175,"Newbury town, Orange County, Vermont",1850,2984,town
5001748175,"Newbury town, Orange County, Vermont",1860,2549,town
5001748175,"Newbury town, Orange County, Vermont",1870,2241,town
5001748175,"Newbury town, Orange County, Vermont",1880,2316,town
5001748175,"Newbury town, Orange County, Vermont",1890,2080,town
5001748175,"Newbury town, Orange County, Vermont",1900,2125,town
5001748175,"Newbury town, Orange County, Vermont",1910,2036,town
5001748175,"Newbury town, Orange County, Vermont",1920,1908,town
5001748175,"Newbury town, Orange County, Vermont",1930,1744,town
5001748175,"Newbury town, Orange County, Vermont",1940,1723,town
5001748175,"Newbury town, Orange County, Vermont",1950,1667,town
5001748175,"Newbury town, Orange County, Vermont",1960,1452,town
5001748175,"Newbury town, Orange County, Vermont",1970,1440,town
5001748175,"Newbury town, Orange County, Vermont",1980,1699,town
5001748175,"Newbury town, Orange County, Vermont",1990,1985,town
5001748175,"Newbury town, Orange County, Vermont",2000,1955,town
5001748175,"Newbury town, Orange County, Vermont",2010,2216,town
5001748175,"Newbury town, Orange County, Vermont",2020,2293,town
5002548400,"Newfane town, Windham County, Vermont",1791,860,town
5002548400,"Newfane town, Windham County, Vermont",1800,1000,town
5002548400,"Newfane town, Windham County, Vermont",1810,1276,town
5002548400,"Newfane town, Windham County, Vermont",1820,1506,town
5002548400,"Newfane town, Windham County, Vermont",1830,1441,town
5002548400,"Newfane town, Windham County, Vermont",1840,1403,town
5002548400,"Newfane town, Windham County, Vermont",1850,1304,town
5002548400,"Newfane town, Windham County, Vermont",1860,1192,town
5002548400,"Newfane town, Windham County, Vermont",1870,1115,town
5002548400,"Newfane town, Windham County, Vermont",1880,1031,town
5002548400,"Newfane town, Windham County, Vermont",1890,962,town
5002548400,"Newfane town, Windham County, Vermont",1900,902,town
5002548400,"Newfane town, Windham County, Vermont",1910,820,town
5002548400,"Newfane town, Windham County, Vermont",1920,710,town
5002548400,"Newfane town, Windham County, Vermont",1930,662,town
5002548400,"Newfane town, Windham County, Vermont",1940,672,town
5002548400,"Newfane town, Windham County, Vermont",1950,708,town
5002548400,"Newfane town, Windham County, Vermont",1960,714,town
5002548400,"Newfane town, Windham County, Vermont",1970,900,town
5002548400,"Newfane town, Windham County, Vermont",1980,1129,town
5002548400,"Newfane town, Windham County, Vermont",1990,1555,town
5002548400,"Newfane town, Windham County, Vermont",2000,1680,town
5002548400,"Newfane town, Windham County, Vermont",2010,1726,town
5002548400,"Newfane town, Windham County, Vermont",2020,1645,town
5001948850,"Newport city, Orleans County, Vermont",1791,0,town
5001948850,"Newport city, Orleans County, Vermont",1800,0,town
5001948850,"Newport city, Orleans County, Vermont",1810,0,town
5001948850,"Newport city, Orleans County, Vermont",1820,0,town
5001948850,"Newport city, Orleans County, Vermont",1830,0,town
5001948850,"Newport city, Orleans County, Vermont",1840,0,town
5001948850,"Newport city, Orleans County, Vermont",1850,0,town
5001948850,"Newport city, Orleans County, Vermont",1860,0,town
5001948850,"Newport city, Orleans County, Vermont",1870,0,town
5001948850,"Newport city, Orleans County, Vermont",1880,0,town
5001948850,"Newport city, Orleans County, Vermont",1890,0,town
5001948850,"Newport city, Orleans County, Vermont",1900,2787,town
5001948850,"Newport city, Orleans County, Vermont",1910,3657,town
5001948850,"Newport city, Orleans County, Vermont",1920,4976,town
5001948850,"Newport city, Orleans County, Vermont",1930,5094,town
5001948850,"Newport city, Orleans County, Vermont",1940,4902,town
5001948850,"Newport city, Orleans County, Vermont",1950,5217,town
5001948850,"Newport city, Orleans County, Vermont",1960,5019,town
5001948850,"Newport city, Orleans County, Vermont",1970,4664,town
5001948850,"Newport city, Orleans County, Vermont",1980,4756,town
5001948850,"Newport city, Orleans County, Vermont",1990,4434,town
5001948850,"Newport city, Orleans County, Vermont",2000,5005,town
5001948850,"Newport city, Orleans County, Vermont",2010,4589,town
5001948850,"Newport city, Orleans County, Vermont",2020,4455,town
5001948925,"Newport town, Orleans County, Vermont",1791,0,town
5001948925,"Newport town, Orleans County, Vermont",1800,50,town
5001948925,"Newport town, Orleans County, Vermont",1810,28,town
5001948925,"Newport town, Orleans County, Vermont",1820,52,town
5001948925,"Newport town, Orleans County, Vermont",1830,284,town
5001948925,"Newport town, Orleans County, Vermont",1840,591,town
5001948925,"Newport town, Orleans County, Vermont",1850,748,town
5001948925,"Newport town, Orleans County, Vermont",1860,1197,town
5001948925,"Newport town, Orleans County, Vermont",1870,2050,town
5001948925,"Newport town, Orleans County, Vermont",1880,2426,town
5001948925,"Newport town, Orleans County, Vermont",1890,3047,town
5001948925,"Newport town, Orleans County, Vermont",1900,1239,town
5001948925,"Newport town, Orleans County, Vermont",1910,1236,town
5001948925,"Newport town, Orleans County, Vermont",1920,1187,town
5001948925,"Newport town, Orleans County, Vermont",1930,1193,town
5001948925,"Newport town, Orleans County, Vermont",1940,1064,town
5001948925,"Newport town, Orleans County, Vermont",1950,966,town
5001948925,"Newport town, Orleans County, Vermont",1960,1010,town
5001948925,"Newport town, Orleans County, Vermont",1970,1125,town
5001948925,"Newport town, Orleans County, Vermont",1980,1319,town
5001948925,"Newport town, Orleans County, Vermont",1990,1367,town
5001948925,"Newport town, Orleans County, Vermont",2000,1511,town
5001948925,"Newport town, Orleans County, Vermont",2010,1594,town
5001948925,"Newport town, Orleans County, Vermont",2020,1526,town
5001350650,"North Hero town, Grand Isle County, Vermont",1791,125,town
5001350650,"North Hero town, Grand Isle County, Vermont",1800,324,town
5001350650,"North Hero town, Grand Isle County, Vermont",1810,552,town
5001350650,"North Hero town, Grand Isle County, Vermont",1820,503,town
5001350650,"North Hero town, Grand Isle County, Vermont",1830,638,town
5001350650,"North Hero town, Grand Isle County, Vermont",1840,716,town
5001350650,"North Hero town, Grand Isle County, Vermont",1850,730,town
5001350650,"North Hero town, Grand Isle County, Vermont",1860,594,town
5001350650,"North Hero town, Grand Isle County, Vermont",1870,601,town
5001350650,"North Hero town, Grand Isle County, Vermont",1880,637,town
5001350650,"North Hero town, Grand Isle County, Vermont",1890,550,town
5001350650,"North Hero town, Grand Isle County, Vermont",1900,712,town
5001350650,"North Hero town, Grand Isle County, Vermont",1910,496,town
5001350650,"North Hero town, Grand Isle County, Vermont",1920,494,town
5001350650,"North Hero town, Grand Isle County, Vermont",1930,485,town
5001350650,"North Hero town, Grand Isle County, Vermont",1940,442,town
5001350650,"North Hero town, Grand Isle County, Vermont",1950,407,town
5001350650,"North Hero town, Grand Isle County, Vermont",1960,328,town
5001350650,"North Hero town, Grand Isle County, Vermont",1970,364,town
5001350650,"North Hero town, Grand Isle County, Vermont",1980,442,town
5001350650,"North Hero town, Grand Isle County, Vermont",1990,502,town
5001350650,"North Hero town, Grand Isle County, Vermont",2000,810,town
5001350650,"North Hero town, Grand Isle County, Vermont",2010,803,town
5001350650,"North Hero town, Grand Isle County, Vermont",2020,939,town
5002350275,"Northfield town, Washington County, Vermont",1791,40,town
5002350275,"Northfield town, Washington County, Vermont",1800,204,town
5002350275,"Northfield town, Washington County, Vermont",1810,426,town
5002350275,"Northfield town, Washington County, Vermont",1820,690,town
5002350275,"Northfield town, Washington County, Vermont",1830,1412,town
5002350275,"Northfield town, Washington County, Vermont",1840,2013,town
5002350275,"Northfield town, Washington County, Vermont",1850,2922,town
5002350275,"Northfield town, Washington County, Vermont",1860,4329,town
5002350275,"Northfield town, Washington County, Vermont",1870,3410,town
5002350275,"Northfield town, Washington County, Vermont",1880,2836,town
5002350275,"Northfield town, Washington County, Vermont",1890,2628,town
5002350275,"Northfield town, Washington County, Vermont",1900,2855,town
5002350275,"Northfield town, Washington County, Vermont",1910,3226,town
5002350275,"Northfield town, Washington County, Vermont",1920,3095,town
5002350275,"Northfield town, Washington County, Vermont",1930,3436,town
5002350275,"Northfield town, Washington County, Vermont",1940,3601,town
5002350275,"Northfield town, Washington County, Vermont",1950,4314,town
5002350275,"Northfield town, Washington County, Vermont",1960,4511,town
5002350275,"Northfield town, Washington County, Vermont",1970,4870,town
5002350275,"Northfield town, Washington County, Vermont",1980,5435,town
5002350275,"Northfield town, Washington County, Vermont",1990,5610,town
5002350275,"Northfield town, Washington County, Vermont",2000,5791,town
5002350275,"Northfield town, Washington County, Vermont",2010,6207,town
5002350275,"Northfield town, Washington County, Vermont",2020,5918,town
5000952750,"Norton town, Essex County, Vermont",1791,0,town
5000952750,"Norton town, Essex County, Vermont",1800,0,town
5000952750,"Norton town, Essex County, Vermont",1810,0,town
5000952750,"Norton town, Essex County, Vermont",1820,0,town
5000952750,"Norton town, Essex County, Vermont",1830,0,town
5000952750,"Norton town, Essex County, Vermont",1840,0,town
5000952750,"Norton town, Essex County, Vermont",1850,0,town
5000952750,"Norton town, Essex County, Vermont",1860,32,town
5000952750,"Norton town, Essex County, Vermont",1870,303,town
5000952750,"Norton town, Essex County, Vermont",1880,239,town
5000952750,"Norton town, Essex County, Vermont",1890,960,town
5000952750,"Norton town, Essex County, Vermont",1900,692,town
5000952750,"Norton town, Essex County, Vermont",1910,479,town
5000952750,"Norton town, Essex County, Vermont",1920,336,town
5000952750,"Norton town, Essex County, Vermont",1930,339,town
5000952750,"Norton town, Essex County, Vermont",1940,314,town
5000952750,"Norton town, Essex County, Vermont",1950,279,town
5000952750,"Norton town, Essex County, Vermont",1960,241,town
5000952750,"Norton town, Essex County, Vermont",1970,207,town
5000952750,"Norton town, Essex County, Vermont",1980,184,town
5000952750,"Norton town, Essex County, Vermont",1990,169,town
5000952750,"Norton town, Essex County, Vermont",2000,214,town
5000952750,"Norton town, Essex County, Vermont",2010,169,town
5000952750,"Norton town, Essex County, Vermont",2020,153,town
5002752900,"Norwich town, Windsor County, Vermont",1791,1158,town
5002752900,"Norwich town, Windsor County, Vermont",1800,1482,town
5002752900,"Norwich town, Windsor County, Vermont",1810,1812,town
5002752900,"Norwich town, Windsor County, Vermont",1820,1985,town
5002752900,"Norwich town, Windsor County, Vermont",1830,2316,town
5002752900,"Norwich town, Windsor County, Vermont",1840,2218,town
5002752900,"Norwich town, Windsor County, Vermont",1850,1978,town
5002752900,"Norwich town, Windsor County, Vermont",1860,1759,town
5002752900,"Norwich town, Windsor County, Vermont",1870,1639,town
5002752900,"Norwich town, Windsor County, Vermont",1880,1471,town
5002752900,"Norwich town, Windsor County, Vermont",1890,1304,town
5002752900,"Norwich town, Windsor County, Vermont",1900,1303,town
5002752900,"Norwich town, Windsor County, Vermont",1910,1252,town
5002752900,"Norwich town, Windsor County, Vermont",1920,1092,town
5002752900,"Norwich town, Windsor County, Vermont",1930,1371,town
5002752900,"Norwich town, Windsor County, Vermont",1940,1418,town
5002752900,"Norwich town, Windsor County, Vermont",1950,1532,town
5002752900,"Norwich town, Windsor County, Vermont",1960,1790,town
5002752900,"Norwich town, Windsor County, Vermont",1970,1966,town
5002752900,"Norwich town, Windsor County, Vermont",1980,2398,town
5002752900,"Norwich town, Windsor County, Vermont",1990,3093,town
5002752900,"Norwich town, Windsor County, Vermont",2000,3544,town
5002752900,"Norwich town, Windsor County, Vermont",2010,3414,town
5002752900,"Norwich town, Windsor County, Vermont",2020,3612,town
5001753425,"Orange town, Orange County, Vermont",1791,0,town
5001753425,"Orange town, Orange County, Vermont",1800,348,town
5001753425,"Orange town, Orange County, Vermont",1810,686,town
5001753425,"Orange town, Orange County, Vermont",1820,751,town
5001753425,"Orange town, Orange County, Vermont",1830,1016,town
5001753425,"Orange town, Orange County, Vermont",1840,984,town
5001753425,"Orange town, Orange County, Vermont",1850,1007,town
5001753425,"Orange town, Orange County, Vermont",1860,936,town
5001753425,"Orange town, Orange County, Vermont",1870,733,town
5001753425,"Orange town, Orange County, Vermont",1880,731,town
5001753425,"Orange town, Orange County, Vermont",1890,589,town
5001753425,"Orange town, Orange County, Vermont",1900,598,town
5001753425,"Orange town, Orange County, Vermont",1910,644,town
5001753425,"Orange town, Orange County, Vermont",1920,485,town
5001753425,"Orange town, Orange County, Vermont",1930,508,town
5001753425,"Orange town, Orange County, Vermont",1940,482,town
5001753425,"Orange town, Orange County, Vermont",1950,410,town
5001753425,"Orange town, Orange County, Vermont",1960,430,town
5001753425,"Orange town, Orange County, Vermont",1970,540,town
5001753425,"Orange town, Orange County, Vermont",1980,752,town
5001753425,"Orange town, Orange County, Vermont",1990,915,town
5001753425,"Orange town, Orange County, Vermont",2000,965,town
5001753425,"Orange town, Orange County, Vermont",2010,1072,town
5001753425,"Orange town, Orange County, Vermont",2020,1048,town
5000153725,"Orwell town, Addison County, Vermont",1791,778,town
5000153725,"Orwell town, Addison County, Vermont",1800,1376,town
5000153725,"Orwell town, Addison County, Vermont",1810,324,town
5000153725,"Orwell town, Addison County, Vermont",1820,1730,town
5000153725,"Orwell town, Addison County, Vermont",1830,1598,town
5000153725,"Orwell town, Addison County, Vermont",1840,1688,town
5000153725,"Orwell town, Addison County, Vermont",1850,1470,town
5000153725,"Orwell town, Addison County, Vermont",1860,1341,town
5000153725,"Orwell town, Addison County, Vermont",1870,1192,town
5000153725,"Orwell town, Addison County, Vermont",1880,1351,town
5000153725,"Orwell town, Addison County, Vermont",1890,1265,town
5000153725,"Orwell town, Addison County, Vermont",1900,1150,town
5000153725,"Orwell town, Addison County, Vermont",1910,1065,town
5000153725,"Orwell town, Addison County, Vermont",1920,942,town
5000153725,"Orwell town, Addison County, Vermont",1930,835,town
5000153725,"Orwell town, Addison County, Vermont",1940,876,town
5000153725,"Orwell town, Addison County, Vermont",1950,902,town
5000153725,"Orwell town, Addison County, Vermont",1960,826,town
5000153725,"Orwell town, Addison County, Vermont",1970,851,town
5000153725,"Orwell town, Addison County, Vermont",1980,901,town
5000153725,"Orwell town, Addison County, Vermont",1990,1114,town
5000153725,"Orwell town, Addison County, Vermont",2000,1185,town
5000153725,"Orwell town, Addison County, Vermont",2010,1250,town
5000153725,"Orwell town, Addison County, Vermont",2020,1239,town
5000153950,"Panton town, Addison County, Vermont",1791,220,town
5000153950,"Panton town, Addison County, Vermont",1800,363,town
5000153950,"Panton town, Addison County, Vermont",1810,520,town
5000153950,"Panton town, Addison County, Vermont",1820,548,town
5000153950,"Panton town, Addison County, Vermont",1830,605,town
5000153950,"Panton town, Addison County, Vermont",1840,670,town
5000153950,"Panton town, Addison County, Vermont",1850,569,town
5000153950,"Panton town, Addison County, Vermont",1860,511,town
5000153950,"Panton town, Addison County, Vermont",1870,390,town
5000153950,"Panton town, Addison County, Vermont",1880,419,town
5000153950,"Panton town, Addison County, Vermont",1890,382,town
5000153950,"Panton town, Addison County, Vermont",1900,409,town
5000153950,"Panton town, Addison County, Vermont",1910,345,town
5000153950,"Panton town, Addison County, Vermont",1920,321,town
5000153950,"Panton town, Addison County, Vermont",1930,306,town
5000153950,"Panton town, Addison County, Vermont",1940,312,town
5000153950,"Panton town, Addison County, Vermont",1950,332,town
5000153950,"Panton town, Addison County, Vermont",1960,352,town
5000153950,"Panton town, Addison County, Vermont",1970,416,town
5000153950,"Panton town, Addison County, Vermont",1980,537,town
5000153950,"Panton town, Addison County, Vermont",1990,606,town
5000153950,"Panton town, Addison County, Vermont",2000,682,town
5000153950,"Panton town, Addison County, Vermont",2010,677,town
5000153950,"Panton town, Addison County, Vermont",2020,646,town
5002154250,"Pawlet town, Rutland County, Vermont",1791,1458,town
5002154250,"Pawlet town, Rutland County, Vermont",1800,1938,town
5002154250,"Pawlet town, Rutland County, Vermont",1810,2233,town
5002154250,"Pawlet town, Rutland County, Vermont",1820,2155,town
5002154250,"Pawlet town, Rutland County, Vermont",1830,1965,town
5002154250,"Pawlet town, Rutland County, Vermont",1840,1748,town
5002154250,"Pawlet town, Rutland County, Vermont",1850,1843,town
5002154250,"Pawlet town, Rutland County, Vermont",1860,1539,town
5002154250,"Pawlet town, Rutland County, Vermont",1870,1505,town
5002154250,"Pawlet town, Rutland County, Vermont",1880,1696,town
5002154250,"Pawlet town, Rutland County, Vermont",1890,1745,town
5002154250,"Pawlet town, Rutland County, Vermont",1900,1731,town
5002154250,"Pawlet town, Rutland County, Vermont",1910,1969,town
5002154250,"Pawlet town, Rutland County, Vermont",1920,1413,town
5002154250,"Pawlet town, Rutland County, Vermont",1930,1476,town
5002154250,"Pawlet town, Rutland County, Vermont",1940,1192,town
5002154250,"Pawlet town, Rutland County, Vermont",1950,1156,town
5002154250,"Pawlet town, Rutland County, Vermont",1960,1112,town
5002154250,"Pawlet town, Rutland County, Vermont",1970,1184,town
5002154250,"Pawlet town, Rutland County, Vermont",1980,1244,town
5002154250,"Pawlet town, Rutland County, Vermont",1990,1314,town
5002154250,"Pawlet town, Rutland County, Vermont",2000,1394,town
5002154250,"Pawlet town, Rutland County, Vermont",2010,1477,town
5002154250,"Pawlet town, Rutland County, Vermont",2020,1424,town
5000554400,"Peacham town, Caledonia County, Vermont",1791,365,town
5000554400,"Peacham town, Caledonia County, Vermont",1800,873,town
5000554400,"Peacham town, Caledonia County, Vermont",1810,1301,town
5000554400,"Peacham town, Caledonia County, Vermont",1820,1294,town
5000554400,"Peacham town, Caledonia County, Vermont",1830,1351,town
5000554400,"Peacham town, Caledonia County, Vermont",1840,1443,town
5000554400,"Peacham town, Caledonia County, Vermont",1850,1377,town
5000554400,"Peacham town, Caledonia County, Vermont",1860,1247,town
5000554400,"Peacham town, Caledonia County, Vermont",1870,1141,town
5000554400,"Peacham town, Caledonia County, Vermont",1880,1041,town
5000554400,"Peacham town, Caledonia County, Vermont",1890,892,town
5000554400,"Peacham town, Caledonia County, Vermont",1900,794,town
5000554400,"Peacham town, Caledonia County, Vermont",1910,777,town
5000554400,"Peacham town, Caledonia County, Vermont",1920,657,town
5000554400,"Peacham town, Caledonia County, Vermont",1930,620,town
5000554400,"Peacham town, Caledonia County, Vermont",1940,543,town
5000554400,"Peacham town, Caledonia County, Vermont",1950,501,town
5000554400,"Peacham town, Caledonia County, Vermont",1960,433,town
5000554400,"Peacham town, Caledonia County, Vermont",1970,446,town
5000554400,"Peacham town, Caledonia County, Vermont",1980,531,town
5000554400,"Peacham town, Caledonia County, Vermont",1990,627,town
5000554400,"Peacham town, Caledonia County, Vermont",2000,665,town
5000554400,"Peacham town, Caledonia County, Vermont",2010,732,town
5000554400,"Peacham town, Caledonia County, Vermont",2020,715,town
5000355000,"Peru town, Bennington County, Vermont",1791,239,town
5000355000,"Peru town, Bennington County, Vermont",1800,314,town
5000355000,"Peru town, Bennington County, Vermont",1810,445,town
5000355000,"Peru town, Bennington County, Vermont",1820,578,town
5000355000,"Peru town, Bennington County, Vermont",1830,0,town
5000355000,"Peru town, Bennington County, Vermont",1840,0,town
5000355000,"Peru town, Bennington County, Vermont",1850,567,town
5000355000,"Peru town, Bennington County, Vermont",1860,543,town
5000355000,"Peru town, Bennington County, Vermont",1870,500,town
5000355000,"Peru town, Bennington County, Vermont",1880,556,town
5000355000,"Peru town, Bennington County, Vermont",1890,445,town
5000355000,"Peru town, Bennington County, Vermont",1900,373,town
5000355000,"Peru town, Bennington County, Vermont",1910,242,town
5000355000,"Peru town, Bennington County, Vermont",1920,216,town
5000355000,"Peru town, Bennington County, Vermont",1930,156,town
5000355000,"Peru town, Bennington County, Vermont",1940,142,town
5000355000,"Peru town, Bennington County, Vermont",1950,197,town
5000355000,"Peru town, Bennington County, Vermont",1960,194,town
5000355000,"Peru town, Bennington County, Vermont",1970,243,town
5000355000,"Peru town, Bennington County, Vermont",1980,312,town
5000355000,"Peru town, Bennington County, Vermont",1990,324,town
5000355000,"Peru town, Bennington County, Vermont",2000,416,town
5000355000,"Peru town, Bennington County, Vermont",2010,375,town
5000355000,"Peru town, Bennington County, Vermont",2020,531,town
5002155450,"Pittsfield town, Rutland County, Vermont",1791,49,town
5002155450,"Pittsfield town, Rutland County, Vermont",1800,164,town
5002155450,"Pittsfield town, Rutland County, Vermont",1810,338,town
5002155450,"Pittsfield town, Rutland County, Vermont",1820,453,town
5002155450,"Pittsfield town, Rutland County, Vermont",1830,505,town
5002155450,"Pittsfield town, Rutland County, Vermont",1840,615,town
5002155450,"Pittsfield town, Rutland County, Vermont",1850,512,town
5002155450,"Pittsfield town, Rutland County, Vermont",1860,493,town
5002155450,"Pittsfield town, Rutland County, Vermont",1870,482,town
5002155450,"Pittsfield town, Rutland County, Vermont",1880,555,town
5002155450,"Pittsfield town, Rutland County, Vermont",1890,468,town
5002155450,"Pittsfield town, Rutland County, Vermont",1900,435,town
5002155450,"Pittsfield town, Rutland County, Vermont",1910,402,town
5002155450,"Pittsfield town, Rutland County, Vermont",1920,343,town
5002155450,"Pittsfield town, Rutland County, Vermont",1930,256,town
5002155450,"Pittsfield town, Rutland County, Vermont",1940,259,town
5002155450,"Pittsfield town, Rutland County, Vermont",1950,225,town
5002155450,"Pittsfield town, Rutland County, Vermont",1960,254,town
5002155450,"Pittsfield town, Rutland County, Vermont",1970,249,town
5002155450,"Pittsfield town, Rutland County, Vermont",1980,396,town
5002155450,"Pittsfield town, Rutland County, Vermont",1990,389,town
5002155450,"Pittsfield town, Rutland County, Vermont",2000,427,town
5002155450,"Pittsfield town, Rutland County, Vermont",2010,546,town
5002155450,"Pittsfield town, Rutland County, Vermont",2020,504,town
5002155600,"Pittsford town, Rutland County, Vermont",1791,850,town
5002155600,"Pittsford town, Rutland County, Vermont",1800,1413,town
5002155600,"Pittsford town, Rutland County, Vermont",1810,1936,town
5002155600,"Pittsford town, Rutland County, Vermont",1820,1916,town
5002155600,"Pittsford town, Rutland County, Vermont",1830,2005,town
5002155600,"Pittsford town, Rutland County, Vermont",1840,1927,town
5002155600,"Pittsford town, Rutland County, Vermont",1850,2026,town
5002155600,"Pittsford town, Rutland County, Vermont",1860,1839,town
5002155600,"Pittsford town, Rutland County, Vermont",1870,2127,town
5002155600,"Pittsford town, Rutland County, Vermont",1880,1982,town
5002155600,"Pittsford town, Rutland County, Vermont",1890,1775,town
5002155600,"Pittsford town, Rutland County, Vermont",1900,1866,town
5002155600,"Pittsford town, Rutland County, Vermont",1910,2479,town
5002155600,"Pittsford town, Rutland County, Vermont",1920,2098,town
5002155600,"Pittsford town, Rutland County, Vermont",1930,2332,town
5002155600,"Pittsford town, Rutland County, Vermont",1940,2093,town
5002155600,"Pittsford town, Rutland County, Vermont",1950,2076,town
5002155600,"Pittsford town, Rutland County, Vermont",1960,2225,town
5002155600,"Pittsford town, Rutland County, Vermont",1970,2306,town
5002155600,"Pittsford town, Rutland County, Vermont",1980,2590,town
5002155600,"Pittsford town, Rutland County, Vermont",1990,2919,town
5002155600,"Pittsford town, Rutland County, Vermont",2000,3140,town
5002155600,"Pittsford town, Rutland County, Vermont",2010,2991,town
5002155600,"Pittsford town, Rutland County, Vermont",2020,2862,town
5002355825,"Plainfield town, Washington County, Vermont",1791,0,town
5002355825,"Plainfield town, Washington County, Vermont",1800,256,town
5002355825,"Plainfield town, Washington County, Vermont",1810,543,town
5002355825,"Plainfield town, Washington County, Vermont",1820,660,town
5002355825,"Plainfield town, Washington County, Vermont",1830,874,town
5002355825,"Plainfield town, Washington County, Vermont",1840,880,town
5002355825,"Plainfield town, Washington County, Vermont",1850,808,town
5002355825,"Plainfield town, Washington County, Vermont",1860,822,town
5002355825,"Plainfield town, Washington County, Vermont",1870,726,town
5002355825,"Plainfield town, Washington County, Vermont",1880,729,town
5002355825,"Plainfield town, Washington County, Vermont",1890,745,town
5002355825,"Plainfield town, Washington County, Vermont",1900,716,town
5002355825,"Plainfield town, Washington County, Vermont",1910,785,town
5002355825,"Plainfield town, Washington County, Vermont",1920,781,town
5002355825,"Plainfield town, Washington County, Vermont",1930,766,town
5002355825,"Plainfield town, Washington County, Vermont",1940,832,town
5002355825,"Plainfield town, Washington County, Vermont",1950,945,town
5002355825,"Plainfield town, Washington County, Vermont",1960,966,town
5002355825,"Plainfield town, Washington County, Vermont",1970,1399,town
5002355825,"Plainfield town, Washington County, Vermont",1980,1249,town
5002355825,"Plainfield town, Washington County, Vermont",1990,1302,town
5002355825,"Plainfield town, Washington County, Vermont",2000,1286,town
5002355825,"Plainfield town, Washington County, Vermont",2010,1243,town
5002355825,"Plainfield town, Washington County, Vermont",2020,1236,town
5002756050,"Plymouth town, Windsor County, Vermont",1791,106,town
5002756050,"Plymouth town, Windsor County, Vermont",1800,497,town
5002756050,"Plymouth town, Windsor County, Vermont",1810,834,town
5002756050,"Plymouth town, Windsor County, Vermont",1820,1112,town
5002756050,"Plymouth town, Windsor County, Vermont",1830,1237,town
5002756050,"Plymouth town, Windsor County, Vermont",1840,1417,town
5002756050,"Plymouth town, Windsor County, Vermont",1850,1226,town
5002756050,"Plymouth town, Windsor County, Vermont",1860,1252,town
5002756050,"Plymouth town, Windsor County, Vermont",1870,1285,town
5002756050,"Plymouth town, Windsor County, Vermont",1880,1075,town
5002756050,"Plymouth town, Windsor County, Vermont",1890,765,town
5002756050,"Plymouth town, Windsor County, Vermont",1900,646,town
5002756050,"Plymouth town, Windsor County, Vermont",1910,482,town
5002756050,"Plymouth town, Windsor County, Vermont",1920,449,town
5002756050,"Plymouth town, Windsor County, Vermont",1930,331,town
5002756050,"Plymouth town, Windsor County, Vermont",1940,432,town
5002756050,"Plymouth town, Windsor County, Vermont",1950,348,town
5002756050,"Plymouth town, Windsor County, Vermont",1960,308,town
5002756050,"Plymouth town, Windsor County, Vermont",1970,283,town
5002756050,"Plymouth town, Windsor County, Vermont",1980,405,town
5002756050,"Plymouth town, Windsor County, Vermont",1990,440,town
5002756050,"Plymouth town, Windsor County, Vermont",2000,555,town
5002756050,"Plymouth town, Windsor County, Vermont",2010,619,town
5002756050,"Plymouth town, Windsor County, Vermont",2020,641,town
5002756350,"Pomfret town, Windsor County, Vermont",1791,710,town
5002756350,"Pomfret town, Windsor County, Vermont",1800,1105,town
5002756350,"Pomfret town, Windsor County, Vermont",1810,1473,town
5002756350,"Pomfret town, Windsor County, Vermont",1820,1835,town
5002756350,"Pomfret town, Windsor County, Vermont",1830,1867,town
5002756350,"Pomfret town, Windsor County, Vermont",1840,1774,town
5002756350,"Pomfret town, Windsor County, Vermont",1850,1546,town
5002756350,"Pomfret town, Windsor County, Vermont",1860,1375,town
5002756350,"Pomfret town, Windsor County, Vermont",1870,1251,town
5002756350,"Pomfret town, Windsor County, Vermont",1880,1139,town
5002756350,"Pomfret town, Windsor County, Vermont",1890,865,town
5002756350,"Pomfret town, Windsor County, Vermont",1900,777,town
5002756350,"Pomfret town, Windsor County, Vermont",1910,703,town
5002756350,"Pomfret town, Windsor County, Vermont",1920,732,town
5002756350,"Pomfret town, Windsor County, Vermont",1930,728,town
5002756350,"Pomfret town, Windsor County, Vermont",1940,686,town
5002756350,"Pomfret town, Windsor County, Vermont",1950,586,town
5002756350,"Pomfret town, Windsor County, Vermont",1960,600,town
5002756350,"Pomfret town, Windsor County, Vermont",1970,620,town
5002756350,"Pomfret town, Windsor County, Vermont",1980,856,town
5002756350,"Pomfret town, Windsor County, Vermont",1990,874,town
5002756350,"Pomfret town, Windsor County, Vermont",2000,997,town
5002756350,"Pomfret town, Windsor County, Vermont",2010,904,town
5002756350,"Pomfret town, Windsor County, Vermont",2020,916,town
5002156875,"Poultney town, Rutland County, Vermont",1791,1120,town
5002156875,"Poultney town, Rutland County, Vermont",1800,1694,town
5002156875,"Poultney town, Rutland County, Vermont",1810,1904,town
5002156875,"Poultney town, Rutland County, Vermont",1820,1956,town
5002156875,"Poultney town, Rutland County, Vermont",1830,1909,town
5002156875,"Poultney town, Rutland County, Vermont",1840,1878,town
5002156875,"Poultney town, Rutland County, Vermont",1850,2329,town
5002156875,"Poultney town, Rutland County, Vermont",1860,2278,town
5002156875,"Poultney town, Rutland County, Vermont",1870,2836,town
5002156875,"Poultney town, Rutland County, Vermont",1880,2717,town
5002156875,"Poultney town, Rutland County, Vermont",1890,3031,town
5002156875,"Poultney town, Rutland County, Vermont",1900,3108,town
5002156875,"Poultney town, Rutland County, Vermont",1910,3644,town
5002156875,"Poultney town, Rutland County, Vermont",1920,2868,town
5002156875,"Poultney town, Rutland County, Vermont",1930,3215,town
5002156875,"Poultney town, Rutland County, Vermont",1940,2781,town
5002156875,"Poultney town, Rutland County, Vermont",1950,2936,town
5002156875,"Poultney town, Rutland County, Vermont",1960,3009,town
5002156875,"Poultney town, Rutland County, Vermont",1970,3217,town
5002156875,"Poultney town, Rutland County, Vermont",1980,3196,town
5002156875,"Poultney town, Rutland County, Vermont",1990,3498,town
5002156875,"Poultney town, Rutland County, Vermont",2000,3633,town
5002156875,"Poultney town, Rutland County, Vermont",2010,3432,town
5002156875,"Poultney town, Rutland County, Vermont",2020,3020,town
5000357025,"Pownal town, Bennington County, Vermont",1791,1732,town
5000357025,"Pownal town, Bennington County, Vermont",1800,1692,town
5000357025,"Pownal town, Bennington County, Vermont",1810,1655,town
5000357025,"Pownal town, Bennington County, Vermont",1820,1812,town
5000357025,"Pownal town, Bennington County, Vermont",1830,1835,town
5000357025,"Pownal town, Bennington County, Vermont",1840,1615,town
5000357025,"Pownal town, Bennington County, Vermont",1850,1742,town
5000357025,"Pownal town, Bennington County, Vermont",1860,1731,town
5000357025,"Pownal town, Bennington County, Vermont",1870,1705,town
5000357025,"Pownal town, Bennington County, Vermont",1880,2019,town
5000357025,"Pownal town, Bennington County, Vermont",1890,1919,town
5000357025,"Pownal town, Bennington County, Vermont",1900,1976,town
5000357025,"Pownal town, Bennington County, Vermont",1910,1599,town
5000357025,"Pownal town, Bennington County, Vermont",1920,1396,town
5000357025,"Pownal town, Bennington County, Vermont",1930,1425,town
5000357025,"Pownal town, Bennington County, Vermont",1940,1402,town
5000357025,"Pownal town, Bennington County, Vermont",1950,1453,town
5000357025,"Pownal town, Bennington County, Vermont",1960,1509,town
5000357025,"Pownal town, Bennington County, Vermont",1970,2441,town
5000357025,"Pownal town, Bennington County, Vermont",1980,3269,town
5000357025,"Pownal town, Bennington County, Vermont",1990,3485,town
5000357025,"Pownal town, Bennington County, Vermont",2000,3560,town
5000357025,"Pownal town, Bennington County, Vermont",2010,3527,town
5000357025,"Pownal town, Bennington County, Vermont",2020,3258,town
5002157250,"Proctor town, Rutland County, Vermont",1791,0,town
5002157250,"Proctor town, Rutland County, Vermont",1800,0,town
5002157250,"Proctor town, Rutland County, Vermont",1810,0,town
5002157250,"Proctor town, Rutland County, Vermont",1820,0,town
5002157250,"Proctor town, Rutland County, Vermont",1830,0,town
5002157250,"Proctor town, Rutland County, Vermont",1840,0,town
5002157250,"Proctor town, Rutland County, Vermont",1850,0,town
5002157250,"Proctor town, Rutland County, Vermont",1860,0,town
5002157250,"Proctor town, Rutland County, Vermont",1870,0,town
5002157250,"Proctor town, Rutland County, Vermont",1880,0,town
5002157250,"Proctor town, Rutland County, Vermont",1890,1758,town
5002157250,"Proctor town, Rutland County, Vermont",1900,2136,town
5002157250,"Proctor town, Rutland County, Vermont",1910,2871,town
5002157250,"Proctor town, Rutland County, Vermont",1920,2789,town
5002157250,"Proctor town, Rutland County, Vermont",1930,2596,town
5002157250,"Proctor town, Rutland County, Vermont",1940,2292,town
5002157250,"Proctor town, Rutland County, Vermont",1950,1917,town
5002157250,"Proctor town, Rutland County, Vermont",1960,2102,town
5002157250,"Proctor town, Rutland County, Vermont",1970,2095,town
5002157250,"Proctor town, Rutland County, Vermont",1980,1998,town
5002157250,"Proctor town, Rutland County, Vermont",1990,1979,town
5002157250,"Proctor town, Rutland County, Vermont",2000,1877,town
5002157250,"Proctor town, Rutland County, Vermont",2010,1741,town
5002157250,"Proctor town, Rutland County, Vermont",2020,1763,town
5002557700,"Putney town, Windham County, Vermont",1791,1848,town
5002557700,"Putney town, Windham County, Vermont",1800,1574,town
5002557700,"Putney town, Windham County, Vermont",1810,1607,town
5002557700,"Putney town, Windham County, Vermont",1820,1547,town
5002557700,"Putney town, Windham County, Vermont",1830,1810,town
5002557700,"Putney town, Windham County, Vermont",1840,1585,town
5002557700,"Putney town, Windham County, Vermont",1850,1425,town
5002557700,"Putney town, Windham County, Vermont",1860,1163,town
5002557700,"Putney town, Windham County, Vermont",1870,1167,town
5002557700,"Putney town, Windham County, Vermont",1880,1124,town
5002557700,"Putney town, Windham County, Vermont",1890,1075,town
5002557700,"Putney town, Windham County, Vermont",1900,969,town
5002557700,"Putney town, Windham County, Vermont",1910,788,town
5002557700,"Putney town, Windham County, Vermont",1920,761,town
5002557700,"Putney town, Windham County, Vermont",1930,835,town
5002557700,"Putney town, Windham County, Vermont",1940,904,town
5002557700,"Putney town, Windham County, Vermont",1950,1019,town
5002557700,"Putney town, Windham County, Vermont",1960,1177,town
5002557700,"Putney town, Windham County, Vermont",1970,1727,town
5002557700,"Putney town, Windham County, Vermont",1980,1850,town
5002557700,"Putney town, Windham County, Vermont",1990,2352,town
5002557700,"Putney town, Windham County, Vermont",2000,2634,town
5002557700,"Putney town, Windham County, Vermont",2010,2702,town
5002557700,"Putney town, Windham County, Vermont",2020,2617,town
5001758075,"Randolph town, Orange County, Vermont",1791,893,town
5001758075,"Randolph town, Orange County, Vermont",1800,1841,town
5001758075,"Randolph town, Orange County, Vermont",1810,2255,town
5001758075,"Randolph town, Orange County, Vermont",1820,2487,town
5001758075,"Randolph town, Orange County, Vermont",1830,2743,town
5001758075,"Randolph town, Orange County, Vermont",1840,2678,town
5001758075,"Randolph town, Orange County, Vermont",1850,2666,town
5001758075,"Randolph town, Orange County, Vermont",1860,2502,town
5001758075,"Randolph town, Orange County, Vermont",1870,2829,town
5001758075,"Randolph town, Orange County, Vermont",1880,2910,town
5001758075,"Randolph town, Orange County, Vermont",1890,3232,town
5001758075,"Randolph town, Orange County, Vermont",1900,3141,town
5001758075,"Randolph town, Orange County, Vermont",1910,3191,town
5001758075,"Randolph town, Orange County, Vermont",1920,3010,town
5001758075,"Randolph town, Orange County, Vermont",1930,3166,town
5001758075,"Randolph town, Orange County, Vermont",1940,3278,town
5001758075,"Randolph town, Orange County, Vermont",1950,3499,town
5001758075,"Randolph town, Orange County, Vermont",1960,3414,town
5001758075,"Randolph town, Orange County, Vermont",1970,3882,town
5001758075,"Randolph town, Orange County, Vermont",1980,4689,town
5001758075,"Randolph town, Orange County, Vermont",1990,4764,town
5001758075,"Randolph town, Orange County, Vermont",2000,4853,town
5001758075,"Randolph town, Orange County, Vermont",2010,4778,town
5001758075,"Randolph town, Orange County, Vermont",2020,4774,town
5002758375,"Reading town, Windsor County, Vermont",1791,747,town
5002758375,"Reading town, Windsor County, Vermont",1800,1120,town
5002758375,"Reading town, Windsor County, Vermont",1810,1565,town
5002758375,"Reading town, Windsor County, Vermont",1820,1803,town
5002758375,"Reading town, Windsor County, Vermont",1830,1409,town
5002758375,"Reading town, Windsor County, Vermont",1840,1353,town
5002758375,"Reading town, Windsor County, Vermont",1850,1171,town
5002758375,"Reading town, Windsor County, Vermont",1860,1159,town
5002758375,"Reading town, Windsor County, Vermont",1870,1012,town
5002758375,"Reading town, Windsor County, Vermont",1880,953,town
5002758375,"Reading town, Windsor County, Vermont",1890,749,town
5002758375,"Reading town, Windsor County, Vermont",1900,649,town
5002758375,"Reading town, Windsor County, Vermont",1910,530,town
5002758375,"Reading town, Windsor County, Vermont",1920,483,town
5002758375,"Reading town, Windsor County, Vermont",1930,474,town
5002758375,"Reading town, Windsor County, Vermont",1940,437,town
5002758375,"Reading town, Windsor County, Vermont",1950,470,town
5002758375,"Reading town, Windsor County, Vermont",1960,472,town
5002758375,"Reading town, Windsor County, Vermont",1970,564,town
5002758375,"Reading town, Windsor County, Vermont",1980,647,town
5002758375,"Reading town, Windsor County, Vermont",1990,614,town
5002758375,"Reading town, Windsor County, Vermont",2000,707,town
5002758375,"Reading town, Windsor County, Vermont",2010,666,town
5002758375,"Reading town, Windsor County, Vermont",2020,687,town
5000358600,"Readsboro town, Bennington County, Vermont",1791,63,town
5000358600,"Readsboro town, Bennington County, Vermont",1800,234,town
5000358600,"Readsboro town, Bennington County, Vermont",1810,410,town
5000358600,"Readsboro town, Bennington County, Vermont",1820,530,town
5000358600,"Readsboro town, Bennington County, Vermont",1830,662,town
5000358600,"Readsboro town, Bennington County, Vermont",1840,767,town
5000358600,"Readsboro town, Bennington County, Vermont",1850,657,town
5000358600,"Readsboro town, Bennington County, Vermont",1860,930,town
5000358600,"Readsboro town, Bennington County, Vermont",1870,828,town
5000358600,"Readsboro town, Bennington County, Vermont",1880,743,town
5000358600,"Readsboro town, Bennington County, Vermont",1890,910,town
5000358600,"Readsboro town, Bennington County, Vermont",1900,1139,town
5000358600,"Readsboro town, Bennington County, Vermont",1910,1252,town
5000358600,"Readsboro town, Bennington County, Vermont",1920,1173,town
5000358600,"Readsboro town, Bennington County, Vermont",1930,1043,town
5000358600,"Readsboro town, Bennington County, Vermont",1940,913,town
5000358600,"Readsboro town, Bennington County, Vermont",1950,847,town
5000358600,"Readsboro town, Bennington County, Vermont",1960,783,town
5000358600,"Readsboro town, Bennington County, Vermont",1970,638,town
5000358600,"Readsboro town, Bennington County, Vermont",1980,638,town
5000358600,"Readsboro town, Bennington County, Vermont",1990,762,town
5000358600,"Readsboro town, Bennington County, Vermont",2000,809,town
5000358600,"Readsboro town, Bennington County, Vermont",2010,763,town
5000358600,"Readsboro town, Bennington County, Vermont",2020,702,town
5001159125,"Richford town, Franklin County, Vermont",1791,0,town
5001159125,"Richford town, Franklin County, Vermont",1800,113,town
5001159125,"Richford town, Franklin County, Vermont",1810,442,town
5001159125,"Richford town, Franklin County, Vermont",1820,440,town
5001159125,"Richford town, Franklin County, Vermont",1830,704,town
5001159125,"Richford town, Franklin County, Vermont",1840,914,town
5001159125,"Richford town, Franklin County, Vermont",1850,1074,town
5001159125,"Richford town, Franklin County, Vermont",1860,1338,town
5001159125,"Richford town, Franklin County, Vermont",1870,1481,town
5001159125,"Richford town, Franklin County, Vermont",1880,1818,town
5001159125,"Richford town, Franklin County, Vermont",1890,2196,town
5001159125,"Richford town, Franklin County, Vermont",1900,2421,town
5001159125,"Richford town, Franklin County, Vermont",1910,2907,town
5001159125,"Richford town, Franklin County, Vermont",1920,2842,town
5001159125,"Richford town, Franklin County, Vermont",1930,2544,town
5001159125,"Richford town, Franklin County, Vermont",1940,2646,town
5001159125,"Richford town, Franklin County, Vermont",1950,2643,town
5001159125,"Richford town, Franklin County, Vermont",1960,2316,town
5001159125,"Richford town, Franklin County, Vermont",1970,2116,town
5001159125,"Richford town, Franklin County, Vermont",1980,2206,town
5001159125,"Richford town, Franklin County, Vermont",1990,2178,town
5001159125,"Richford town, Franklin County, Vermont",2000,2321,town
5001159125,"Richford town, Franklin County, Vermont",2010,2308,town
5001159125,"Richford town, Franklin County, Vermont",2020,2346,town
5000759275,"Richmond town, Chittenden County, Vermont",1791,0,town
5000759275,"Richmond town, Chittenden County, Vermont",1800,718,town
5000759275,"Richmond town, Chittenden County, Vermont",1810,935,town
5000759275,"Richmond town, Chittenden County, Vermont",1820,1014,town
5000759275,"Richmond town, Chittenden County, Vermont",1830,1109,town
5000759275,"Richmond town, Chittenden County, Vermont",1840,1064,town
5000759275,"Richmond town, Chittenden County, Vermont",1850,1453,town
5000759275,"Richmond town, Chittenden County, Vermont",1860,1400,town
5000759275,"Richmond town, Chittenden County, Vermont",1870,1309,town
5000759275,"Richmond town, Chittenden County, Vermont",1880,1264,town
5000759275,"Richmond town, Chittenden County, Vermont",1890,1115,town
5000759275,"Richmond town, Chittenden County, Vermont",1900,1057,town
5000759275,"Richmond town, Chittenden County, Vermont",1910,1419,town
5000759275,"Richmond town, Chittenden County, Vermont",1920,1447,town
5000759275,"Richmond town, Chittenden County, Vermont",1930,1315,town
5000759275,"Richmond town, Chittenden County, Vermont",1940,1225,town
5000759275,"Richmond town, Chittenden County, Vermont",1950,1278,town
5000759275,"Richmond town, Chittenden County, Vermont",1960,1303,town
5000759275,"Richmond town, Chittenden County, Vermont",1970,2249,town
5000759275,"Richmond town, Chittenden County, Vermont",1980,3159,town
5000759275,"Richmond town, Chittenden County, Vermont",1990,3729,town
5000759275,"Richmond town, Chittenden County, Vermont",2000,4090,town
5000759275,"Richmond town, Chittenden County, Vermont",2010,4081,town
5000759275,"Richmond town, Chittenden County, Vermont",2020,4167,town
5000159650,"Ripton town, Addison County, Vermont",1791,0,town
5000159650,"Ripton town, Addison County, Vermont",1800,0,town
5000159650,"Ripton town, Addison County, Vermont",1810,15,town
5000159650,"Ripton town, Addison County, Vermont",1820,42,town
5000159650,"Ripton town, Addison County, Vermont",1830,278,town
5000159650,"Ripton town, Addison County, Vermont",1840,357,town
5000159650,"Ripton town, Addison County, Vermont",1850,567,town
5000159650,"Ripton town, Addison County, Vermont",1860,570,town
5000159650,"Ripton town, Addison County, Vermont",1870,617,town
5000159650,"Ripton town, Addison County, Vermont",1880,672,town
5000159650,"Ripton town, Addison County, Vermont",1890,568,town
5000159650,"Ripton town, Addison County, Vermont",1900,525,town
5000159650,"Ripton town, Addison County, Vermont",1910,421,town
5000159650,"Ripton town, Addison County, Vermont",1920,237,town
5000159650,"Ripton town, Addison County, Vermont",1930,194,town
5000159650,"Ripton town, Addison County, Vermont",1940,231,town
5000159650,"Ripton town, Addison County, Vermont",1950,207,town
5000159650,"Ripton town, Addison County, Vermont",1960,131,town
5000159650,"Ripton town, Addison County, Vermont",1970,187,town
5000159650,"Ripton town, Addison County, Vermont",1980,327,town
5000159650,"Ripton town, Addison County, Vermont",1990,444,town
5000159650,"Ripton town, Addison County, Vermont",2000,556,town
5000159650,"Ripton town, Addison County, Vermont",2010,588,town
5000159650,"Ripton town, Addison County, Vermont",2020,739,town
5002760100,"Rochester town, Windsor County, Vermont",1791,215,town
5002760100,"Rochester town, Windsor County, Vermont",1800,524,town
5002760100,"Rochester town, Windsor County, Vermont",1810,911,town
5002760100,"Rochester town, Windsor County, Vermont",1820,1148,town
5002760100,"Rochester town, Windsor County, Vermont",1830,1392,town
5002760100,"Rochester town, Windsor County, Vermont",1840,1396,town
5002760100,"Rochester town, Windsor County, Vermont",1850,1493,town
5002760100,"Rochester town, Windsor County, Vermont",1860,1607,town
5002760100,"Rochester town, Windsor County, Vermont",1870,1444,town
5002760100,"Rochester town, Windsor County, Vermont",1880,1362,town
5002760100,"Rochester town, Windsor County, Vermont",1890,1257,town
5002760100,"Rochester town, Windsor County, Vermont",1900,1250,town
5002760100,"Rochester town, Windsor County, Vermont",1910,1317,town
5002760100,"Rochester town, Windsor County, Vermont",1920,1397,town
5002760100,"Rochester town, Windsor County, Vermont",1930,1285,town
5002760100,"Rochester town, Windsor County, Vermont",1940,1129,town
5002760100,"Rochester town, Windsor County, Vermont",1950,937,town
5002760100,"Rochester town, Windsor County, Vermont",1960,879,town
5002760100,"Rochester town, Windsor County, Vermont",1970,884,town
5002760100,"Rochester town, Windsor County, Vermont",1980,1054,town
5002760100,"Rochester town, Windsor County, Vermont",1990,1181,town
5002760100,"Rochester town, Windsor County, Vermont",2000,1171,town
5002760100,"Rochester town, Windsor County, Vermont",2010,1139,town
5002760100,"Rochester town, Windsor County, Vermont",2020,1099,town
5002560250,"Rockingham town, Windham County, Vermont",1791,1235,town
5002560250,"Rockingham town, Windham County, Vermont",1800,1684,town
5002560250,"Rockingham town, Windham County, Vermont",1810,1954,town
5002560250,"Rockingham town, Windham County, Vermont",1820,2155,town
5002560250,"Rockingham town, Windham County, Vermont",1830,2272,town
5002560250,"Rockingham town, Windham County, Vermont",1840,2330,town
5002560250,"Rockingham town, Windham County, Vermont",1850,2837,town
5002560250,"Rockingham town, Windham County, Vermont",1860,2904,town
5002560250,"Rockingham town, Windham County, Vermont",1870,2854,town
5002560250,"Rockingham town, Windham County, Vermont",1880,3797,town
5002560250,"Rockingham town, Windham County, Vermont",1890,4579,town
5002560250,"Rockingham town, Windham County, Vermont",1900,5809,town
5002560250,"Rockingham town, Windham County, Vermont",1910,6207,town
5002560250,"Rockingham town, Windham County, Vermont",1920,6231,town
5002560250,"Rockingham town, Windham County, Vermont",1930,5302,town
5002560250,"Rockingham town, Windham County, Vermont",1940,5737,town
5002560250,"Rockingham town, Windham County, Vermont",1950,5499,town
5002560250,"Rockingham town, Windham County, Vermont",1960,5704,town
5002560250,"Rockingham town, Windham County, Vermont",1970,5501,town
5002560250,"Rockingham town, Windham County, Vermont",1980,5538,town
5002560250,"Rockingham town, Windham County, Vermont",1990,5484,town
5002560250,"Rockingham town, Windham County, Vermont",2000,5309,town
5002560250,"Rockingham town, Windham County, Vermont",2010,5282,town
5002560250,"Rockingham town, Windham County, Vermont",2020,4832,town
5002360625,"Roxbury town, Washington County, Vermont",1791,14,town
5002360625,"Roxbury town, Washington County, Vermont",1800,113,town
5002360625,"Roxbury town, Washington County, Vermont",1810,361,town
5002360625,"Roxbury town, Washington County, Vermont",1820,512,town
5002360625,"Roxbury town, Washington County, Vermont",1830,737,town
5002360625,"Roxbury town, Washington County, Vermont",1840,784,town
5002360625,"Roxbury town, Washington County, Vermont",1850,967,town
5002360625,"Roxbury town, Washington County, Vermont",1860,1060,town
5002360625,"Roxbury town, Washington County, Vermont",1870,916,town
5002360625,"Roxbury town, Washington County, Vermont",1880,938,town
5002360625,"Roxbury town, Washington County, Vermont",1890,768,town
5002360625,"Roxbury town, Washington County, Vermont",1900,712,town
5002360625,"Roxbury town, Washington County, Vermont",1910,618,town
5002360625,"Roxbury town, Washington County, Vermont",1920,609,town
5002360625,"Roxbury town, Washington County, Vermont",1930,594,town
5002360625,"Roxbury town, Washington County, Vermont",1940,554,town
5002360625,"Roxbury town, Washington County, Vermont",1950,465,town
5002360625,"Roxbury town, Washington County, Vermont",1960,364,town
5002360625,"Roxbury town, Washington County, Vermont",1970,354,town
5002360625,"Roxbury town, Washington County, Vermont",1980,452,town
5002360625,"Roxbury town, Washington County, Vermont",1990,575,town
5002360625,"Roxbury town, Washington County, Vermont",2000,576,town
5002360625,"Roxbury town, Washington County, Vermont",2010,691,town
5002360625,"Roxbury town, Washington County, Vermont",2020,678,town
5002760850,"Royalton town, Windsor County, Vermont",1791,748,town
5002760850,"Royalton town, Windsor County, Vermont",1800,1501,town
5002760850,"Royalton town, Windsor County, Vermont",1810,1758,town
5002760850,"Royalton town, Windsor County, Vermont",1820,1816,town
5002760850,"Royalton town, Windsor County, Vermont",1830,1893,town
5002760850,"Royalton town, Windsor County, Vermont",1840,1917,town
5002760850,"Royalton town, Windsor County, Vermont",1850,1850,town
5002760850,"Royalton town, Windsor County, Vermont",1860,1739,town
5002760850,"Royalton town, Windsor County, Vermont",1870,1679,town
5002760850,"Royalton town, Windsor County, Vermont",1880,1558,town
5002760850,"Royalton town, Windsor County, Vermont",1890,1433,town
5002760850,"Royalton town, Windsor County, Vermont",1900,1427,town
5002760850,"Royalton town, Windsor County, Vermont",1910,1452,town
5002760850,"Royalton town, Windsor County, Vermont",1920,1469,town
5002760850,"Royalton town, Windsor County, Vermont",1930,1491,town
5002760850,"Royalton town, Windsor County, Vermont",1940,1291,town
5002760850,"Royalton town, Windsor County, Vermont",1950,1331,town
5002760850,"Royalton town, Windsor County, Vermont",1960,1388,town
5002760850,"Royalton town, Windsor County, Vermont",1970,1399,town
5002760850,"Royalton town, Windsor County, Vermont",1980,2100,town
5002760850,"Royalton town, Windsor County, Vermont",1990,2389,town
5002760850,"Royalton town, Windsor County, Vermont",2000,2603,town
5002760850,"Royalton town, Windsor County, Vermont",2010,2773,town
5002760850,"Royalton town, Windsor County, Vermont",2020,2750,town
5000361000,"Rupert town, Bennington County, Vermont",1791,1034,town
5000361000,"Rupert town, Bennington County, Vermont",1800,1628,town
5000361000,"Rupert town, Bennington County, Vermont",1810,1630,town
5000361000,"Rupert town, Bennington County, Vermont",1820,1532,town
5000361000,"Rupert town, Bennington County, Vermont",1830,1318,town
5000361000,"Rupert town, Bennington County, Vermont",1840,1084,town
5000361000,"Rupert town, Bennington County, Vermont",1850,1101,town
5000361000,"Rupert town, Bennington County, Vermont",1860,1103,town
5000361000,"Rupert town, Bennington County, Vermont",1870,1017,town
5000361000,"Rupert town, Bennington County, Vermont",1880,957,town
5000361000,"Rupert town, Bennington County, Vermont",1890,861,town
5000361000,"Rupert town, Bennington County, Vermont",1900,863,town
5000361000,"Rupert town, Bennington County, Vermont",1910,825,town
5000361000,"Rupert town, Bennington County, Vermont",1920,674,town
5000361000,"Rupert town, Bennington County, Vermont",1930,691,town
5000361000,"Rupert town, Bennington County, Vermont",1940,678,town
5000361000,"Rupert town, Bennington County, Vermont",1950,713,town
5000361000,"Rupert town, Bennington County, Vermont",1960,603,town
5000361000,"Rupert town, Bennington County, Vermont",1970,582,town
5000361000,"Rupert town, Bennington County, Vermont",1980,605,town
5000361000,"Rupert town, Bennington County, Vermont",1990,654,town
5000361000,"Rupert town, Bennington County, Vermont",2000,704,town
5000361000,"Rupert town, Bennington County, Vermont",2010,714,town
5000361000,"Rupert town, Bennington County, Vermont",2020,698,town
5002161225,"Rutland city, Rutland County, Vermont",1791,0,town
5002161225,"Rutland city, Rutland County, Vermont",1800,0,town
5002161225,"Rutland city, Rutland County, Vermont",1810,0,town
5002161225,"Rutland city, Rutland County, Vermont",1820,0,town
5002161225,"Rutland city, Rutland County, Vermont",1830,0,town
5002161225,"Rutland city, Rutland County, Vermont",1840,0,town
5002161225,"Rutland city, Rutland County, Vermont",1850,0,town
5002161225,"Rutland city, Rutland County, Vermont",1860,0,town
5002161225,"Rutland city, Rutland County, Vermont",1870,0,town
5002161225,"Rutland city, Rutland County, Vermont",1880,0,town
5002161225,"Rutland city, Rutland County, Vermont",1890,0,town
5002161225,"Rutland city, Rutland County, Vermont",1900,11499,town
5002161225,"Rutland city, Rutland County, Vermont",1910,13546,town
5002161225,"Rutland city, Rutland County, Vermont",1920,14954,town
5002161225,"Rutland city, Rutland County, Vermont",1930,17318,town
5002161225,"Rutland city, Rutland County, Vermont",1940,17082,town
5002161225,"Rutland city, Rutland County, Vermont",1950,17659,town
5002161225,"Rutland city, Rutland County, Vermont",1960,18325,town
5002161225,"Rutland city, Rutland County, Vermont",1970,19293,town
5002161225,"Rutland city, Rutland County, Vermont",1980,18436,town
5002161225,"Rutland city, Rutland County, Vermont",1990,18230,town
5002161225,"Rutland city, Rutland County, Vermont",2000,17292,town
5002161225,"Rutland city, Rutland County, Vermont",2010,16495,town
5002161225,"Rutland city, Rutland County, Vermont",2020,15807,town
5002161300,"Rutland town, Rutland County, Vermont",1791,1417,town
5002161300,"Rutland town, Rutland County, Vermont",1800,2125,town
5002161300,"Rutland town, Rutland County, Vermont",1810,2379,town
5002161300,"Rutland town, Rutland County, Vermont",1820,2369,town
5002161300,"Rutland town, Rutland County, Vermont",1830,2753,town
5002161300,"Rutland town, Rutland County, Vermont",1840,2708,town
5002161300,"Rutland town, Rutland County, Vermont",1850,3715,town
5002161300,"Rutland town, Rutland County, Vermont",1860,7577,town
5002161300,"Rutland town, Rutland County, Vermont",1870,9834,town
5002161300,"Rutland town, Rutland County, Vermont",1880,12149,town
5002161300,"Rutland town, Rutland County, Vermont",1890,11760,town
5002161300,"Rutland town, Rutland County, Vermont",1900,1109,town
5002161300,"Rutland town, Rutland County, Vermont",1910,1311,town
5002161300,"Rutland town, Rutland County, Vermont",1920,1270,town
5002161300,"Rutland town, Rutland County, Vermont",1930,1387,town
5002161300,"Rutland town, Rutland County, Vermont",1940,1350,town
5002161300,"Rutland town, Rutland County, Vermont",1950,1416,town
5002161300,"Rutland town, Rutland County, Vermont",1960,1542,town
5002161300,"Rutland town, Rutland County, Vermont",1970,2248,town
5002161300,"Rutland town, Rutland County, Vermont",1980,3300,town
5002161300,"Rutland town, Rutland County, Vermont",1990,3781,town
5002161300,"Rutland town, Rutland County, Vermont",2000,4038,town
5002161300,"Rutland town, Rutland County, Vermont",2010,4054,town
5002161300,"Rutland town, Rutland County, Vermont",2020,3924,town
5000561525,"Ryegate town, Caledonia County, Vermont",1791,187,town
5000561525,"Ryegate town, Caledonia County, Vermont",1800,415,town
5000561525,"Ryegate town, Caledonia County, Vermont",1810,812,town
5000561525,"Ryegate town, Caledonia County, Vermont",1820,994,town
5000561525,"Ryegate town, Caledonia County, Vermont",1830,1119,town
5000561525,"Ryegate town, Caledonia County, Vermont",1840,1223,town
5000561525,"Ryegate town, Caledonia County, Vermont",1850,1606,town
5000561525,"Ryegate town, Caledonia County, Vermont",1860,1098,town
5000561525,"Ryegate town, Caledonia County, Vermont",1870,935,town
5000561525,"Ryegate town, Caledonia County, Vermont",1880,1046,town
5000561525,"Ryegate town, Caledonia County, Vermont",1890,1126,town
5000561525,"Ryegate town, Caledonia County, Vermont",1900,995,town
5000561525,"Ryegate town, Caledonia County, Vermont",1910,1194,town
5000561525,"Ryegate town, Caledonia County, Vermont",1920,1188,town
5000561525,"Ryegate town, Caledonia County, Vermont",1930,1216,town
5000561525,"Ryegate town, Caledonia County, Vermont",1940,1105,town
5000561525,"Ryegate town, Caledonia County, Vermont",1950,996,town
5000561525,"Ryegate town, Caledonia County, Vermont",1960,894,town
5000561525,"Ryegate town, Caledonia County, Vermont",1970,830,town
5000561525,"Ryegate town, Caledonia County, Vermont",1980,1000,town
5000561525,"Ryegate town, Caledonia County, Vermont",1990,1058,town
5000561525,"Ryegate town, Caledonia County, Vermont",2000,1150,town
5000561525,"Ryegate town, Caledonia County, Vermont",2010,1174,town
5000561525,"Ryegate town, Caledonia County, Vermont",2020,1165,town
5000162575,"Salisbury town, Addison County, Vermont",1791,444,town
5000162575,"Salisbury town, Addison County, Vermont",1800,644,town
5000162575,"Salisbury town, Addison County, Vermont",1810,709,town
5000162575,"Salisbury town, Addison County, Vermont",1820,721,town
5000162575,"Salisbury town, Addison County, Vermont",1830,907,town
5000162575,"Salisbury town, Addison County, Vermont",1840,942,town
5000162575,"Salisbury town, Addison County, Vermont",1850,1027,town
5000162575,"Salisbury town, Addison County, Vermont",1860,853,town
5000162575,"Salisbury town, Addison County, Vermont",1870,902,town
5000162575,"Salisbury town, Addison County, Vermont",1880,775,town
5000162575,"Salisbury town, Addison County, Vermont",1890,740,town
5000162575,"Salisbury town, Addison County, Vermont",1900,692,town
5000162575,"Salisbury town, Addison County, Vermont",1910,693,town
5000162575,"Salisbury town, Addison County, Vermont",1920,635,town
5000162575,"Salisbury town, Addison County, Vermont",1930,632,town
5000162575,"Salisbury town, Addison County, Vermont",1940,581,town
5000162575,"Salisbury town, Addison County, Vermont",1950,573,town
5000162575,"Salisbury town, Addison County, Vermont",1960,575,town
5000162575,"Salisbury town, Addison County, Vermont",1970,649,town
5000162575,"Salisbury town, Addison County, Vermont",1980,881,town
5000162575,"Salisbury town, Addison County, Vermont",1990,1024,town
5000162575,"Salisbury town, Addison County, Vermont",2000,1090,town
5000162575,"Salisbury town, Addison County, Vermont",2010,1136,town
5000162575,"Salisbury town, Addison County, Vermont",2020,1221,town
5000362875,"Sandgate town, Bennington County, Vermont",1791,733,town
5000362875,"Sandgate town, Bennington County, Vermont",1800,1020,town
5000362875,"Sandgate town, Bennington County, Vermont",1810,1187,town
5000362875,"Sandgate town, Bennington County, Vermont",1820,1185,town
5000362875,"Sandgate town, Bennington County, Vermont",1830,933,town
5000362875,"Sandgate town, Bennington County, Vermont",1840,776,town
5000362875,"Sandgate town, Bennington County, Vermont",1850,850,town
5000362875,"Sandgate town, Bennington County, Vermont",1860,805,town
5000362875,"Sandgate town, Bennington County, Vermont",1870,705,town
5000362875,"Sandgate town, Bennington County, Vermont",1880,681,town
5000362875,"Sandgate town, Bennington County, Vermont",1890,587,town
5000362875,"Sandgate town, Bennington County, Vermont",1900,482,town
5000362875,"Sandgate town, Bennington County, Vermont",1910,401,town
5000362875,"Sandgate town, Bennington County, Vermont",1920,283,town
5000362875,"Sandgate town, Bennington County, Vermont",1930,189,town
5000362875,"Sandgate town, Bennington County, Vermont",1940,187,town
5000362875,"Sandgate town, Bennington County, Vermont",1950,158,town
5000362875,"Sandgate town, Bennington County, Vermont",1960,93,town
5000362875,"Sandgate town, Bennington County, Vermont",1970,127,town
5000362875,"Sandgate town, Bennington County, Vermont",1980,234,town
5000362875,"Sandgate town, Bennington County, Vermont",1990,278,town
5000362875,"Sandgate town, Bennington County, Vermont",2000,353,town
5000362875,"Sandgate town, Bennington County, Vermont",2010,405,town
5000362875,"Sandgate town, Bennington County, Vermont",2020,387,town
5000363175,"Searsburg town, Bennington County, Vermont",1791,9,town
5000363175,"Searsburg town, Bennington County, Vermont",1800,40,town
5000363175,"Searsburg town, Bennington County, Vermont",1810,120,town
5000363175,"Searsburg town, Bennington County, Vermont",1820,0,town
5000363175,"Searsburg town, Bennington County, Vermont",1830,0,town
5000363175,"Searsburg town, Bennington County, Vermont",1840,0,town
5000363175,"Searsburg town, Bennington County, Vermont",1850,201,town
5000363175,"Searsburg town, Bennington County, Vermont",1860,262,town
5000363175,"Searsburg town, Bennington County, Vermont",1870,235,town
5000363175,"Searsburg town, Bennington County, Vermont",1880,232,town
5000363175,"Searsburg town, Bennington County, Vermont",1890,173,town
5000363175,"Searsburg town, Bennington County, Vermont",1900,161,town
5000363175,"Searsburg town, Bennington County, Vermont",1910,142,town
5000363175,"Searsburg town, Bennington County, Vermont",1920,133,town
5000363175,"Searsburg town, Bennington County, Vermont",1930,103,town
5000363175,"Searsburg town, Bennington County, Vermont",1940,135,town
5000363175,"Searsburg town, Bennington County, Vermont",1950,84,town
5000363175,"Searsburg town, Bennington County, Vermont",1960,73,town
5000363175,"Searsburg town, Bennington County, Vermont",1970,84,town
5000363175,"Searsburg town, Bennington County, Vermont",1980,72,town
5000363175,"Searsburg town, Bennington County, Vermont",1990,85,town
5000363175,"Searsburg town, Bennington County, Vermont",2000,96,town
5000363175,"Searsburg town, Bennington County, Vermont",2010,109,town
5000363175,"Searsburg town, Bennington County, Vermont",2020,126,town
5000363550,"Shaftsbury town, Bennington County, Vermont",1791,1990,town
5000363550,"Shaftsbury town, Bennington County, Vermont",1800,1896,town
5000363550,"Shaftsbury town, Bennington County, Vermont",1810,1973,town
5000363550,"Shaftsbury town, Bennington County, Vermont",1820,2022,town
5000363550,"Shaftsbury town, Bennington County, Vermont",1830,2143,town
5000363550,"Shaftsbury town, Bennington County, Vermont",1840,1885,town
5000363550,"Shaftsbury town, Bennington County, Vermont",1850,1896,town
5000363550,"Shaftsbury town, Bennington County, Vermont",1860,1936,town
5000363550,"Shaftsbury town, Bennington County, Vermont",1870,2027,town
5000363550,"Shaftsbury town, Bennington County, Vermont",1880,1887,town
5000363550,"Shaftsbury town, Bennington County, Vermont",1890,1652,town
5000363550,"Shaftsbury town, Bennington County, Vermont",1900,1857,town
5000363550,"Shaftsbury town, Bennington County, Vermont",1910,1650,town
5000363550,"Shaftsbury town, Bennington County, Vermont",1920,1534,town
5000363550,"Shaftsbury town, Bennington County, Vermont",1930,1631,town
5000363550,"Shaftsbury town, Bennington County, Vermont",1940,1577,town
5000363550,"Shaftsbury town, Bennington County, Vermont",1950,1673,town
5000363550,"Shaftsbury town, Bennington County, Vermont",1960,1939,town
5000363550,"Shaftsbury town, Bennington County, Vermont",1970,2411,town
5000363550,"Shaftsbury town, Bennington County, Vermont",1980,3001,town
5000363550,"Shaftsbury town, Bennington County, Vermont",1990,3368,town
5000363550,"Shaftsbury town, Bennington County, Vermont",2000,3767,town
5000363550,"Shaftsbury town, Bennington County, Vermont",2010,3590,town
5000363550,"Shaftsbury town, Bennington County, Vermont",2020,3598,town
5002763775,"Sharon town, Windsor County, Vermont",1791,569,town
5002763775,"Sharon town, Windsor County, Vermont",1800,1158,town
5002763775,"Sharon town, Windsor County, Vermont",1810,1363,town
5002763775,"Sharon town, Windsor County, Vermont",1820,1431,town
5002763775,"Sharon town, Windsor County, Vermont",1830,1459,town
5002763775,"Sharon town, Windsor County, Vermont",1840,1371,town
5002763775,"Sharon town, Windsor County, Vermont",1850,1240,town
5002763775,"Sharon town, Windsor County, Vermont",1860,1111,town
5002763775,"Sharon town, Windsor County, Vermont",1870,1013,town
5002763775,"Sharon town, Windsor County, Vermont",1880,1012,town
5002763775,"Sharon town, Windsor County, Vermont",1890,737,town
5002763775,"Sharon town, Windsor County, Vermont",1900,709,town
5002763775,"Sharon town, Windsor County, Vermont",1910,565,town
5002763775,"Sharon town, Windsor County, Vermont",1920,545,town
5002763775,"Sharon town, Windsor County, Vermont",1930,559,town
5002763775,"Sharon town, Windsor County, Vermont",1940,530,town
5002763775,"Sharon town, Windsor County, Vermont",1950,470,town
5002763775,"Sharon town, Windsor County, Vermont",1960,485,town
5002763775,"Sharon town, Windsor County, Vermont",1970,541,town
5002763775,"Sharon town, Windsor County, Vermont",1980,828,town
5002763775,"Sharon town, Windsor County, Vermont",1990,1211,town
5002763775,"Sharon town, Windsor County, Vermont",2000,1411,town
5002763775,"Sharon town, Windsor County, Vermont",2010,1502,town
5002763775,"Sharon town, Windsor County, Vermont",2020,1560,town
5000564075,"Sheffield town, Caledonia County, Vermont",1791,0,town
5000564075,"Sheffield town, Caledonia County, Vermont",1800,179,town
5000564075,"Sheffield town, Caledonia County, Vermont",1810,388,town
5000564075,"Sheffield town, Caledonia County, Vermont",1820,581,town
5000564075,"Sheffield town, Caledonia County, Vermont",1830,720,town
5000564075,"Sheffield town, Caledonia County, Vermont",1840,821,town
5000564075,"Sheffield town, Caledonia County, Vermont",1850,797,town
5000564075,"Sheffield town, Caledonia County, Vermont",1860,836,town
5000564075,"Sheffield town, Caledonia County, Vermont",1870,811,town
5000564075,"Sheffield town, Caledonia County, Vermont",1880,884,town
5000564075,"Sheffield town, Caledonia County, Vermont",1890,760,town
5000564075,"Sheffield town, Caledonia County, Vermont",1900,724,town
5000564075,"Sheffield town, Caledonia County, Vermont",1910,691,town
5000564075,"Sheffield town, Caledonia County, Vermont",1920,594,town
5000564075,"Sheffield town, Caledonia County, Vermont",1930,543,town
5000564075,"Sheffield town, Caledonia County, Vermont",1940,465,town
5000564075,"Sheffield town, Caledonia County, Vermont",1950,451,town
5000564075,"Sheffield town, Caledonia County, Vermont",1960,342,town
5000564075,"Sheffield town, Caledonia County, Vermont",1970,307,town
5000564075,"Sheffield town, Caledonia County, Vermont",1980,435,town
5000564075,"Sheffield town, Caledonia County, Vermont",1990,541,town
5000564075,"Sheffield town, Caledonia County, Vermont",2000,727,town
5000564075,"Sheffield town, Caledonia County, Vermont",2010,703,town
5000564075,"Sheffield town, Caledonia County, Vermont",2020,682,town
5000764300,"Shelburne town, Chittenden County, Vermont",1791,387,town
5000764300,"Shelburne town, Chittenden County, Vermont",1800,723,town
5000764300,"Shelburne town, Chittenden County, Vermont",1810,987,town
5000764300,"Shelburne town, Chittenden County, Vermont",1820,1168,town
5000764300,"Shelburne town, Chittenden County, Vermont",1830,1123,town
5000764300,"Shelburne town, Chittenden County, Vermont",1840,1098,town
5000764300,"Shelburne town, Chittenden County, Vermont",1850,1257,town
5000764300,"Shelburne town, Chittenden County, Vermont",1860,1178,town
5000764300,"Shelburne town, Chittenden County, Vermont",1870,1190,town
5000764300,"Shelburne town, Chittenden County, Vermont",1880,1095,town
5000764300,"Shelburne town, Chittenden County, Vermont",1890,1300,town
5000764300,"Shelburne town, Chittenden County, Vermont",1900,1292,town
5000764300,"Shelburne town, Chittenden County, Vermont",1910,1097,town
5000764300,"Shelburne town, Chittenden County, Vermont",1920,997,town
5000764300,"Shelburne town, Chittenden County, Vermont",1930,1006,town
5000764300,"Shelburne town, Chittenden County, Vermont",1940,1010,town
5000764300,"Shelburne town, Chittenden County, Vermont",1950,1365,town
5000764300,"Shelburne town, Chittenden County, Vermont",1960,1805,town
5000764300,"Shelburne town, Chittenden County, Vermont",1970,3728,town
5000764300,"Shelburne town, Chittenden County, Vermont",1980,5000,town
5000764300,"Shelburne town, Chittenden County, Vermont",1990,5871,town
5000764300,"Shelburne town, Chittenden County, Vermont",2000,6944,town
5000764300,"Shelburne town, Chittenden County, Vermont",2010,7144,town
5000764300,"Shelburne town, Chittenden County, Vermont",2020,7717,town
5001164600,"Sheldon town, Franklin County, Vermont",1791,0,town
5001164600,"Sheldon town, Franklin County, Vermont",1800,408,town
5001164600,"Sheldon town, Franklin County, Vermont",1810,883,town
5001164600,"Sheldon town, Franklin County, Vermont",1820,927,town
5001164600,"Sheldon town, Franklin County, Vermont",1830,2158,town
5001164600,"Sheldon town, Franklin County, Vermont",1840,1734,town
5001164600,"Sheldon town, Franklin County, Vermont",1850,1814,town
5001164600,"Sheldon town, Franklin County, Vermont",1860,1655,town
5001164600,"Sheldon town, Franklin County, Vermont",1870,1697,town
5001164600,"Sheldon town, Franklin County, Vermont",1880,1529,town
5001164600,"Sheldon town, Franklin County, Vermont",1890,1365,town
5001164600,"Sheldon town, Franklin County, Vermont",1900,1341,town
5001164600,"Sheldon town, Franklin County, Vermont",1910,1246,town
5001164600,"Sheldon town, Franklin County, Vermont",1920,1473,town
5001164600,"Sheldon town, Franklin County, Vermont",1930,1563,town
5001164600,"Sheldon town, Franklin County, Vermont",1940,1471,town
5001164600,"Sheldon town, Franklin County, Vermont",1950,1352,town
5001164600,"Sheldon town, Franklin County, Vermont",1960,1281,town
5001164600,"Sheldon town, Franklin County, Vermont",1970,1481,town
5001164600,"Sheldon town, Franklin County, Vermont",1980,1618,town
5001164600,"Sheldon town, Franklin County, Vermont",1990,1748,town
5001164600,"Sheldon town, Franklin County, Vermont",2000,1990,town
5001164600,"Sheldon town, Franklin County, Vermont",2010,2190,town
5001164600,"Sheldon town, Franklin County, Vermont",2020,2136,town
5000165050,"Shoreham town, Addison County, Vermont",1791,701,town
5000165050,"Shoreham town, Addison County, Vermont",1800,1447,town
5000165050,"Shoreham town, Addison County, Vermont",1810,2033,town
5000165050,"Shoreham town, Addison County, Vermont",1820,1881,town
5000165050,"Shoreham town, Addison County, Vermont",1830,2137,town
5000165050,"Shoreham town, Addison County, Vermont",1840,1674,town
5000165050,"Shoreham town, Addison County, Vermont",1850,1601,town
5000165050,"Shoreham town, Addison County, Vermont",1860,1382,town
5000165050,"Shoreham town, Addison County, Vermont",1870,1225,town
5000165050,"Shoreham town, Addison County, Vermont",1880,1354,town
5000165050,"Shoreham town, Addison County, Vermont",1890,1240,town
5000165050,"Shoreham town, Addison County, Vermont",1900,1193,town
5000165050,"Shoreham town, Addison County, Vermont",1910,1098,town
5000165050,"Shoreham town, Addison County, Vermont",1920,925,town
5000165050,"Shoreham town, Addison County, Vermont",1930,948,town
5000165050,"Shoreham town, Addison County, Vermont",1940,865,town
5000165050,"Shoreham town, Addison County, Vermont",1950,829,town
5000165050,"Shoreham town, Addison County, Vermont",1960,786,town
5000165050,"Shoreham town, Addison County, Vermont",1970,790,town
5000165050,"Shoreham town, Addison County, Vermont",1980,972,town
5000165050,"Shoreham town, Addison County, Vermont",1990,1115,town
5000165050,"Shoreham town, Addison County, Vermont",2000,1222,town
5000165050,"Shoreham town, Addison County, Vermont",2010,1265,town
5000165050,"Shoreham town, Addison County, Vermont",2020,1260,town
5002165275,"Shrewsbury town, Rutland County, Vermont",1791,382,town
5002165275,"Shrewsbury town, Rutland County, Vermont",1800,748,town
5002165275,"Shrewsbury town, Rutland County, Vermont",1810,990,town
5002165275,"Shrewsbury town, Rutland County, Vermont",1820,1151,town
5002165275,"Shrewsbury town, Rutland County, Vermont",1830,1289,town
5002165275,"Shrewsbury town, Rutland County, Vermont",1840,1218,town
5002165275,"Shrewsbury town, Rutland County, Vermont",1850,1268,town
5002165275,"Shrewsbury town, Rutland County, Vermont",1860,1175,town
5002165275,"Shrewsbury town, Rutland County, Vermont",1870,1145,town
5002165275,"Shrewsbury town, Rutland County, Vermont",1880,1235,town
5002165275,"Shrewsbury town, Rutland County, Vermont",1890,974,town
5002165275,"Shrewsbury town, Rutland County, Vermont",1900,935,town
5002165275,"Shrewsbury town, Rutland County, Vermont",1910,751,town
5002165275,"Shrewsbury town, Rutland County, Vermont",1920,620,town
5002165275,"Shrewsbury town, Rutland County, Vermont",1930,540,town
5002165275,"Shrewsbury town, Rutland County, Vermont",1940,537,town
5002165275,"Shrewsbury town, Rutland County, Vermont",1950,464,town
5002165275,"Shrewsbury town, Rutland County, Vermont",1960,445,town
5002165275,"Shrewsbury town, Rutland County, Vermont",1970,570,town
5002165275,"Shrewsbury town, Rutland County, Vermont",1980,866,town
5002165275,"Shrewsbury town, Rutland County, Vermont",1990,1107,town
5002165275,"Shrewsbury town, Rutland County, Vermont",2000,1108,town
5002165275,"Shrewsbury town, Rutland County, Vermont",2010,1056,town
5002165275,"Shrewsbury town, Rutland County, Vermont",2020,1096,town
5002565762,"Somerset town, Windham County, Vermont",1791,111,town
5002565762,"Somerset town, Windham County, Vermont",1800,130,town
5002565762,"Somerset town, Windham County, Vermont",1810,199,town
5002565762,"Somerset town, Windham County, Vermont",1820,173,town
5002565762,"Somerset town, Windham County, Vermont",1830,245,town
5002565762,"Somerset town, Windham County, Vermont",1840,262,town
5002565762,"Somerset town, Windham County, Vermont",1850,321,town
5002565762,"Somerset town, Windham County, Vermont",1860,105,town
5002565762,"Somerset town, Windham County, Vermont",1870,80,town
5002565762,"Somerset town, Windham County, Vermont",1880,67,town
5002565762,"Somerset town, Windham County, Vermont",1890,61,town
5002565762,"Somerset town, Windham County, Vermont",1900,67,town
5002565762,"Somerset town, Windham County, Vermont",1910,27,town
5002565762,"Somerset town, Windham County, Vermont",1920,59,town
5002565762,"Somerset town, Windham County, Vermont",1930,20,town
5002565762,"Somerset town, Windham County, Vermont",1940,5,town
5002565762,"Somerset town, Windham County, Vermont",1950,8,town
5002565762,"Somerset town, Windham County, Vermont",1960,4,town
5002565762,"Somerset town, Windham County, Vermont",1970,0,town
5002565762,"Somerset town, Windham County, Vermont",1980,2,town
5002565762,"Somerset town, Windham County, Vermont",1990,2,town
5002565762,"Somerset town, Windham County, Vermont",2000,5,town
5002565762,"Somerset town, Windham County, Vermont",2010,3,town
5002565762,"Somerset town, Windham County, Vermont",2020,6,town
5000766175,"South Burlington city, Chittenden County, Vermont",1791,0,town
5000766175,"South Burlington city, Chittenden County, Vermont",1800,0,town
5000766175,"South Burlington city, Chittenden County, Vermont",1810,0,town
5000766175,"South Burlington city, Chittenden County, Vermont",1820,0,town
5000766175,"South Burlington city, Chittenden County, Vermont",1830,0,town
5000766175,"South Burlington city, Chittenden County, Vermont",1840,0,town
5000766175,"South Burlington city, Chittenden County, Vermont",1850,0,town
5000766175,"South Burlington city, Chittenden County, Vermont",1860,0,town
5000766175,"South Burlington city, Chittenden County, Vermont",1870,791,town
5000766175,"South Burlington city, Chittenden County, Vermont",1880,664,town
5000766175,"South Burlington city, Chittenden County, Vermont",1890,845,town
5000766175,"South Burlington city, Chittenden County, Vermont",1900,971,town
5000766175,"South Burlington city, Chittenden County, Vermont",1910,927,town
5000766175,"South Burlington city, Chittenden County, Vermont",1920,938,town
5000766175,"South Burlington city, Chittenden County, Vermont",1930,1023,town
5000766175,"South Burlington city, Chittenden County, Vermont",1940,1736,town
5000766175,"South Burlington city, Chittenden County, Vermont",1950,3279,town
5000766175,"South Burlington city, Chittenden County, Vermont",1960,6903,town
5000766175,"South Burlington city, Chittenden County, Vermont",1970,10032,town
5000766175,"South Burlington city, Chittenden County, Vermont",1980,10679,town
5000766175,"South Burlington city, Chittenden County, Vermont",1990,12809,town
5000766175,"South Burlington city, Chittenden County, Vermont",2000,15814,town
5000766175,"South Burlington city, Chittenden County, Vermont",2010,17904,town
5000766175,"South Burlington city, Chittenden County, Vermont",2020,20292,town
5001367000,"South Hero town, Grand Isle County, Vermont",1791,537,town
5001367000,"South Hero town, Grand Isle County, Vermont",1800,678,town
5001367000,"South Hero town, Grand Isle County, Vermont",1810,826,town
5001367000,"South Hero town, Grand Isle County, Vermont",1820,842,town
5001367000,"South Hero town, Grand Isle County, Vermont",1830,717,town
5001367000,"South Hero town, Grand Isle County, Vermont",1840,664,town
5001367000,"South Hero town, Grand Isle County, Vermont",1850,705,town
5001367000,"South Hero town, Grand Isle County, Vermont",1860,617,town
5001367000,"South Hero town, Grand Isle County, Vermont",1870,586,town
5001367000,"South Hero town, Grand Isle County, Vermont",1880,620,town
5001367000,"South Hero town, Grand Isle County, Vermont",1890,559,town
5001367000,"South Hero town, Grand Isle County, Vermont",1900,817,town
5001367000,"South Hero town, Grand Isle County, Vermont",1910,605,town
5001367000,"South Hero town, Grand Isle County, Vermont",1920,605,town
5001367000,"South Hero town, Grand Isle County, Vermont",1930,641,town
5001367000,"South Hero town, Grand Isle County, Vermont",1940,611,town
5001367000,"South Hero town, Grand Isle County, Vermont",1950,567,town
5001367000,"South Hero town, Grand Isle County, Vermont",1960,614,town
5001367000,"South Hero town, Grand Isle County, Vermont",1970,868,town
5001367000,"South Hero town, Grand Isle County, Vermont",1980,1188,town
5001367000,"South Hero town, Grand Isle County, Vermont",1990,1404,town
5001367000,"South Hero town, Grand Isle County, Vermont",2000,1696,town
5001367000,"South Hero town, Grand Isle County, Vermont",2010,1631,town
5001367000,"South Hero town, Grand Isle County, Vermont",2020,1674,town
5002769550,"Springfield town, Windsor County, Vermont",1791,1097,town
5002769550,"Springfield town, Windsor County, Vermont",1800,2032,town
5002769550,"Springfield town, Windsor County, Vermont",1810,2556,town
5002769550,"Springfield town, Windsor County, Vermont",1820,2702,town
5002769550,"Springfield town, Windsor County, Vermont",1830,2749,town
5002769550,"Springfield town, Windsor County, Vermont",1840,2625,town
5002769550,"Springfield town, Windsor County, Vermont",1850,2762,town
5002769550,"Springfield town, Windsor County, Vermont",1860,2968,town
5002769550,"Springfield town, Windsor County, Vermont",1870,2937,town
5002769550,"Springfield town, Windsor County, Vermont",1880,3144,town
5002769550,"Springfield town, Windsor County, Vermont",1890,2881,town
5002769550,"Springfield town, Windsor County, Vermont",1900,3432,town
5002769550,"Springfield town, Windsor County, Vermont",1910,4784,town
5002769550,"Springfield town, Windsor County, Vermont",1920,7202,town
5002769550,"Springfield town, Windsor County, Vermont",1930,6965,town
5002769550,"Springfield town, Windsor County, Vermont",1940,7720,town
5002769550,"Springfield town, Windsor County, Vermont",1950,9190,town
5002769550,"Springfield town, Windsor County, Vermont",1960,9934,town
5002769550,"Springfield town, Windsor County, Vermont",1970,10063,town
5002769550,"Springfield town, Windsor County, Vermont",1980,10190,town
5002769550,"Springfield town, Windsor County, Vermont",1990,9579,town
5002769550,"Springfield town, Windsor County, Vermont",2000,9078,town
5002769550,"Springfield town, Windsor County, Vermont",2010,9373,town
5002769550,"Springfield town, Windsor County, Vermont",2020,9062,town
5001161675,"St. Albans city, Franklin County, Vermont",1791,0,town
5001161675,"St. Albans city, Franklin County, Vermont",1800,0,town
5001161675,"St. Albans city, Franklin County, Vermont",1810,0,town
5001161675,"St. Albans city, Franklin County, Vermont",1820,0,town
5001161675,"St. Albans city, Franklin County, Vermont",1830,0,town
5001161675,"St. Albans city, Franklin County, Vermont",1840,0,town
5001161675,"St. Albans city, Franklin County, Vermont",1850,0,town
5001161675,"St. Albans city, Franklin County, Vermont",1860,0,town
5001161675,"St. Albans city, Franklin County, Vermont",1870,0,town
5001161675,"St. Albans city, Franklin County, Vermont",1880,0,town
5001161675,"St. Albans city, Franklin County, Vermont",1890,0,town
5001161675,"St. Albans city, Franklin County, Vermont",1900,6237,town
5001161675,"St. Albans city, Franklin County, Vermont",1910,6381,town
5001161675,"St. Albans city, Franklin County, Vermont",1920,7588,town
5001161675,"St. Albans city, Franklin County, Vermont",1930,8020,town
5001161675,"St. Albans city, Franklin County, Vermont",1940,8037,town
5001161675,"St. Albans city, Franklin County, Vermont",1950,8552,town
5001161675,"St. Albans city, Franklin County, Vermont",1960,8806,town
5001161675,"St. Albans city, Franklin County, Vermont",1970,8082,town
5001161675,"St. Albans city, Franklin County, Vermont",1980,7308,town
5001161675,"St. Albans city, Franklin County, Vermont",1990,7339,town
5001161675,"St. Albans city, Franklin County, Vermont",2000,7650,town
5001161675,"St. Albans city, Franklin County, Vermont",2010,6918,town
5001161675,"St. Albans city, Franklin County, Vermont",2020,6877,town
5001161750,"St. Albans town, Franklin County, Vermont",1791,256,town
5001161750,"St. Albans town, Franklin County, Vermont",1800,901,town
5001161750,"St. Albans town, Franklin County, Vermont",1810,1609,town
5001161750,"St. Albans town, Franklin County, Vermont",1820,1636,town
5001161750,"St. Albans town, Franklin County, Vermont",1830,2395,town
5001161750,"St. Albans town, Franklin County, Vermont",1840,2702,town
5001161750,"St. Albans town, Franklin County, Vermont",1850,3567,town
5001161750,"St. Albans town, Franklin County, Vermont",1860,3637,town
5001161750,"St. Albans town, Franklin County, Vermont",1870,7014,town
5001161750,"St. Albans town, Franklin County, Vermont",1880,7193,town
5001161750,"St. Albans town, Franklin County, Vermont",1890,7771,town
5001161750,"St. Albans town, Franklin County, Vermont",1900,1715,town
5001161750,"St. Albans town, Franklin County, Vermont",1910,1617,town
5001161750,"St. Albans town, Franklin County, Vermont",1920,1583,town
5001161750,"St. Albans town, Franklin County, Vermont",1930,1691,town
5001161750,"St. Albans town, Franklin County, Vermont",1940,1733,town
5001161750,"St. Albans town, Franklin County, Vermont",1950,1908,town
5001161750,"St. Albans town, Franklin County, Vermont",1960,2303,town
5001161750,"St. Albans town, Franklin County, Vermont",1970,3270,town
5001161750,"St. Albans town, Franklin County, Vermont",1980,3555,town
5001161750,"St. Albans town, Franklin County, Vermont",1990,4606,town
5001161750,"St. Albans town, Franklin County, Vermont",2000,5086,town
5001161750,"St. Albans town, Franklin County, Vermont",2010,5999,town
5001161750,"St. Albans town, Franklin County, Vermont",2020,6988,town
5000762050,"St. George town, Chittenden County, Vermont",1791,57,town
5000762050,"St. George town, Chittenden County, Vermont",1800,65,town
5000762050,"St. George town, Chittenden County, Vermont",1810,68,town
5000762050,"St. George town, Chittenden County, Vermont",1820,120,town
5000762050,"St. George town, Chittenden County, Vermont",1830,135,town
5000762050,"St. George town, Chittenden County, Vermont",1840,121,town
5000762050,"St. George town, Chittenden County, Vermont",1850,127,town
5000762050,"St. George town, Chittenden County, Vermont",1860,121,town
5000762050,"St. George town, Chittenden County, Vermont",1870,111,town
5000762050,"St. George town, Chittenden County, Vermont",1880,93,town
5000762050,"St. George town, Chittenden County, Vermont",1890,106,town
5000762050,"St. George town, Chittenden County, Vermont",1900,90,town
5000762050,"St. George town, Chittenden County, Vermont",1910,109,town
5000762050,"St. George town, Chittenden County, Vermont",1920,100,town
5000762050,"St. George town, Chittenden County, Vermont",1930,84,town
5000762050,"St. George town, Chittenden County, Vermont",1940,87,town
5000762050,"St. George town, Chittenden County, Vermont",1950,117,town
5000762050,"St. George town, Chittenden County, Vermont",1960,108,town
5000762050,"St. George town, Chittenden County, Vermont",1970,477,town
5000762050,"St. George town, Chittenden County, Vermont",1980,677,town
5000762050,"St. George town, Chittenden County, Vermont",1990,705,town
5000762050,"St. George town, Chittenden County, Vermont",2000,698,town
5000762050,"St. George town, Chittenden County, Vermont",2010,674,town
5000762050,"St. George town, Chittenden County, Vermont",2020,794,town
5000562200,"St. Johnsbury town, Caledonia County, Vermont",1791,143,town
5000562200,"St. Johnsbury town, Caledonia County, Vermont",1800,651,town
5000562200,"St. Johnsbury town, Caledonia County, Vermont",1810,1334,town
5000562200,"St. Johnsbury town, Caledonia County, Vermont",1820,1404,town
5000562200,"St. Johnsbury town, Caledonia County, Vermont",1830,1592,town
5000562200,"St. Johnsbury town, Caledonia County, Vermont",1840,1887,town
5000562200,"St. Johnsbury town, Caledonia County, Vermont",1850,2758,town
5000562200,"St. Johnsbury town, Caledonia County, Vermont",1860,3469,town
5000562200,"St. Johnsbury town, Caledonia County, Vermont",1870,4665,town
5000562200,"St. Johnsbury town, Caledonia County, Vermont",1880,5800,town
5000562200,"St. Johnsbury town, Caledonia County, Vermont",1890,6567,town
5000562200,"St. Johnsbury town, Caledonia County, Vermont",1900,7010,town
5000562200,"St. Johnsbury town, Caledonia County, Vermont",1910,8098,town
5000562200,"St. Johnsbury town, Caledonia County, Vermont",1920,8708,town
5000562200,"St. Johnsbury town, Caledonia County, Vermont",1930,9696,town
5000562200,"St. Johnsbury town, Caledonia County, Vermont",1940,9095,town
5000562200,"St. Johnsbury town, Caledonia County, Vermont",1950,9292,town
5000562200,"St. Johnsbury town, Caledonia County, Vermont",1960,8869,town
5000562200,"St. Johnsbury town, Caledonia County, Vermont",1970,8409,town
5000562200,"St. Johnsbury town, Caledonia County, Vermont",1980,7938,town
5000562200,"St. Johnsbury town, Caledonia County, Vermont",1990,7608,town
5000562200,"St. Johnsbury town, Caledonia County, Vermont",2000,7571,town
5000562200,"St. Johnsbury town, Caledonia County, Vermont",2010,7603,town
5000562200,"St. Johnsbury town, Caledonia County, Vermont",2020,7364,town
5000369775,"Stamford town, Bennington County, Vermont",1791,272,town
5000369775,"Stamford town, Bennington County, Vermont",1800,383,town
5000369775,"Stamford town, Bennington County, Vermont",1810,378,town
5000369775,"Stamford town, Bennington County, Vermont",1820,490,town
5000369775,"Stamford town, Bennington County, Vermont",1830,563,town
5000369775,"Stamford town, Bennington County, Vermont",1840,662,town
5000369775,"Stamford town, Bennington County, Vermont",1850,833,town
5000369775,"Stamford town, Bennington County, Vermont",1860,759,town
5000369775,"Stamford town, Bennington County, Vermont",1870,633,town
5000369775,"Stamford town, Bennington County, Vermont",1880,726,town
5000369775,"Stamford town, Bennington County, Vermont",1890,645,town
5000369775,"Stamford town, Bennington County, Vermont",1900,677,town
5000369775,"Stamford town, Bennington County, Vermont",1910,510,town
5000369775,"Stamford town, Bennington County, Vermont",1920,374,town
5000369775,"Stamford town, Bennington County, Vermont",1930,370,town
5000369775,"Stamford town, Bennington County, Vermont",1940,418,town
5000369775,"Stamford town, Bennington County, Vermont",1950,514,town
5000369775,"Stamford town, Bennington County, Vermont",1960,600,town
5000369775,"Stamford town, Bennington County, Vermont",1970,752,town
5000369775,"Stamford town, Bennington County, Vermont",1980,773,town
5000369775,"Stamford town, Bennington County, Vermont",1990,773,town
5000369775,"Stamford town, Bennington County, Vermont",2000,813,town
5000369775,"Stamford town, Bennington County, Vermont",2010,824,town
5000369775,"Stamford town, Bennington County, Vermont",2020,861,town
5000569925,"Stannard town, Caledonia County, Vermont",1791,0,town
5000569925,"Stannard town, Caledonia County, Vermont",1800,0,town
5000569925,"Stannard town, Caledonia County, Vermont",1810,0,town
5000569925,"Stannard town, Caledonia County, Vermont",1820,0,town
5000569925,"Stannard town, Caledonia County, Vermont",1830,0,town
5000569925,"Stannard town, Caledonia County, Vermont",1840,0,town
5000569925,"Stannard town, Caledonia County, Vermont",1850,0,town
5000569925,"Stannard town, Caledonia County, Vermont",1860,0,town
5000569925,"Stannard town, Caledonia County, Vermont",1870,228,town
5000569925,"Stannard town, Caledonia County, Vermont",1880,252,town
5000569925,"Stannard town, Caledonia County, Vermont",1890,239,town
5000569925,"Stannard town, Caledonia County, Vermont",1900,222,town
5000569925,"Stannard town, Caledonia County, Vermont",1910,206,town
5000569925,"Stannard town, Caledonia County, Vermont",1920,173,town
5000569925,"Stannard town, Caledonia County, Vermont",1930,154,town
5000569925,"Stannard town, Caledonia County, Vermont",1940,140,town
5000569925,"Stannard town, Caledonia County, Vermont",1950,116,town
5000569925,"Stannard town, Caledonia County, Vermont",1960,113,town
5000569925,"Stannard town, Caledonia County, Vermont",1970,88,town
5000569925,"Stannard town, Caledonia County, Vermont",1980,142,town
5000569925,"Stannard town, Caledonia County, Vermont",1990,148,town
5000569925,"Stannard town, Caledonia County, Vermont",2000,185,town
5000569925,"Stannard town, Caledonia County, Vermont",2010,216,town
5000569925,"Stannard town, Caledonia County, Vermont",2020,208,town
5000170075,"Starksboro town, Addison County, Vermont",1791,0,town
5000170075,"Starksboro town, Addison County, Vermont",1800,359,town
5000170075,"Starksboro town, Addison County, Vermont",1810,726,town
5000170075,"Starksboro town, Addison County, Vermont",1820,914,town
5000170075,"Starksboro town, Addison County, Vermont",1830,1342,town
5000170075,"Starksboro town, Addison County, Vermont",1840,1263,town
5000170075,"Starksboro town, Addison County, Vermont",1850,1400,town
5000170075,"Starksboro town, Addison County, Vermont",1860,1437,town
5000170075,"Starksboro town, Addison County, Vermont",1870,1361,town
5000170075,"Starksboro town, Addison County, Vermont",1880,1249,town
5000170075,"Starksboro town, Addison County, Vermont",1890,1070,town
5000170075,"Starksboro town, Addison County, Vermont",1900,902,town
5000170075,"Starksboro town, Addison County, Vermont",1910,835,town
5000170075,"Starksboro town, Addison County, Vermont",1920,806,town
5000170075,"Starksboro town, Addison County, Vermont",1930,687,town
5000170075,"Starksboro town, Addison County, Vermont",1940,744,town
5000170075,"Starksboro town, Addison County, Vermont",1950,576,town
5000170075,"Starksboro town, Addison County, Vermont",1960,502,town
5000170075,"Starksboro town, Addison County, Vermont",1970,668,town
5000170075,"Starksboro town, Addison County, Vermont",1980,1336,town
5000170075,"Starksboro town, Addison County, Vermont",1990,1511,town
5000170075,"Starksboro town, Addison County, Vermont",2000,1898,town
5000170075,"Starksboro town, Addison County, Vermont",2010,1777,town
5000170075,"Starksboro town, Addison County, Vermont",2020,1756,town
5002770375,"Stockbridge town, Windsor County, Vermont",1791,100,town
5002770375,"Stockbridge town, Windsor County, Vermont",1800,432,town
5002770375,"Stockbridge town, Windsor County, Vermont",1810,700,town
5002770375,"Stockbridge town, Windsor County, Vermont",1820,964,town
5002770375,"Stockbridge town, Windsor County, Vermont",1830,1333,town
5002770375,"Stockbridge town, Windsor County, Vermont",1840,1418,town
5002770375,"Stockbridge town, Windsor County, Vermont",1850,1327,town
5002770375,"Stockbridge town, Windsor County, Vermont",1860,1264,town
5002770375,"Stockbridge town, Windsor County, Vermont",1870,1269,town
5002770375,"Stockbridge town, Windsor County, Vermont",1880,1124,town
5002770375,"Stockbridge town, Windsor County, Vermont",1890,894,town
5002770375,"Stockbridge town, Windsor County, Vermont",1900,822,town
5002770375,"Stockbridge town, Windsor County, Vermont",1910,737,town
5002770375,"Stockbridge town, Windsor County, Vermont",1920,618,town
5002770375,"Stockbridge town, Windsor County, Vermont",1930,460,town
5002770375,"Stockbridge town, Windsor County, Vermont",1940,490,town
5002770375,"Stockbridge town, Windsor County, Vermont",1950,427,town
5002770375,"Stockbridge town, Windsor County, Vermont",1960,392,town
5002770375,"Stockbridge town, Windsor County, Vermont",1970,389,town
5002770375,"Stockbridge town, Windsor County, Vermont",1980,508,town
5002770375,"Stockbridge town, Windsor County, Vermont",1990,618,town
5002770375,"Stockbridge town, Windsor County, Vermont",2000,674,town
5002770375,"Stockbridge town, Windsor County, Vermont",2010,736,town
5002770375,"Stockbridge town, Windsor County, Vermont",2020,718,town
5001570525,"Stowe town, Lamoille County, Vermont",1791,0,town
5001570525,"Stowe town, Lamoille County, Vermont",1800,316,town
5001570525,"Stowe town, Lamoille County, Vermont",1810,650,town
5001570525,"Stowe town, Lamoille County, Vermont",1820,957,town
5001570525,"Stowe town, Lamoille County, Vermont",1830,1570,town
5001570525,"Stowe town, Lamoille County, Vermont",1840,1371,town
5001570525,"Stowe town, Lamoille County, Vermont",1850,1771,town
5001570525,"Stowe town, Lamoille County, Vermont",1860,2046,town
5001570525,"Stowe town, Lamoille County, Vermont",1870,2049,town
5001570525,"Stowe town, Lamoille County, Vermont",1880,1896,town
5001570525,"Stowe town, Lamoille County, Vermont",1890,1886,town
5001570525,"Stowe town, Lamoille County, Vermont",1900,1926,town
5001570525,"Stowe town, Lamoille County, Vermont",1910,1991,town
5001570525,"Stowe town, Lamoille County, Vermont",1920,1800,town
5001570525,"Stowe town, Lamoille County, Vermont",1930,1654,town
5001570525,"Stowe town, Lamoille County, Vermont",1940,1741,town
5001570525,"Stowe town, Lamoille County, Vermont",1950,1720,town
5001570525,"Stowe town, Lamoille County, Vermont",1960,1901,town
5001570525,"Stowe town, Lamoille County, Vermont",1970,2388,town
5001570525,"Stowe town, Lamoille County, Vermont",1980,2991,town
5001570525,"Stowe town, Lamoille County, Vermont",1990,3433,town
5001570525,"Stowe town, Lamoille County, Vermont",2000,4339,town
5001570525,"Stowe town, Lamoille County, Vermont",2010,4314,town
5001570525,"Stowe town, Lamoille County, Vermont",2020,5223,town
5001770675,"Strafford town, Orange County, Vermont",1791,844,town
5001770675,"Strafford town, Orange County, Vermont",1800,1642,town
5001770675,"Strafford town, Orange County, Vermont",1810,1805,town
5001770675,"Strafford town, Orange County, Vermont",1820,1921,town
5001770675,"Strafford town, Orange County, Vermont",1830,1935,town
5001770675,"Strafford town, Orange County, Vermont",1840,1762,town
5001770675,"Strafford town, Orange County, Vermont",1850,1640,town
5001770675,"Strafford town, Orange County, Vermont",1860,1506,town
5001770675,"Strafford town, Orange County, Vermont",1870,1290,town
5001770675,"Strafford town, Orange County, Vermont",1880,1181,town
5001770675,"Strafford town, Orange County, Vermont",1890,932,town
5001770675,"Strafford town, Orange County, Vermont",1900,1000,town
5001770675,"Strafford town, Orange County, Vermont",1910,776,town
5001770675,"Strafford town, Orange County, Vermont",1920,601,town
5001770675,"Strafford town, Orange County, Vermont",1930,615,town
5001770675,"Strafford town, Orange County, Vermont",1940,598,town
5001770675,"Strafford town, Orange County, Vermont",1950,680,town
5001770675,"Strafford town, Orange County, Vermont",1960,548,town
5001770675,"Strafford town, Orange County, Vermont",1970,536,town
5001770675,"Strafford town, Orange County, Vermont",1980,731,town
5001770675,"Strafford town, Orange County, Vermont",1990,902,town
5001770675,"Strafford town, Orange County, Vermont",2000,1045,town
5001770675,"Strafford town, Orange County, Vermont",2010,1098,town
5001770675,"Strafford town, Orange County, Vermont",2020,1094,town
5002570750,"Stratton town, Windham County, Vermont",1791,95,town
5002570750,"Stratton town, Windham County, Vermont",1800,271,town
5002570750,"Stratton town, Windham County, Vermont",1810,265,town
5002570750,"Stratton town, Windham County, Vermont",1820,272,town
5002570750,"Stratton town, Windham County, Vermont",1830,312,town
5002570750,"Stratton town, Windham County, Vermont",1840,341,town
5002570750,"Stratton town, Windham County, Vermont",1850,286,town
5002570750,"Stratton town, Windham County, Vermont",1860,365,town
5002570750,"Stratton town, Windham County, Vermont",1870,294,town
5002570750,"Stratton town, Windham County, Vermont",1880,302,town
5002570750,"Stratton town, Windham County, Vermont",1890,222,town
5002570750,"Stratton town, Windham County, Vermont",1900,271,town
5002570750,"Stratton town, Windham County, Vermont",1910,86,town
5002570750,"Stratton town, Windham County, Vermont",1920,90,town
5002570750,"Stratton town, Windham County, Vermont",1930,55,town
5002570750,"Stratton town, Windham County, Vermont",1940,117,town
5002570750,"Stratton town, Windham County, Vermont",1950,54,town
5002570750,"Stratton town, Windham County, Vermont",1960,24,town
5002570750,"Stratton town, Windham County, Vermont",1970,104,town
5002570750,"Stratton town, Windham County, Vermont",1980,122,town
5002570750,"Stratton town, Windham County, Vermont",1990,121,town
5002570750,"Stratton town, Windham County, Vermont",2000,136,town
5002570750,"Stratton town, Windham County, Vermont",2010,216,town
5002570750,"Stratton town, Windham County, Vermont",2020,440,town
5002171050,"Sudbury town, Rutland County, Vermont",1791,258,town
5002171050,"Sudbury town, Rutland County, Vermont",1800,521,town
5002171050,"Sudbury town, Rutland County, Vermont",1810,754,town
5002171050,"Sudbury town, Rutland County, Vermont",1820,809,town
5002171050,"Sudbury town, Rutland County, Vermont",1830,812,town
5002171050,"Sudbury town, Rutland County, Vermont",1840,796,town
5002171050,"Sudbury town, Rutland County, Vermont",1850,794,town
5002171050,"Sudbury town, Rutland County, Vermont",1860,696,town
5002171050,"Sudbury town, Rutland County, Vermont",1870,601,town
5002171050,"Sudbury town, Rutland County, Vermont",1880,562,town
5002171050,"Sudbury town, Rutland County, Vermont",1890,502,town
5002171050,"Sudbury town, Rutland County, Vermont",1900,474,town
5002171050,"Sudbury town, Rutland County, Vermont",1910,415,town
5002171050,"Sudbury town, Rutland County, Vermont",1920,417,town
5002171050,"Sudbury town, Rutland County, Vermont",1930,361,town
5002171050,"Sudbury town, Rutland County, Vermont",1940,321,town
5002171050,"Sudbury town, Rutland County, Vermont",1950,263,town
5002171050,"Sudbury town, Rutland County, Vermont",1960,249,town
5002171050,"Sudbury town, Rutland County, Vermont",1970,253,town
5002171050,"Sudbury town, Rutland County, Vermont",1980,380,town
5002171050,"Sudbury town, Rutland County, Vermont",1990,516,town
5002171050,"Sudbury town, Rutland County, Vermont",2000,583,town
5002171050,"Sudbury town, Rutland County, Vermont",2010,560,town
5002171050,"Sudbury town, Rutland County, Vermont",2020,545,town
5000371425,"Sunderland town, Bennington County, Vermont",1791,414,town
5000371425,"Sunderland town, Bennington County, Vermont",1800,557,town
5000371425,"Sunderland town, Bennington County, Vermont",1810,575,town
5000371425,"Sunderland town, Bennington County, Vermont",1820,496,town
5000371425,"Sunderland town, Bennington County, Vermont",1830,463,town
5000371425,"Sunderland town, Bennington County, Vermont",1840,438,town
5000371425,"Sunderland town, Bennington County, Vermont",1850,479,town
5000371425,"Sunderland town, Bennington County, Vermont",1860,667,town
5000371425,"Sunderland town, Bennington County, Vermont",1870,553,town
5000371425,"Sunderland town, Bennington County, Vermont",1880,655,town
5000371425,"Sunderland town, Bennington County, Vermont",1890,633,town
5000371425,"Sunderland town, Bennington County, Vermont",1900,518,town
5000371425,"Sunderland town, Bennington County, Vermont",1910,494,town
5000371425,"Sunderland town, Bennington County, Vermont",1920,409,town
5000371425,"Sunderland town, Bennington County, Vermont",1930,375,town
5000371425,"Sunderland town, Bennington County, Vermont",1940,442,town
5000371425,"Sunderland town, Bennington County, Vermont",1950,493,town
5000371425,"Sunderland town, Bennington County, Vermont",1960,566,town
5000371425,"Sunderland town, Bennington County, Vermont",1970,601,town
5000371425,"Sunderland town, Bennington County, Vermont",1980,768,town
5000371425,"Sunderland town, Bennington County, Vermont",1990,872,town
5000371425,"Sunderland town, Bennington County, Vermont",2000,850,town
5000371425,"Sunderland town, Bennington County, Vermont",2010,956,town
5000371425,"Sunderland town, Bennington County, Vermont",2020,1056,town
5000571575,"Sutton town, Caledonia County, Vermont",1791,0,town
5000571575,"Sutton town, Caledonia County, Vermont",1800,0,town
5000571575,"Sutton town, Caledonia County, Vermont",1810,433,town
5000571575,"Sutton town, Caledonia County, Vermont",1820,697,town
5000571575,"Sutton town, Caledonia County, Vermont",1830,1005,town
5000571575,"Sutton town, Caledonia County, Vermont",1840,1068,town
5000571575,"Sutton town, Caledonia County, Vermont",1850,1001,town
5000571575,"Sutton town, Caledonia County, Vermont",1860,987,town
5000571575,"Sutton town, Caledonia County, Vermont",1870,920,town
5000571575,"Sutton town, Caledonia County, Vermont",1880,838,town
5000571575,"Sutton town, Caledonia County, Vermont",1890,746,town
5000571575,"Sutton town, Caledonia County, Vermont",1900,694,town
5000571575,"Sutton town, Caledonia County, Vermont",1910,711,town
5000571575,"Sutton town, Caledonia County, Vermont",1920,659,town
5000571575,"Sutton town, Caledonia County, Vermont",1930,596,town
5000571575,"Sutton town, Caledonia County, Vermont",1940,561,town
5000571575,"Sutton town, Caledonia County, Vermont",1950,528,town
5000571575,"Sutton town, Caledonia County, Vermont",1960,476,town
5000571575,"Sutton town, Caledonia County, Vermont",1970,438,town
5000571575,"Sutton town, Caledonia County, Vermont",1980,667,town
5000571575,"Sutton town, Caledonia County, Vermont",1990,854,town
5000571575,"Sutton town, Caledonia County, Vermont",2000,1001,town
5000571575,"Sutton town, Caledonia County, Vermont",2010,1029,town
5000571575,"Sutton town, Caledonia County, Vermont",2020,913,town
5001171725,"Swanton town, Franklin County, Vermont",1791,74,town
5001171725,"Swanton town, Franklin County, Vermont",1800,858,town
5001171725,"Swanton town, Franklin County, Vermont",1810,1657,town
5001171725,"Swanton town, Franklin County, Vermont",1820,607,town
5001171725,"Swanton town, Franklin County, Vermont",1830,2158,town
5001171725,"Swanton town, Franklin County, Vermont",1840,2312,town
5001171725,"Swanton town, Franklin County, Vermont",1850,2824,town
5001171725,"Swanton town, Franklin County, Vermont",1860,2678,town
5001171725,"Swanton town, Franklin County, Vermont",1870,2866,town
5001171725,"Swanton town, Franklin County, Vermont",1880,3079,town
5001171725,"Swanton town, Franklin County, Vermont",1890,3231,town
5001171725,"Swanton town, Franklin County, Vermont",1900,3745,town
5001171725,"Swanton town, Franklin County, Vermont",1910,3628,town
5001171725,"Swanton town, Franklin County, Vermont",1920,3342,town
5001171725,"Swanton town, Franklin County, Vermont",1930,3433,town
5001171725,"Swanton town, Franklin County, Vermont",1940,3543,town
5001171725,"Swanton town, Franklin County, Vermont",1950,3740,town
5001171725,"Swanton town, Franklin County, Vermont",1960,3946,town
5001171725,"Swanton town, Franklin County, Vermont",1970,4622,town
5001171725,"Swanton town, Franklin County, Vermont",1980,5141,town
5001171725,"Swanton town, Franklin County, Vermont",1990,5636,town
5001171725,"Swanton town, Franklin County, Vermont",2000,6203,town
5001171725,"Swanton town, Franklin County, Vermont",2010,6427,town
5001171725,"Swanton town, Franklin County, Vermont",2020,6701,town
5001772400,"Thetford town, Orange County, Vermont",1791,862,town
5001772400,"Thetford town, Orange County, Vermont",1800,1478,town
5001772400,"Thetford town, Orange County, Vermont",1810,1735,town
5001772400,"Thetford town, Orange County, Vermont",1820,1915,town
5001772400,"Thetford town, Orange County, Vermont",1830,2113,town
5001772400,"Thetford town, Orange County, Vermont",1840,2065,town
5001772400,"Thetford town, Orange County, Vermont",1850,2016,town
5001772400,"Thetford town, Orange County, Vermont",1860,1876,town
5001772400,"Thetford town, Orange County, Vermont",1870,1613,town
5001772400,"Thetford town, Orange County, Vermont",1880,1529,town
5001772400,"Thetford town, Orange County, Vermont",1890,1287,town
5001772400,"Thetford town, Orange County, Vermont",1900,1249,town
5001772400,"Thetford town, Orange County, Vermont",1910,1182,town
5001772400,"Thetford town, Orange County, Vermont",1920,1089,town
5001772400,"Thetford town, Orange County, Vermont",1930,1052,town
5001772400,"Thetford town, Orange County, Vermont",1940,1043,town
5001772400,"Thetford town, Orange County, Vermont",1950,1046,town
5001772400,"Thetford town, Orange County, Vermont",1960,1049,town
5001772400,"Thetford town, Orange County, Vermont",1970,1422,town
5001772400,"Thetford town, Orange County, Vermont",1980,2188,town
5001772400,"Thetford town, Orange County, Vermont",1990,2438,town
5001772400,"Thetford town, Orange County, Vermont",2000,2617,town
5001772400,"Thetford town, Orange County, Vermont",2010,2588,town
5001772400,"Thetford town, Orange County, Vermont",2020,2775,town
5002172925,"Tinmouth town, Rutland County, Vermont",1791,935,town
5002172925,"Tinmouth town, Rutland County, Vermont",1800,973,town
5002172925,"Tinmouth town, Rutland County, Vermont",1810,1001,town
5002172925,"Tinmouth town, Rutland County, Vermont",1820,1069,town
5002172925,"Tinmouth town, Rutland County, Vermont",1830,1049,town
5002172925,"Tinmouth town, Rutland County, Vermont",1840,780,town
5002172925,"Tinmouth town, Rutland County, Vermont",1850,717,town
5002172925,"Tinmouth town, Rutland County, Vermont",1860,620,town
5002172925,"Tinmouth town, Rutland County, Vermont",1870,569,town
5002172925,"Tinmouth town, Rutland County, Vermont",1880,532,town
5002172925,"Tinmouth town, Rutland County, Vermont",1890,435,town
5002172925,"Tinmouth town, Rutland County, Vermont",1900,404,town
5002172925,"Tinmouth town, Rutland County, Vermont",1910,410,town
5002172925,"Tinmouth town, Rutland County, Vermont",1920,349,town
5002172925,"Tinmouth town, Rutland County, Vermont",1930,340,town
5002172925,"Tinmouth town, Rutland County, Vermont",1940,346,town
5002172925,"Tinmouth town, Rutland County, Vermont",1950,248,town
5002172925,"Tinmouth town, Rutland County, Vermont",1960,228,town
5002172925,"Tinmouth town, Rutland County, Vermont",1970,268,town
5002172925,"Tinmouth town, Rutland County, Vermont",1980,406,town
5002172925,"Tinmouth town, Rutland County, Vermont",1990,455,town
5002172925,"Tinmouth town, Rutland County, Vermont",2000,567,town
5002172925,"Tinmouth town, Rutland County, Vermont",2010,613,town
5002172925,"Tinmouth town, Rutland County, Vermont",2020,553,town
5001773075,"Topsham town, Orange County, Vermont",1791,126,town
5001773075,"Topsham town, Orange County, Vermont",1800,344,town
5001773075,"Topsham town, Orange County, Vermont",1810,814,town
5001773075,"Topsham town, Orange County, Vermont",1820,1020,town
5001773075,"Topsham town, Orange County, Vermont",1830,1384,town
5001773075,"Topsham town, Orange County, Vermont",1840,1745,town
5001773075,"Topsham town, Orange County, Vermont",1850,1668,town
5001773075,"Topsham town, Orange County, Vermont",1860,1662,town
5001773075,"Topsham town, Orange County, Vermont",1870,1418,town
5001773075,"Topsham town, Orange County, Vermont",1880,1365,town
5001773075,"Topsham town, Orange County, Vermont",1890,1187,town
5001773075,"Topsham town, Orange County, Vermont",1900,1117,town
5001773075,"Topsham town, Orange County, Vermont",1910,918,town
5001773075,"Topsham town, Orange County, Vermont",1920,825,town
5001773075,"Topsham town, Orange County, Vermont",1930,720,town
5001773075,"Topsham town, Orange County, Vermont",1940,707,town
5001773075,"Topsham town, Orange County, Vermont",1950,733,town
5001773075,"Topsham town, Orange County, Vermont",1960,638,town
5001773075,"Topsham town, Orange County, Vermont",1970,686,town
5001773075,"Topsham town, Orange County, Vermont",1980,767,town
5001773075,"Topsham town, Orange County, Vermont",1990,944,town
5001773075,"Topsham town, Orange County, Vermont",2000,1142,town
5001773075,"Topsham town, Orange County, Vermont",2010,1173,town
5001773075,"Topsham town, Orange County, Vermont",2020,1199,town
5002573300,"Townshend town, Windham County, Vermont",1791,678,town
5002573300,"Townshend town, Windham County, Vermont",1800,1083,town
5002573300,"Townshend town, Windham County, Vermont",1810,1115,town
5002573300,"Townshend town, Windham County, Vermont",1820,1406,town
5002573300,"Townshend town, Windham County, Vermont",1830,1386,town
5002573300,"Townshend town, Windham County, Vermont",1840,1345,town
5002573300,"Townshend town, Windham County, Vermont",1850,1354,town
5002573300,"Townshend town, Windham County, Vermont",1860,1376,town
5002573300,"Townshend town, Windham County, Vermont",1870,1171,town
5002573300,"Townshend town, Windham County, Vermont",1880,1099,town
5002573300,"Townshend town, Windham County, Vermont",1890,865,town
5002573300,"Townshend town, Windham County, Vermont",1900,833,town
5002573300,"Townshend town, Windham County, Vermont",1910,817,town
5002573300,"Townshend town, Windham County, Vermont",1920,786,town
5002573300,"Townshend town, Windham County, Vermont",1930,633,town
5002573300,"Townshend town, Windham County, Vermont",1940,694,town
5002573300,"Townshend town, Windham County, Vermont",1950,584,town
5002573300,"Townshend town, Windham County, Vermont",1960,643,town
5002573300,"Townshend town, Windham County, Vermont",1970,668,town
5002573300,"Townshend town, Windham County, Vermont",1980,849,town
5002573300,"Townshend town, Windham County, Vermont",1990,1019,town
5002573300,"Townshend town, Windham County, Vermont",2000,1149,town
5002573300,"Townshend town, Windham County, Vermont",2010,1232,town
5002573300,"Townshend town, Windham County, Vermont",2020,1291,town
5001973525,"Troy town, Orleans County, Vermont",1791,0,town
5001973525,"Troy town, Orleans County, Vermont",1800,0,town
5001973525,"Troy town, Orleans County, Vermont",1810,231,town
5001973525,"Troy town, Orleans County, Vermont",1820,227,town
5001973525,"Troy town, Orleans County, Vermont",1830,608,town
5001973525,"Troy town, Orleans County, Vermont",1840,855,town
5001973525,"Troy town, Orleans County, Vermont",1850,1008,town
5001973525,"Troy town, Orleans County, Vermont",1860,1246,town
5001973525,"Troy town, Orleans County, Vermont",1870,1355,town
5001973525,"Troy town, Orleans County, Vermont",1880,1522,town
5001973525,"Troy town, Orleans County, Vermont",1890,1673,town
5001973525,"Troy town, Orleans County, Vermont",1900,1467,town
5001973525,"Troy town, Orleans County, Vermont",1910,1685,town
5001973525,"Troy town, Orleans County, Vermont",1920,1869,town
5001973525,"Troy town, Orleans County, Vermont",1930,1098,town
5001973525,"Troy town, Orleans County, Vermont",1940,1869,town
5001973525,"Troy town, Orleans County, Vermont",1950,1786,town
5001973525,"Troy town, Orleans County, Vermont",1960,1613,town
5001973525,"Troy town, Orleans County, Vermont",1970,1457,town
5001973525,"Troy town, Orleans County, Vermont",1980,1498,town
5001973525,"Troy town, Orleans County, Vermont",1990,1609,town
5001973525,"Troy town, Orleans County, Vermont",2000,1564,town
5001973525,"Troy town, Orleans County, Vermont",2010,1662,town
5001973525,"Troy town, Orleans County, Vermont",2020,1722,town
5001773675,"Tunbridge town, Orange County, Vermont",1791,487,town
5001773675,"Tunbridge town, Orange County, Vermont",1800,1324,town
5001773675,"Tunbridge town, Orange County, Vermont",1810,1640,town
5001773675,"Tunbridge town, Orange County, Vermont",1820,2003,town
5001773675,"Tunbridge town, Orange County, Vermont",1830,1920,town
5001773675,"Tunbridge town, Orange County, Vermont",1840,1811,town
5001773675,"Tunbridge town, Orange County, Vermont",1850,1786,town
5001773675,"Tunbridge town, Orange County, Vermont",1860,1546,town
5001773675,"Tunbridge town, Orange County, Vermont",1870,1405,town
5001773675,"Tunbridge town, Orange County, Vermont",1880,1262,town
5001773675,"Tunbridge town, Orange County, Vermont",1890,1011,town
5001773675,"Tunbridge town, Orange County, Vermont",1900,885,town
5001773675,"Tunbridge town, Orange County, Vermont",1910,918,town
5001773675,"Tunbridge town, Orange County, Vermont",1920,907,town
5001773675,"Tunbridge town, Orange County, Vermont",1930,903,town
5001773675,"Tunbridge town, Orange County, Vermont",1940,882,town
5001773675,"Tunbridge town, Orange County, Vermont",1950,774,town
5001773675,"Tunbridge town, Orange County, Vermont",1960,743,town
5001773675,"Tunbridge town, Orange County, Vermont",1970,791,town
5001773675,"Tunbridge town, Orange County, Vermont",1980,925,town
5001773675,"Tunbridge town, Orange County, Vermont",1990,1154,town
5001773675,"Tunbridge town, Orange County, Vermont",2000,1309,town
5001773675,"Tunbridge town, Orange County, Vermont",2010,1284,town
5001773675,"Tunbridge town, Orange County, Vermont",2020,1337,town
5000773975,"Underhill town, Chittenden County, Vermont",1791,59,town
5000773975,"Underhill town, Chittenden County, Vermont",1800,212,town
5000773975,"Underhill town, Chittenden County, Vermont",1810,490,town
5000773975,"Underhill town, Chittenden County, Vermont",1820,757,town
5000773975,"Underhill town, Chittenden County, Vermont",1830,1052,town
5000773975,"Underhill town, Chittenden County, Vermont",1840,1441,town
5000773975,"Underhill town, Chittenden County, Vermont",1850,1599,town
5000773975,"Underhill town, Chittenden County, Vermont",1860,1637,town
5000773975,"Underhill town, Chittenden County, Vermont",1870,1655,town
5000773975,"Underhill town, Chittenden County, Vermont",1880,1439,town
5000773975,"Underhill town, Chittenden County, Vermont",1890,1301,town
5000773975,"Underhill town, Chittenden County, Vermont",1900,1140,town
5000773975,"Underhill town, Chittenden County, Vermont",1910,1004,town
5000773975,"Underhill town, Chittenden County, Vermont",1920,896,town
5000773975,"Underhill town, Chittenden County, Vermont",1930,781,town
5000773975,"Underhill town, Chittenden County, Vermont",1940,760,town
5000773975,"Underhill town, Chittenden County, Vermont",1950,698,town
5000773975,"Underhill town, Chittenden County, Vermont",1960,730,town
5000773975,"Underhill town, Chittenden County, Vermont",1970,1198,town
5000773975,"Underhill town, Chittenden County, Vermont",1980,2172,town
5000773975,"Underhill town, Chittenden County, Vermont",1990,2799,town
5000773975,"Underhill town, Chittenden County, Vermont",2000,2980,town
5000773975,"Underhill town, Chittenden County, Vermont",2010,3016,town
5000773975,"Underhill town, Chittenden County, Vermont",2020,3129,town
5000174650,"Vergennes city, Addison County, Vermont",1791,201,town
5000174650,"Vergennes city, Addison County, Vermont",1800,516,town
5000174650,"Vergennes city, Addison County, Vermont",1810,835,town
5000174650,"Vergennes city, Addison County, Vermont",1820,817,town
5000174650,"Vergennes city, Addison County, Vermont",1830,999,town
5000174650,"Vergennes city, Addison County, Vermont",1840,1017,town
5000174650,"Vergennes city, Addison County, Vermont",1850,1378,town
5000174650,"Vergennes city, Addison County, Vermont",1860,1286,town
5000174650,"Vergennes city, Addison County, Vermont",1870,1670,town
5000174650,"Vergennes city, Addison County, Vermont",1880,1782,town
5000174650,"Vergennes city, Addison County, Vermont",1890,1773,town
5000174650,"Vergennes city, Addison County, Vermont",1900,1753,town
5000174650,"Vergennes city, Addison County, Vermont",1910,1463,town
5000174650,"Vergennes city, Addison County, Vermont",1920,1609,town
5000174650,"Vergennes city, Addison County, Vermont",1930,1705,town
5000174650,"Vergennes city, Addison County, Vermont",1940,1662,town
5000174650,"Vergennes city, Addison County, Vermont",1950,1736,town
5000174650,"Vergennes city, Addison County, Vermont",1960,1921,town
5000174650,"Vergennes city, Addison County, Vermont",1970,2242,town
5000174650,"Vergennes city, Addison County, Vermont",1980,2273,town
5000174650,"Vergennes city, Addison County, Vermont",1990,2578,town
5000174650,"Vergennes city, Addison County, Vermont",2000,2741,town
5000174650,"Vergennes city, Addison County, Vermont",2010,2588,town
5000174650,"Vergennes city, Addison County, Vermont",2020,2553,town
5002574800,"Vernon town, Windham County, Vermont",1791,482,town
5002574800,"Vernon town, Windham County, Vermont",1800,480,town
5002574800,"Vernon town, Windham County, Vermont",1810,521,town
5002574800,"Vernon town, Windham County, Vermont",1820,627,town
5002574800,"Vernon town, Windham County, Vermont",1830,681,town
5002574800,"Vernon town, Windham County, Vermont",1840,705,town
5002574800,"Vernon town, Windham County, Vermont",1850,821,town
5002574800,"Vernon town, Windham County, Vermont",1860,726,town
5002574800,"Vernon town, Windham County, Vermont",1870,764,town
5002574800,"Vernon town, Windham County, Vermont",1880,652,town
5002574800,"Vernon town, Windham County, Vermont",1890,567,town
5002574800,"Vernon town, Windham County, Vermont",1900,578,town
5002574800,"Vernon town, Windham County, Vermont",1910,606,town
5002574800,"Vernon town, Windham County, Vermont",1920,656,town
5002574800,"Vernon town, Windham County, Vermont",1930,609,town
5002574800,"Vernon town, Windham County, Vermont",1940,559,town
5002574800,"Vernon town, Windham County, Vermont",1950,712,town
5002574800,"Vernon town, Windham County, Vermont",1960,865,town
5002574800,"Vernon town, Windham County, Vermont",1970,1024,town
5002574800,"Vernon town, Windham County, Vermont",1980,1175,town
5002574800,"Vernon town, Windham County, Vermont",1990,1850,town
5002574800,"Vernon town, Windham County, Vermont",2000,2141,town
5002574800,"Vernon town, Windham County, Vermont",2010,2206,town
5002574800,"Vernon town, Windham County, Vermont",2020,2192,town
5001774950,"Vershire town, Orange County, Vermont",1791,439,town
5001774950,"Vershire town, Orange County, Vermont",1800,1031,town
5001774950,"Vershire town, Orange County, Vermont",1810,1311,town
5001774950,"Vershire town, Orange County, Vermont",1820,1290,town
5001774950,"Vershire town, Orange County, Vermont",1830,1260,town
5001774950,"Vershire town, Orange County, Vermont",1840,1188,town
5001774950,"Vershire town, Orange County, Vermont",1850,1071,town
5001774950,"Vershire town, Orange County, Vermont",1860,1053,town
5001774950,"Vershire town, Orange County, Vermont",1870,1140,town
5001774950,"Vershire town, Orange County, Vermont",1880,1875,town
5001774950,"Vershire town, Orange County, Vermont",1890,954,town
5001774950,"Vershire town, Orange County, Vermont",1900,641,town
5001774950,"Vershire town, Orange County, Vermont",1910,446,town
5001774950,"Vershire town, Orange County, Vermont",1920,410,town
5001774950,"Vershire town, Orange County, Vermont",1930,368,town
5001774950,"Vershire town, Orange County, Vermont",1940,367,town
5001774950,"Vershire town, Orange County, Vermont",1950,284,town
5001774950,"Vershire town, Orange County, Vermont",1960,236,town
5001774950,"Vershire town, Orange County, Vermont",1970,299,town
5001774950,"Vershire town, Orange County, Vermont",1980,442,town
5001774950,"Vershire town, Orange County, Vermont",1990,560,town
5001774950,"Vershire town, Orange County, Vermont",2000,629,town
5001774950,"Vershire town, Orange County, Vermont",2010,730,town
5001774950,"Vershire town, Orange County, Vermont",2020,672,town
5000975175,"Victory town, Essex County, Vermont",1791,0,town
5000975175,"Victory town, Essex County, Vermont",1800,0,town
5000975175,"Victory town, Essex County, Vermont",1810,0,town
5000975175,"Victory town, Essex County, Vermont",1820,6,town
5000975175,"Victory town, Essex County, Vermont",1830,53,town
5000975175,"Victory town, Essex County, Vermont",1840,140,town
5000975175,"Victory town, Essex County, Vermont",1850,168,town
5000975175,"Victory town, Essex County, Vermont",1860,212,town
5000975175,"Victory town, Essex County, Vermont",1870,263,town
5000975175,"Victory town, Essex County, Vermont",1880,321,town
5000975175,"Victory town, Essex County, Vermont",1890,554,town
5000975175,"Victory town, Essex County, Vermont",1900,321,town
5000975175,"Victory town, Essex County, Vermont",1910,206,town
5000975175,"Victory town, Essex County, Vermont",1920,125,town
5000975175,"Victory town, Essex County, Vermont",1930,80,town
5000975175,"Victory town, Essex County, Vermont",1940,104,town
5000975175,"Victory town, Essex County, Vermont",1950,49,town
5000975175,"Victory town, Essex County, Vermont",1960,46,town
5000975175,"Victory town, Essex County, Vermont",1970,42,town
5000975175,"Victory town, Essex County, Vermont",1980,56,town
5000975175,"Victory town, Essex County, Vermont",1990,50,town
5000975175,"Victory town, Essex County, Vermont",2000,97,town
5000975175,"Victory town, Essex County, Vermont",2010,62,town
5000975175,"Victory town, Essex County, Vermont",2020,70,town
5002375325,"Waitsfield town, Washington County, Vermont",1791,61,town
5002375325,"Waitsfield town, Washington County, Vermont",1800,473,town
5002375325,"Waitsfield town, Washington County, Vermont",1810,647,town
5002375325,"Waitsfield town, Washington County, Vermont",1820,935,town
5002375325,"Waitsfield town, Washington County, Vermont",1830,968,town
5002375325,"Waitsfield town, Washington County, Vermont",1840,1048,town
5002375325,"Waitsfield town, Washington County, Vermont",1850,1021,town
5002375325,"Waitsfield town, Washington County, Vermont",1860,1005,town
5002375325,"Waitsfield town, Washington County, Vermont",1870,948,town
5002375325,"Waitsfield town, Washington County, Vermont",1880,938,town
5002375325,"Waitsfield town, Washington County, Vermont",1890,815,town
5002375325,"Waitsfield town, Washington County, Vermont",1900,760,town
5002375325,"Waitsfield town, Washington County, Vermont",1910,709,town
5002375325,"Waitsfield town, Washington County, Vermont",1920,682,town
5002375325,"Waitsfield town, Washington County, Vermont",1930,723,town
5002375325,"Waitsfield town, Washington County, Vermont",1940,706,town
5002375325,"Waitsfield town, Washington County, Vermont",1950,661,town
5002375325,"Waitsfield town, Washington County, Vermont",1960,658,town
5002375325,"Waitsfield town, Washington County, Vermont",1970,837,town
5002375325,"Waitsfield town, Washington County, Vermont",1980,1300,town
5002375325,"Waitsfield town, Washington County, Vermont",1990,1422,town
5002375325,"Waitsfield town, Washington County, Vermont",2000,1659,town
5002375325,"Waitsfield town, Washington County, Vermont",2010,1719,town
5002375325,"Waitsfield town, Washington County, Vermont",2020,1844,town
5000575700,"Walden town, Caledonia County, Vermont",1791,11,town
5000575700,"Walden town, Caledonia County, Vermont",1800,153,town
5000575700,"Walden town, Caledonia County, Vermont",1810,455,town
5000575700,"Walden town, Caledonia County, Vermont",1820,580,town
5000575700,"Walden town, Caledonia County, Vermont",1830,827,town
5000575700,"Walden town, Caledonia County, Vermont",1840,913,town
5000575700,"Walden town, Caledonia County, Vermont",1850,910,town
5000575700,"Walden town, Caledonia County, Vermont",1860,1001,town
5000575700,"Walden town, Caledonia County, Vermont",1870,992,town
5000575700,"Walden town, Caledonia County, Vermont",1880,931,town
5000575700,"Walden town, Caledonia County, Vermont",1890,810,town
5000575700,"Walden town, Caledonia County, Vermont",1900,764,town
5000575700,"Walden town, Caledonia County, Vermont",1910,739,town
5000575700,"Walden town, Caledonia County, Vermont",1920,674,town
5000575700,"Walden town, Caledonia County, Vermont",1930,664,town
5000575700,"Walden town, Caledonia County, Vermont",1940,547,town
5000575700,"Walden town, Caledonia County, Vermont",1950,481,town
5000575700,"Walden town, Caledonia County, Vermont",1960,427,town
5000575700,"Walden town, Caledonia County, Vermont",1970,442,town
5000575700,"Walden town, Caledonia County, Vermont",1980,575,town
5000575700,"Walden town, Caledonia County, Vermont",1990,703,town
5000575700,"Walden town, Caledonia County, Vermont",2000,782,town
5000575700,"Walden town, Caledonia County, Vermont",2010,935,town
5000575700,"Walden town, Caledonia County, Vermont",2020,956,town
5002175925,"Wallingford town, Rutland County, Vermont",1791,538,town
5002175925,"Wallingford town, Rutland County, Vermont",1800,912,town
5002175925,"Wallingford town, Rutland County, Vermont",1810,1386,town
5002175925,"Wallingford town, Rutland County, Vermont",1820,1570,town
5002175925,"Wallingford town, Rutland County, Vermont",1830,1740,town
5002175925,"Wallingford town, Rutland County, Vermont",1840,1608,town
5002175925,"Wallingford town, Rutland County, Vermont",1850,1688,town
5002175925,"Wallingford town, Rutland County, Vermont",1860,1747,town
5002175925,"Wallingford town, Rutland County, Vermont",1870,2023,town
5002175925,"Wallingford town, Rutland County, Vermont",1880,1846,town
5002175925,"Wallingford town, Rutland County, Vermont",1890,1733,town
5002175925,"Wallingford town, Rutland County, Vermont",1900,1575,town
5002175925,"Wallingford town, Rutland County, Vermont",1910,1719,town
5002175925,"Wallingford town, Rutland County, Vermont",1920,1581,town
5002175925,"Wallingford town, Rutland County, Vermont",1930,1564,town
5002175925,"Wallingford town, Rutland County, Vermont",1940,1450,town
5002175925,"Wallingford town, Rutland County, Vermont",1950,1482,town
5002175925,"Wallingford town, Rutland County, Vermont",1960,1439,town
5002175925,"Wallingford town, Rutland County, Vermont",1970,1676,town
5002175925,"Wallingford town, Rutland County, Vermont",1980,1893,town
5002175925,"Wallingford town, Rutland County, Vermont",1990,2184,town
5002175925,"Wallingford town, Rutland County, Vermont",2000,2274,town
5002175925,"Wallingford town, Rutland County, Vermont",2010,2079,town
5002175925,"Wallingford town, Rutland County, Vermont",2020,2129,town
5000176075,"Waltham town, Addison County, Vermont",1791,247,town
5000176075,"Waltham town, Addison County, Vermont",1800,247,town
5000176075,"Waltham town, Addison County, Vermont",1810,244,town
5000176075,"Waltham town, Addison County, Vermont",1820,264,town
5000176075,"Waltham town, Addison County, Vermont",1830,330,town
5000176075,"Waltham town, Addison County, Vermont",1840,283,town
5000176075,"Waltham town, Addison County, Vermont",1850,270,town
5000176075,"Waltham town, Addison County, Vermont",1860,263,town
5000176075,"Waltham town, Addison County, Vermont",1870,249,town
5000176075,"Waltham town, Addison County, Vermont",1880,248,town
5000176075,"Waltham town, Addison County, Vermont",1890,255,town
5000176075,"Waltham town, Addison County, Vermont",1900,264,town
5000176075,"Waltham town, Addison County, Vermont",1910,202,town
5000176075,"Waltham town, Addison County, Vermont",1920,204,town
5000176075,"Waltham town, Addison County, Vermont",1930,175,town
5000176075,"Waltham town, Addison County, Vermont",1940,184,town
5000176075,"Waltham town, Addison County, Vermont",1950,193,town
5000176075,"Waltham town, Addison County, Vermont",1960,186,town
5000176075,"Waltham town, Addison County, Vermont",1970,265,town
5000176075,"Waltham town, Addison County, Vermont",1980,394,town
5000176075,"Waltham town, Addison County, Vermont",1990,454,town
5000176075,"Waltham town, Addison County, Vermont",2000,479,town
5000176075,"Waltham town, Addison County, Vermont",2010,486,town
5000176075,"Waltham town, Addison County, Vermont",2020,446,town
5002576225,"Wardsboro town, Windham County, Vermont",1791,753,town
5002576225,"Wardsboro town, Windham County, Vermont",1800,1484,town
5002576225,"Wardsboro town, Windham County, Vermont",1810,2053,town
5002576225,"Wardsboro town, Windham County, Vermont",1820,1010,town
5002576225,"Wardsboro town, Windham County, Vermont",1830,1148,town
5002576225,"Wardsboro town, Windham County, Vermont",1840,1102,town
5002576225,"Wardsboro town, Windham County, Vermont",1850,1125,town
5002576225,"Wardsboro town, Windham County, Vermont",1860,1005,town
5002576225,"Wardsboro town, Windham County, Vermont",1870,866,town
5002576225,"Wardsboro town, Windham County, Vermont",1880,766,town
5002576225,"Wardsboro town, Windham County, Vermont",1890,704,town
5002576225,"Wardsboro town, Windham County, Vermont",1900,637,town
5002576225,"Wardsboro town, Windham County, Vermont",1910,559,town
5002576225,"Wardsboro town, Windham County, Vermont",1920,380,town
5002576225,"Wardsboro town, Windham County, Vermont",1930,355,town
5002576225,"Wardsboro town, Windham County, Vermont",1940,401,town
5002576225,"Wardsboro town, Windham County, Vermont",1950,377,town
5002576225,"Wardsboro town, Windham County, Vermont",1960,322,town
5002576225,"Wardsboro town, Windham County, Vermont",1970,391,town
5002576225,"Wardsboro town, Windham County, Vermont",1980,505,town
5002576225,"Wardsboro town, Windham County, Vermont",1990,654,town
5002576225,"Wardsboro town, Windham County, Vermont",2000,854,town
5002576225,"Wardsboro town, Windham County, Vermont",2010,900,town
5002576225,"Wardsboro town, Windham County, Vermont",2020,869,town
5000976337,"Warner's grant, Essex County, Vermont",1791,0,town
5000976337,"Warner's grant, Essex County, Vermont",1800,0,town
5000976337,"Warner's grant, Essex County, Vermont",1810,0,town
5000976337,"Warner's grant, Essex County, Vermont",1820,0,town
5000976337,"Warner's grant, Essex County, Vermont",1830,0,town
5000976337,"Warner's grant, Essex County, Vermont",1840,0,town
5000976337,"Warner's grant, Essex County, Vermont",1850,0,town
5000976337,"Warner's grant, Essex County, Vermont",1860,0,town
5000976337,"Warner's grant, Essex County, Vermont",1870,0,town
5000976337,"Warner's grant, Essex County, Vermont",1880,0,town
5000976337,"Warner's grant, Essex County, Vermont",1890,0,town
5000976337,"Warner's grant, Essex County, Vermont",1900,0,town
5000976337,"Warner's grant, Essex County, Vermont",1910,0,town
5000976337,"Warner's grant, Essex County, Vermont",1920,0,town
5000976337,"Warner's grant, Essex County, Vermont",1930,0,town
5000976337,"Warner's grant, Essex County, Vermont",1940,0,town
5000976337,"Warner's grant, Essex County, Vermont",1950,0,town
5000976337,"Warner's grant, Essex County, Vermont",1960,0,town
5000976337,"Warner's grant, Essex County, Vermont",1970,0,town
5000976337,"Warner's grant, Essex County, Vermont",1980,0,town
5000976337,"Warner's grant, Essex County, Vermont",1990,0,town
5000976337,"Warner's grant, Essex County, Vermont",2000,0,town
5000976337,"Warner's grant, Essex County, Vermont",2010,0,town
5000976337,"Warner's grant, Essex County, Vermont",2020,0,town
5002376525,"Warren town, Washington County, Vermont",1791,0,town
5002376525,"Warren town, Washington County, Vermont",1800,58,town
5002376525,"Warren town, Washington County, Vermont",1810,229,town
5002376525,"Warren town, Washington County, Vermont",1820,320,town
5002376525,"Warren town, Washington County, Vermont",1830,766,town
5002376525,"Warren town, Washington County, Vermont",1840,943,town
5002376525,"Warren town, Washington County, Vermont",1850,962,town
5002376525,"Warren town, Washington County, Vermont",1860,1041,town
5002376525,"Warren town, Washington County, Vermont",1870,1008,town
5002376525,"Warren town, Washington County, Vermont",1880,951,town
5002376525,"Warren town, Washington County, Vermont",1890,866,town
5002376525,"Warren town, Washington County, Vermont",1900,826,town
5002376525,"Warren town, Washington County, Vermont",1910,825,town
5002376525,"Warren town, Washington County, Vermont",1920,654,town
5002376525,"Warren town, Washington County, Vermont",1930,486,town
5002376525,"Warren town, Washington County, Vermont",1940,450,town
5002376525,"Warren town, Washington County, Vermont",1950,498,town
5002376525,"Warren town, Washington County, Vermont",1960,469,town
5002376525,"Warren town, Washington County, Vermont",1970,588,town
5002376525,"Warren town, Washington County, Vermont",1980,956,town
5002376525,"Warren town, Washington County, Vermont",1990,1172,town
5002376525,"Warren town, Washington County, Vermont",2000,1681,town
5002376525,"Warren town, Washington County, Vermont",2010,1705,town
5002376525,"Warren town, Washington County, Vermont",2020,1977,town
5000976562,"Warren's gore, Washington County, Vermont",1791,0,town
5000976562,"Warren's gore, Washington County, Vermont",1800,0,town
5000976562,"Warren's gore, Washington County, Vermont",1810,0,town
5000976562,"Warren's gore, Washington County, Vermont",1820,0,town
5000976562,"Warren's gore, Washington County, Vermont",1830,0,town
5000976562,"Warren's gore, Washington County, Vermont",1840,0,town
5000976562,"Warren's gore, Washington County, Vermont",1850,0,town
5000976562,"Warren's gore, Washington County, Vermont",1860,0,town
5000976562,"Warren's gore, Washington County, Vermont",1870,0,town
5000976562,"Warren's gore, Washington County, Vermont",1880,0,town
5000976562,"Warren's gore, Washington County, Vermont",1890,0,town
5000976562,"Warren's gore, Washington County, Vermont",1900,0,town
5000976562,"Warren's gore, Washington County, Vermont",1910,0,town
5000976562,"Warren's gore, Washington County, Vermont",1920,0,town
5000976562,"Warren's gore, Washington County, Vermont",1930,0,town
5000976562,"Warren's gore, Washington County, Vermont",1940,0,town
5000976562,"Warren's gore, Washington County, Vermont",1950,0,town
5000976562,"Warren's gore, Washington County, Vermont",1960,0,town
5000976562,"Warren's gore, Washington County, Vermont",1970,1,town
5000976562,"Warren's gore, Washington County, Vermont",1980,0,town
5000976562,"Warren's gore, Washington County, Vermont",1990,2,town
5000976562,"Warren's gore, Washington County, Vermont",2000,10,town
5000976562,"Warren's gore, Washington County, Vermont",2010,4,town
5000976562,"Warren's gore, Washington County, Vermont",2020,2,town
5001776750,"Washington town, Orange County, Vermont",1791,72,town
5001776750,"Washington town, Orange County, Vermont",1800,507,town
5001776750,"Washington town, Orange County, Vermont",1810,1040,town
5001776750,"Washington town, Orange County, Vermont",1820,1160,town
5001776750,"Washington town, Orange County, Vermont",1830,1374,town
5001776750,"Washington town, Orange County, Vermont",1840,1369,town
5001776750,"Washington town, Orange County, Vermont",1850,1348,town
5001776750,"Washington town, Orange County, Vermont",1860,1249,town
5001776750,"Washington town, Orange County, Vermont",1870,1113,town
5001776750,"Washington town, Orange County, Vermont",1880,922,town
5001776750,"Washington town, Orange County, Vermont",1890,820,town
5001776750,"Washington town, Orange County, Vermont",1900,820,town
5001776750,"Washington town, Orange County, Vermont",1910,762,town
5001776750,"Washington town, Orange County, Vermont",1920,660,town
5001776750,"Washington town, Orange County, Vermont",1930,697,town
5001776750,"Washington town, Orange County, Vermont",1940,730,town
5001776750,"Washington town, Orange County, Vermont",1950,650,town
5001776750,"Washington town, Orange County, Vermont",1960,565,town
5001776750,"Washington town, Orange County, Vermont",1970,667,town
5001776750,"Washington town, Orange County, Vermont",1980,855,town
5001776750,"Washington town, Orange County, Vermont",1990,937,town
5001776750,"Washington town, Orange County, Vermont",2000,1047,town
5001776750,"Washington town, Orange County, Vermont",2010,1039,town
5001776750,"Washington town, Orange County, Vermont",2020,1032,town
5002376975,"Waterbury town, Washington County, Vermont",1791,93,town
5002376975,"Waterbury town, Washington County, Vermont",1800,644,town
5002376975,"Waterbury town, Washington County, Vermont",1810,966,town
5002376975,"Waterbury town, Washington County, Vermont",1820,1269,town
5002376975,"Waterbury town, Washington County, Vermont",1830,1650,town
5002376975,"Waterbury town, Washington County, Vermont",1840,1992,town
5002376975,"Waterbury town, Washington County, Vermont",1850,2352,town
5002376975,"Waterbury town, Washington County, Vermont",1860,2198,town
5002376975,"Waterbury town, Washington County, Vermont",1870,2633,town
5002376975,"Waterbury town, Washington County, Vermont",1880,2297,town
5002376975,"Waterbury town, Washington County, Vermont",1890,2232,town
5002376975,"Waterbury town, Washington County, Vermont",1900,2810,town
5002376975,"Waterbury town, Washington County, Vermont",1910,3273,town
5002376975,"Waterbury town, Washington County, Vermont",1920,3542,town
5002376975,"Waterbury town, Washington County, Vermont",1930,4045,town
5002376975,"Waterbury town, Washington County, Vermont",1940,4118,town
5002376975,"Waterbury town, Washington County, Vermont",1950,4276,town
5002376975,"Waterbury town, Washington County, Vermont",1960,4303,town
5002376975,"Waterbury town, Washington County, Vermont",1970,4614,town
5002376975,"Waterbury town, Washington County, Vermont",1980,4465,town
5002376975,"Waterbury town, Washington County, Vermont",1990,4589,town
5002376975,"Waterbury town, Washington County, Vermont",2000,4915,town
5002376975,"Waterbury town, Washington County, Vermont",2010,5064,town
5002376975,"Waterbury town, Washington County, Vermont",2020,5331,town
5000577125,"Waterford town, Caledonia County, Vermont",1791,63,town
5000577125,"Waterford town, Caledonia County, Vermont",1800,565,town
5000577125,"Waterford town, Caledonia County, Vermont",1810,1289,town
5000577125,"Waterford town, Caledonia County, Vermont",1820,1247,town
5000577125,"Waterford town, Caledonia County, Vermont",1830,1358,town
5000577125,"Waterford town, Caledonia County, Vermont",1840,1388,town
5000577125,"Waterford town, Caledonia County, Vermont",1850,1412,town
5000577125,"Waterford town, Caledonia County, Vermont",1860,1171,town
5000577125,"Waterford town, Caledonia County, Vermont",1870,872,town
5000577125,"Waterford town, Caledonia County, Vermont",1880,815,town
5000577125,"Waterford town, Caledonia County, Vermont",1890,734,town
5000577125,"Waterford town, Caledonia County, Vermont",1900,705,town
5000577125,"Waterford town, Caledonia County, Vermont",1910,629,town
5000577125,"Waterford town, Caledonia County, Vermont",1920,574,town
5000577125,"Waterford town, Caledonia County, Vermont",1930,712,town
5000577125,"Waterford town, Caledonia County, Vermont",1940,498,town
5000577125,"Waterford town, Caledonia County, Vermont",1950,468,town
5000577125,"Waterford town, Caledonia County, Vermont",1960,460,town
5000577125,"Waterford town, Caledonia County, Vermont",1970,586,town
5000577125,"Waterford town, Caledonia County, Vermont",1980,882,town
5000577125,"Waterford town, Caledonia County, Vermont",1990,1190,town
5000577125,"Waterford town, Caledonia County, Vermont",2000,1104,town
5000577125,"Waterford town, Caledonia County, Vermont",2010,1280,town
5000577125,"Waterford town, Caledonia County, Vermont",2020,1268,town
5001577425,"Waterville town, Lamoille County, Vermont",1791,0,town
5001577425,"Waterville town, Lamoille County, Vermont",1800,0,town
5001577425,"Waterville town, Lamoille County, Vermont",1810,0,town
5001577425,"Waterville town, Lamoille County, Vermont",1820,0,town
5001577425,"Waterville town, Lamoille County, Vermont",1830,488,town
5001577425,"Waterville town, Lamoille County, Vermont",1840,610,town
5001577425,"Waterville town, Lamoille County, Vermont",1850,753,town
5001577425,"Waterville town, Lamoille County, Vermont",1860,747,town
5001577425,"Waterville town, Lamoille County, Vermont",1870,574,town
5001577425,"Waterville town, Lamoille County, Vermont",1880,547,town
5001577425,"Waterville town, Lamoille County, Vermont",1890,577,town
5001577425,"Waterville town, Lamoille County, Vermont",1900,529,town
5001577425,"Waterville town, Lamoille County, Vermont",1910,485,town
5001577425,"Waterville town, Lamoille County, Vermont",1920,469,town
5001577425,"Waterville town, Lamoille County, Vermont",1930,307,town
5001577425,"Waterville town, Lamoille County, Vermont",1940,386,town
5001577425,"Waterville town, Lamoille County, Vermont",1950,409,town
5001577425,"Waterville town, Lamoille County, Vermont",1960,332,town
5001577425,"Waterville town, Lamoille County, Vermont",1970,397,town
5001577425,"Waterville town, Lamoille County, Vermont",1980,470,town
5001577425,"Waterville town, Lamoille County, Vermont",1990,532,town
5001577425,"Waterville town, Lamoille County, Vermont",2000,697,town
5001577425,"Waterville town, Lamoille County, Vermont",2010,673,town
5001577425,"Waterville town, Lamoille County, Vermont",2020,686,town
5002777500,"Weathersfield town, Windsor County, Vermont",1791,1146,town
5002777500,"Weathersfield town, Windsor County, Vermont",1800,1944,town
5002777500,"Weathersfield town, Windsor County, Vermont",1810,2115,town
5002777500,"Weathersfield town, Windsor County, Vermont",1820,2301,town
5002777500,"Weathersfield town, Windsor County, Vermont",1830,2213,town
5002777500,"Weathersfield town, Windsor County, Vermont",1840,2081,town
5002777500,"Weathersfield town, Windsor County, Vermont",1850,1851,town
5002777500,"Weathersfield town, Windsor County, Vermont",1860,1766,town
5002777500,"Weathersfield town, Windsor County, Vermont",1870,1557,town
5002777500,"Weathersfield town, Windsor County, Vermont",1880,1354,town
5002777500,"Weathersfield town, Windsor County, Vermont",1890,1174,town
5002777500,"Weathersfield town, Windsor County, Vermont",1900,1089,town
5002777500,"Weathersfield town, Windsor County, Vermont",1910,1092,town
5002777500,"Weathersfield town, Windsor County, Vermont",1920,1087,town
5002777500,"Weathersfield town, Windsor County, Vermont",1930,1156,town
5002777500,"Weathersfield town, Windsor County, Vermont",1940,1075,town
5002777500,"Weathersfield town, Windsor County, Vermont",1950,1288,town
5002777500,"Weathersfield town, Windsor County, Vermont",1960,1254,town
5002777500,"Weathersfield town, Windsor County, Vermont",1970,2040,town
5002777500,"Weathersfield town, Windsor County, Vermont",1980,2534,town
5002777500,"Weathersfield town, Windsor County, Vermont",1990,2674,town
5002777500,"Weathersfield town, Windsor County, Vermont",2000,2788,town
5002777500,"Weathersfield town, Windsor County, Vermont",2010,2825,town
5002777500,"Weathersfield town, Windsor County, Vermont",2020,2842,town
5002177950,"Wells town, Rutland County, Vermont",1791,620,town
5002177950,"Wells town, Rutland County, Vermont",1800,978,town
5002177950,"Wells town, Rutland County, Vermont",1810,1040,town
5002177950,"Wells town, Rutland County, Vermont",1820,986,town
5002177950,"Wells town, Rutland County, Vermont",1830,880,town
5002177950,"Wells town, Rutland County, Vermont",1840,740,town
5002177950,"Wells town, Rutland County, Vermont",1850,804,town
5002177950,"Wells town, Rutland County, Vermont",1860,642,town
5002177950,"Wells town, Rutland County, Vermont",1870,483,town
5002177950,"Wells town, Rutland County, Vermont",1880,665,town
5002177950,"Wells town, Rutland County, Vermont",1890,621,town
5002177950,"Wells town, Rutland County, Vermont",1900,606,town
5002177950,"Wells town, Rutland County, Vermont",1910,569,town
5002177950,"Wells town, Rutland County, Vermont",1920,521,town
5002177950,"Wells town, Rutland County, Vermont",1930,515,town
5002177950,"Wells town, Rutland County, Vermont",1940,420,town
5002177950,"Wells town, Rutland County, Vermont",1950,487,town
5002177950,"Wells town, Rutland County, Vermont",1960,419,town
5002177950,"Wells town, Rutland County, Vermont",1970,560,town
5002177950,"Wells town, Rutland County, Vermont",1980,815,town
5002177950,"Wells town, Rutland County, Vermont",1990,902,town
5002177950,"Wells town, Rutland County, Vermont",2000,1121,town
5002177950,"Wells town, Rutland County, Vermont",2010,1150,town
5002177950,"Wells town, Rutland County, Vermont",2020,1214,town
5001779975,"West Fairlee town, Orange County, Vermont",1791,0,town
5001779975,"West Fairlee town, Orange County, Vermont",1800,391,town
5001779975,"West Fairlee town, Orange County, Vermont",1810,983,town
5001779975,"West Fairlee town, Orange County, Vermont",1820,1143,town
5001779975,"West Fairlee town, Orange County, Vermont",1830,841,town
5001779975,"West Fairlee town, Orange County, Vermont",1840,824,town
5001779975,"West Fairlee town, Orange County, Vermont",1850,696,town
5001779975,"West Fairlee town, Orange County, Vermont",1860,830,town
5001779975,"West Fairlee town, Orange County, Vermont",1870,833,town
5001779975,"West Fairlee town, Orange County, Vermont",1880,1038,town
5001779975,"West Fairlee town, Orange County, Vermont",1890,561,town
5001779975,"West Fairlee town, Orange County, Vermont",1900,531,town
5001779975,"West Fairlee town, Orange County, Vermont",1910,446,town
5001779975,"West Fairlee town, Orange County, Vermont",1920,387,town
5001779975,"West Fairlee town, Orange County, Vermont",1930,405,town
5001779975,"West Fairlee town, Orange County, Vermont",1940,428,town
5001779975,"West Fairlee town, Orange County, Vermont",1950,363,town
5001779975,"West Fairlee town, Orange County, Vermont",1960,333,town
5001779975,"West Fairlee town, Orange County, Vermont",1970,337,town
5001779975,"West Fairlee town, Orange County, Vermont",1980,427,town
5001779975,"West Fairlee town, Orange County, Vermont",1990,633,town
5001779975,"West Fairlee town, Orange County, Vermont",2000,726,town
5001779975,"West Fairlee town, Orange County, Vermont",2010,652,town
5001779975,"West Fairlee town, Orange County, Vermont",2020,621,town
5002180875,"West Haven town, Rutland County, Vermont",1791,0,town
5002180875,"West Haven town, Rutland County, Vermont",1800,430,town
5002180875,"West Haven town, Rutland County, Vermont",1810,679,town
5002180875,"West Haven town, Rutland County, Vermont",1820,684,town
5002180875,"West Haven town, Rutland County, Vermont",1830,724,town
5002180875,"West Haven town, Rutland County, Vermont",1840,774,town
5002180875,"West Haven town, Rutland County, Vermont",1850,718,town
5002180875,"West Haven town, Rutland County, Vermont",1860,580,town
5002180875,"West Haven town, Rutland County, Vermont",1870,713,town
5002180875,"West Haven town, Rutland County, Vermont",1880,492,town
5002180875,"West Haven town, Rutland County, Vermont",1890,412,town
5002180875,"West Haven town, Rutland County, Vermont",1900,355,town
5002180875,"West Haven town, Rutland County, Vermont",1910,363,town
5002180875,"West Haven town, Rutland County, Vermont",1920,343,town
5002180875,"West Haven town, Rutland County, Vermont",1930,280,town
5002180875,"West Haven town, Rutland County, Vermont",1940,302,town
5002180875,"West Haven town, Rutland County, Vermont",1950,232,town
5002180875,"West Haven town, Rutland County, Vermont",1960,220,town
5002180875,"West Haven town, Rutland County, Vermont",1970,240,town
5002180875,"West Haven town, Rutland County, Vermont",1980,253,town
5002180875,"West Haven town, Rutland County, Vermont",1990,273,town
5002180875,"West Haven town, Rutland County, Vermont",2000,278,town
5002180875,"West Haven town, Rutland County, Vermont",2010,264,town
5002180875,"West Haven town, Rutland County, Vermont",2020,239,town
5002182300,"West Rutland town, Rutland County, Vermont",1791,0,town
5002182300,"West Rutland town, Rutland County, Vermont",1800,0,town
5002182300,"West Rutland town, Rutland County, Vermont",1810,0,town
5002182300,"West Rutland town, Rutland County, Vermont",1820,0,town
5002182300,"West Rutland town, Rutland County, Vermont",1830,0,town
5002182300,"West Rutland town, Rutland County, Vermont",1840,0,town
5002182300,"West Rutland town, Rutland County, Vermont",1850,0,town
5002182300,"West Rutland town, Rutland County, Vermont",1860,0,town
5002182300,"West Rutland town, Rutland County, Vermont",1870,0,town
5002182300,"West Rutland town, Rutland County, Vermont",1880,0,town
5002182300,"West Rutland town, Rutland County, Vermont",1890,3680,town
5002182300,"West Rutland town, Rutland County, Vermont",1900,2914,town
5002182300,"West Rutland town, Rutland County, Vermont",1910,3427,town
5002182300,"West Rutland town, Rutland County, Vermont",1920,3391,town
5002182300,"West Rutland town, Rutland County, Vermont",1930,3421,town
5002182300,"West Rutland town, Rutland County, Vermont",1940,2922,town
5002182300,"West Rutland town, Rutland County, Vermont",1950,2487,town
5002182300,"West Rutland town, Rutland County, Vermont",1960,2302,town
5002182300,"West Rutland town, Rutland County, Vermont",1970,2381,town
5002182300,"West Rutland town, Rutland County, Vermont",1980,2351,town
5002182300,"West Rutland town, Rutland County, Vermont",1990,2448,town
5002182300,"West Rutland town, Rutland County, Vermont",2000,2535,town
5002182300,"West Rutland town, Rutland County, Vermont",2010,2326,town
5002182300,"West Rutland town, Rutland County, Vermont",2020,2214,town
5002783050,"West Windsor town, Windsor County, Vermont",1791,0,town
5002783050,"West Windsor town, Windsor County, Vermont",1800,0,town
5002783050,"West Windsor town, Windsor County, Vermont",1810,0,town
5002783050,"West Windsor town, Windsor County, Vermont",1820,0,town
5002783050,"West Windsor town, Windsor County, Vermont",1830,0,town
5002783050,"West Windsor town, Windsor County, Vermont",1840,0,town
5002783050,"West Windsor town, Windsor County, Vermont",1850,1002,town
5002783050,"West Windsor town, Windsor County, Vermont",1860,924,town
5002783050,"West Windsor town, Windsor County, Vermont",1870,708,town
5002783050,"West Windsor town, Windsor County, Vermont",1880,690,town
5002783050,"West Windsor town, Windsor County, Vermont",1890,570,town
5002783050,"West Windsor town, Windsor County, Vermont",1900,513,town
5002783050,"West Windsor town, Windsor County, Vermont",1910,569,town
5002783050,"West Windsor town, Windsor County, Vermont",1920,514,town
5002783050,"West Windsor town, Windsor County, Vermont",1930,512,town
5002783050,"West Windsor town, Windsor County, Vermont",1940,494,town
5002783050,"West Windsor town, Windsor County, Vermont",1950,504,town
5002783050,"West Windsor town, Windsor County, Vermont",1960,539,town
5002783050,"West Windsor town, Windsor County, Vermont",1970,571,town
5002783050,"West Windsor town, Windsor County, Vermont",1980,763,town
5002783050,"West Windsor town, Windsor County, Vermont",1990,923,town
5002783050,"West Windsor town, Windsor County, Vermont",2000,1067,town
5002783050,"West Windsor town, Windsor County, Vermont",2010,1099,town
5002783050,"West Windsor town, Windsor County, Vermont",2020,1344,town
5001980200,"Westfield town, Orleans County, Vermont",1791,0,town
5001980200,"Westfield town, Orleans County, Vermont",1800,16,town
5001980200,"Westfield town, Orleans County, Vermont",1810,149,town
5001980200,"Westfield town, Orleans County, Vermont",1820,225,town
5001980200,"Westfield town, Orleans County, Vermont",1830,353,town
5001980200,"Westfield town, Orleans County, Vermont",1840,370,town
5001980200,"Westfield town, Orleans County, Vermont",1850,502,town
5001980200,"Westfield town, Orleans County, Vermont",1860,618,town
5001980200,"Westfield town, Orleans County, Vermont",1870,721,town
5001980200,"Westfield town, Orleans County, Vermont",1880,698,town
5001980200,"Westfield town, Orleans County, Vermont",1890,763,town
5001980200,"Westfield town, Orleans County, Vermont",1900,646,town
5001980200,"Westfield town, Orleans County, Vermont",1910,613,town
5001980200,"Westfield town, Orleans County, Vermont",1920,490,town
5001980200,"Westfield town, Orleans County, Vermont",1930,448,town
5001980200,"Westfield town, Orleans County, Vermont",1940,354,town
5001980200,"Westfield town, Orleans County, Vermont",1950,358,town
5001980200,"Westfield town, Orleans County, Vermont",1960,347,town
5001980200,"Westfield town, Orleans County, Vermont",1970,375,town
5001980200,"Westfield town, Orleans County, Vermont",1980,418,town
5001980200,"Westfield town, Orleans County, Vermont",1990,422,town
5001980200,"Westfield town, Orleans County, Vermont",2000,503,town
5001980200,"Westfield town, Orleans County, Vermont",2010,536,town
5001980200,"Westfield town, Orleans County, Vermont",2020,534,town
5000780350,"Westford town, Chittenden County, Vermont",1791,63,town
5000780350,"Westford town, Chittenden County, Vermont",1800,648,town
5000780350,"Westford town, Chittenden County, Vermont",1810,1107,town
5000780350,"Westford town, Chittenden County, Vermont",1820,1218,town
5000780350,"Westford town, Chittenden County, Vermont",1830,1290,town
5000780350,"Westford town, Chittenden County, Vermont",1840,1352,town
5000780350,"Westford town, Chittenden County, Vermont",1850,1458,town
5000780350,"Westford town, Chittenden County, Vermont",1860,1231,town
5000780350,"Westford town, Chittenden County, Vermont",1870,1237,town
5000780350,"Westford town, Chittenden County, Vermont",1880,1133,town
5000780350,"Westford town, Chittenden County, Vermont",1890,1033,town
5000780350,"Westford town, Chittenden County, Vermont",1900,888,town
5000780350,"Westford town, Chittenden County, Vermont",1910,854,town
5000780350,"Westford town, Chittenden County, Vermont",1920,706,town
5000780350,"Westford town, Chittenden County, Vermont",1930,698,town
5000780350,"Westford town, Chittenden County, Vermont",1940,698,town
5000780350,"Westford town, Chittenden County, Vermont",1950,685,town
5000780350,"Westford town, Chittenden County, Vermont",1960,680,town
5000780350,"Westford town, Chittenden County, Vermont",1970,991,town
5000780350,"Westford town, Chittenden County, Vermont",1980,1413,town
5000780350,"Westford town, Chittenden County, Vermont",1990,1740,town
5000780350,"Westford town, Chittenden County, Vermont",2000,2086,town
5000780350,"Westford town, Chittenden County, Vermont",2010,2029,town
5000780350,"Westford town, Chittenden County, Vermont",2020,2062,town
5002581400,"Westminster town, Windham County, Vermont",1791,1599,town
5002581400,"Westminster town, Windham County, Vermont",1800,1942,town
5002581400,"Westminster town, Windham County, Vermont",1810,1925,town
5002581400,"Westminster town, Windham County, Vermont",1820,1974,town
5002581400,"Westminster town, Windham County, Vermont",1830,1737,town
5002581400,"Westminster town, Windham County, Vermont",1840,1656,town
5002581400,"Westminster town, Windham County, Vermont",1850,1721,town
5002581400,"Westminster town, Windham County, Vermont",1860,1300,town
5002581400,"Westminster town, Windham County, Vermont",1870,1238,town
5002581400,"Westminster town, Windham County, Vermont",1880,1377,town
5002581400,"Westminster town, Windham County, Vermont",1890,1265,town
5002581400,"Westminster town, Windham County, Vermont",1900,1295,town
5002581400,"Westminster town, Windham County, Vermont",1910,1327,town
5002581400,"Westminster town, Windham County, Vermont",1920,1289,town
5002581400,"Westminster town, Windham County, Vermont",1930,1324,town
5002581400,"Westminster town, Windham County, Vermont",1940,1403,town
5002581400,"Westminster town, Windham County, Vermont",1950,1400,town
5002581400,"Westminster town, Windham County, Vermont",1960,1602,town
5002581400,"Westminster town, Windham County, Vermont",1970,1875,town
5002581400,"Westminster town, Windham County, Vermont",1980,2493,town
5002581400,"Westminster town, Windham County, Vermont",1990,3026,town
5002581400,"Westminster town, Windham County, Vermont",2000,3210,town
5002581400,"Westminster town, Windham County, Vermont",2010,3178,town
5002581400,"Westminster town, Windham County, Vermont",2020,3016,town
5001981700,"Westmore town, Orleans County, Vermont",1791,0,town
5001981700,"Westmore town, Orleans County, Vermont",1800,0,town
5001981700,"Westmore town, Orleans County, Vermont",1810,0,town
5001981700,"Westmore town, Orleans County, Vermont",1820,126,town
5001981700,"Westmore town, Orleans County, Vermont",1830,132,town
5001981700,"Westmore town, Orleans County, Vermont",1840,122,town
5001981700,"Westmore town, Orleans County, Vermont",1850,152,town
5001981700,"Westmore town, Orleans County, Vermont",1860,324,town
5001981700,"Westmore town, Orleans County, Vermont",1870,412,town
5001981700,"Westmore town, Orleans County, Vermont",1880,480,town
5001981700,"Westmore town, Orleans County, Vermont",1890,395,town
5001981700,"Westmore town, Orleans County, Vermont",1900,390,town
5001981700,"Westmore town, Orleans County, Vermont",1910,331,town
5001981700,"Westmore town, Orleans County, Vermont",1920,287,town
5001981700,"Westmore town, Orleans County, Vermont",1930,224,town
5001981700,"Westmore town, Orleans County, Vermont",1940,224,town
5001981700,"Westmore town, Orleans County, Vermont",1950,210,town
5001981700,"Westmore town, Orleans County, Vermont",1960,179,town
5001981700,"Westmore town, Orleans County, Vermont",1970,195,town
5001981700,"Westmore town, Orleans County, Vermont",1980,257,town
5001981700,"Westmore town, Orleans County, Vermont",1990,305,town
5001981700,"Westmore town, Orleans County, Vermont",2000,306,town
5001981700,"Westmore town, Orleans County, Vermont",2010,350,town
5001981700,"Westmore town, Orleans County, Vermont",2020,357,town
5002782000,"Weston town, Windsor County, Vermont",1791,0,town
5002782000,"Weston town, Windsor County, Vermont",1800,0,town
5002782000,"Weston town, Windsor County, Vermont",1810,629,town
5002782000,"Weston town, Windsor County, Vermont",1820,890,town
5002782000,"Weston town, Windsor County, Vermont",1830,972,town
5002782000,"Weston town, Windsor County, Vermont",1840,1032,town
5002782000,"Weston town, Windsor County, Vermont",1850,950,town
5002782000,"Weston town, Windsor County, Vermont",1860,932,town
5002782000,"Weston town, Windsor County, Vermont",1870,931,town
5002782000,"Weston town, Windsor County, Vermont",1880,987,town
5002782000,"Weston town, Windsor County, Vermont",1890,864,town
5002782000,"Weston town, Windsor County, Vermont",1900,756,town
5002782000,"Weston town, Windsor County, Vermont",1910,632,town
5002782000,"Weston town, Windsor County, Vermont",1920,436,town
5002782000,"Weston town, Windsor County, Vermont",1930,411,town
5002782000,"Weston town, Windsor County, Vermont",1940,457,town
5002782000,"Weston town, Windsor County, Vermont",1950,468,town
5002782000,"Weston town, Windsor County, Vermont",1960,442,town
5002782000,"Weston town, Windsor County, Vermont",1970,507,town
5002782000,"Weston town, Windsor County, Vermont",1980,627,town
5002782000,"Weston town, Windsor County, Vermont",1990,488,town
5002782000,"Weston town, Windsor County, Vermont",2000,630,town
5002782000,"Weston town, Windsor County, Vermont",2010,566,town
5002782000,"Weston town, Windsor County, Vermont",2020,623,town
5000183275,"Weybridge town, Addison County, Vermont",1791,174,town
5000183275,"Weybridge town, Addison County, Vermont",1800,502,town
5000183275,"Weybridge town, Addison County, Vermont",1810,750,town
5000183275,"Weybridge town, Addison County, Vermont",1820,714,town
5000183275,"Weybridge town, Addison County, Vermont",1830,850,town
5000183275,"Weybridge town, Addison County, Vermont",1840,797,town
5000183275,"Weybridge town, Addison County, Vermont",1850,804,town
5000183275,"Weybridge town, Addison County, Vermont",1860,667,town
5000183275,"Weybridge town, Addison County, Vermont",1870,627,town
5000183275,"Weybridge town, Addison County, Vermont",1880,608,town
5000183275,"Weybridge town, Addison County, Vermont",1890,543,town
5000183275,"Weybridge town, Addison County, Vermont",1900,518,town
5000183275,"Weybridge town, Addison County, Vermont",1910,494,town
5000183275,"Weybridge town, Addison County, Vermont",1920,438,town
5000183275,"Weybridge town, Addison County, Vermont",1930,418,town
5000183275,"Weybridge town, Addison County, Vermont",1940,385,town
5000183275,"Weybridge town, Addison County, Vermont",1950,402,town
5000183275,"Weybridge town, Addison County, Vermont",1960,430,town
5000183275,"Weybridge town, Addison County, Vermont",1970,618,town
5000183275,"Weybridge town, Addison County, Vermont",1980,667,town
5000183275,"Weybridge town, Addison County, Vermont",1990,749,town
5000183275,"Weybridge town, Addison County, Vermont",2000,824,town
5000183275,"Weybridge town, Addison County, Vermont",2010,833,town
5000183275,"Weybridge town, Addison County, Vermont",2020,814,town
5000583500,"Wheelock town, Caledonia County, Vermont",1791,33,town
5000583500,"Wheelock town, Caledonia County, Vermont",1800,568,town
5000583500,"Wheelock town, Caledonia County, Vermont",1810,963,town
5000583500,"Wheelock town, Caledonia County, Vermont",1820,906,town
5000583500,"Wheelock town, Caledonia County, Vermont",1830,834,town
5000583500,"Wheelock town, Caledonia County, Vermont",1840,881,town
5000583500,"Wheelock town, Caledonia County, Vermont",1850,855,town
5000583500,"Wheelock town, Caledonia County, Vermont",1860,832,town
5000583500,"Wheelock town, Caledonia County, Vermont",1870,822,town
5000583500,"Wheelock town, Caledonia County, Vermont",1880,829,town
5000583500,"Wheelock town, Caledonia County, Vermont",1890,596,town
5000583500,"Wheelock town, Caledonia County, Vermont",1900,567,town
5000583500,"Wheelock town, Caledonia County, Vermont",1910,500,town
5000583500,"Wheelock town, Caledonia County, Vermont",1920,526,town
5000583500,"Wheelock town, Caledonia County, Vermont",1930,412,town
5000583500,"Wheelock town, Caledonia County, Vermont",1940,293,town
5000583500,"Wheelock town, Caledonia County, Vermont",1950,287,town
5000583500,"Wheelock town, Caledonia County, Vermont",1960,246,town
5000583500,"Wheelock town, Caledonia County, Vermont",1970,238,town
5000583500,"Wheelock town, Caledonia County, Vermont",1980,444,town
5000583500,"Wheelock town, Caledonia County, Vermont",1990,481,town
5000583500,"Wheelock town, Caledonia County, Vermont",2000,621,town
5000583500,"Wheelock town, Caledonia County, Vermont",2010,811,town
5000583500,"Wheelock town, Caledonia County, Vermont",2020,759,town
5000183800,"Whiting town, Addison County, Vermont",1791,249,town
5000183800,"Whiting town, Addison County, Vermont",1800,404,town
5000183800,"Whiting town, Addison County, Vermont",1810,565,town
5000183800,"Whiting town, Addison County, Vermont",1820,609,town
5000183800,"Whiting town, Addison County, Vermont",1830,653,town
5000183800,"Whiting town, Addison County, Vermont",1840,659,town
5000183800,"Whiting town, Addison County, Vermont",1850,629,town
5000183800,"Whiting town, Addison County, Vermont",1860,542,town
5000183800,"Whiting town, Addison County, Vermont",1870,430,town
5000183800,"Whiting town, Addison County, Vermont",1880,455,town
5000183800,"Whiting town, Addison County, Vermont",1890,355,town
5000183800,"Whiting town, Addison County, Vermont",1900,361,town
5000183800,"Whiting town, Addison County, Vermont",1910,348,town
5000183800,"Whiting town, Addison County, Vermont",1920,302,town
5000183800,"Whiting town, Addison County, Vermont",1930,358,town
5000183800,"Whiting town, Addison County, Vermont",1940,312,town
5000183800,"Whiting town, Addison County, Vermont",1950,282,town
5000183800,"Whiting town, Addison County, Vermont",1960,304,town
5000183800,"Whiting town, Addison County, Vermont",1970,359,town
5000183800,"Whiting town, Addison County, Vermont",1980,379,town
5000183800,"Whiting town, Addison County, Vermont",1990,407,town
5000183800,"Whiting town, Addison County, Vermont",2000,380,town
5000183800,"Whiting town, Addison County, Vermont",2010,419,town
5000183800,"Whiting town, Addison County, Vermont",2020,405,town
5002583950,"Whitingham town, Windham County, Vermont",1791,442,town
5002583950,"Whitingham town, Windham County, Vermont",1800,868,town
5002583950,"Whitingham town, Windham County, Vermont",1810,1248,town
5002583950,"Whitingham town, Windham County, Vermont",1820,1397,town
5002583950,"Whitingham town, Windham County, Vermont",1830,1477,town
5002583950,"Whitingham town, Windham County, Vermont",1840,1391,town
5002583950,"Whitingham town, Windham County, Vermont",1850,1380,town
5002583950,"Whitingham town, Windham County, Vermont",1860,1372,town
5002583950,"Whitingham town, Windham County, Vermont",1870,1263,town
5002583950,"Whitingham town, Windham County, Vermont",1880,1240,town
5002583950,"Whitingham town, Windham County, Vermont",1890,1191,town
5002583950,"Whitingham town, Windham County, Vermont",1900,1042,town
5002583950,"Whitingham town, Windham County, Vermont",1910,969,town
5002583950,"Whitingham town, Windham County, Vermont",1920,811,town
5002583950,"Whitingham town, Windham County, Vermont",1930,734,town
5002583950,"Whitingham town, Windham County, Vermont",1940,789,town
5002583950,"Whitingham town, Windham County, Vermont",1950,816,town
5002583950,"Whitingham town, Windham County, Vermont",1960,838,town
5002583950,"Whitingham town, Windham County, Vermont",1970,1011,town
5002583950,"Whitingham town, Windham County, Vermont",1980,1043,town
5002583950,"Whitingham town, Windham County, Vermont",1990,1177,town
5002583950,"Whitingham town, Windham County, Vermont",2000,1298,town
5002583950,"Whitingham town, Windham County, Vermont",2010,1357,town
5002583950,"Whitingham town, Windham County, Vermont",2020,1344,town
5001784175,"Williamstown, Orange County, Vermont",1791,146,town
5001784175,"Williamstown, Orange County, Vermont",1800,839,town
5001784175,"Williamstown, Orange County, Vermont",1810,1353,town
5001784175,"Williamstown, Orange County, Vermont",1820,1481,town
5001784175,"Williamstown, Orange County, Vermont",1830,1487,town
5001784175,"Williamstown, Orange County, Vermont",1840,1620,town
5001784175,"Williamstown, Orange County, Vermont",1850,1452,town
5001784175,"Williamstown, Orange County, Vermont",1860,1377,town
5001784175,"Williamstown, Orange County, Vermont",1870,1236,town
5001784175,"Williamstown, Orange County, Vermont",1880,1038,town
5001784175,"Williamstown, Orange County, Vermont",1890,1188,town
5001784175,"Williamstown, Orange County, Vermont",1900,1610,town
5001784175,"Williamstown, Orange County, Vermont",1910,1726,town
5001784175,"Williamstown, Orange County, Vermont",1920,1526,town
5001784175,"Williamstown, Orange County, Vermont",1930,1609,town
5001784175,"Williamstown, Orange County, Vermont",1940,1477,town
5001784175,"Williamstown, Orange County, Vermont",1950,1600,town
5001784175,"Williamstown, Orange County, Vermont",1960,1553,town
5001784175,"Williamstown, Orange County, Vermont",1970,1822,town
5001784175,"Williamstown, Orange County, Vermont",1980,2284,town
5001784175,"Williamstown, Orange County, Vermont",1990,2839,town
5001784175,"Williamstown, Orange County, Vermont",2000,3225,town
5001784175,"Williamstown, Orange County, Vermont",2010,3389,town
5001784175,"Williamstown, Orange County, Vermont",2020,3515,town
5000784475,"Williston town, Chittenden County, Vermont",1791,469,town
5000784475,"Williston town, Chittenden County, Vermont",1800,836,town
5000784475,"Williston town, Chittenden County, Vermont",1810,1195,town
5000784475,"Williston town, Chittenden County, Vermont",1820,1538,town
5000784475,"Williston town, Chittenden County, Vermont",1830,1608,town
5000784475,"Williston town, Chittenden County, Vermont",1840,1554,town
5000784475,"Williston town, Chittenden County, Vermont",1850,1664,town
5000784475,"Williston town, Chittenden County, Vermont",1860,1472,town
5000784475,"Williston town, Chittenden County, Vermont",1870,1441,town
5000784475,"Williston town, Chittenden County, Vermont",1880,1342,town
5000784475,"Williston town, Chittenden County, Vermont",1890,1161,town
5000784475,"Williston town, Chittenden County, Vermont",1900,1176,town
5000784475,"Williston town, Chittenden County, Vermont",1910,1000,town
5000784475,"Williston town, Chittenden County, Vermont",1920,929,town
5000784475,"Williston town, Chittenden County, Vermont",1930,961,town
5000784475,"Williston town, Chittenden County, Vermont",1940,1021,town
5000784475,"Williston town, Chittenden County, Vermont",1950,1182,town
5000784475,"Williston town, Chittenden County, Vermont",1960,1484,town
5000784475,"Williston town, Chittenden County, Vermont",1970,3187,town
5000784475,"Williston town, Chittenden County, Vermont",1980,3843,town
5000784475,"Williston town, Chittenden County, Vermont",1990,4887,town
5000784475,"Williston town, Chittenden County, Vermont",2000,7650,town
5000784475,"Williston town, Chittenden County, Vermont",2010,8698,town
5000784475,"Williston town, Chittenden County, Vermont",2020,10103,town
5002584700,"Wilmington town, Windham County, Vermont",1791,645,town
5002584700,"Wilmington town, Windham County, Vermont",1800,1011,town
5002584700,"Wilmington town, Windham County, Vermont",1810,1193,town
5002584700,"Wilmington town, Windham County, Vermont",1820,1369,town
5002584700,"Wilmington town, Windham County, Vermont",1830,1367,town
5002584700,"Wilmington town, Windham County, Vermont",1840,1296,town
5002584700,"Wilmington town, Windham County, Vermont",1850,1372,town
5002584700,"Wilmington town, Windham County, Vermont",1860,1424,town
5002584700,"Wilmington town, Windham County, Vermont",1870,1246,town
5002584700,"Wilmington town, Windham County, Vermont",1880,1130,town
5002584700,"Wilmington town, Windham County, Vermont",1890,1106,town
5002584700,"Wilmington town, Windham County, Vermont",1900,1221,town
5002584700,"Wilmington town, Windham County, Vermont",1910,1229,town
5002584700,"Wilmington town, Windham County, Vermont",1920,1483,town
5002584700,"Wilmington town, Windham County, Vermont",1930,1171,town
5002584700,"Wilmington town, Windham County, Vermont",1940,1221,town
5002584700,"Wilmington town, Windham County, Vermont",1950,1169,town
5002584700,"Wilmington town, Windham County, Vermont",1960,1245,town
5002584700,"Wilmington town, Windham County, Vermont",1970,1586,town
5002584700,"Wilmington town, Windham County, Vermont",1980,1808,town
5002584700,"Wilmington town, Windham County, Vermont",1990,1968,town
5002584700,"Wilmington town, Windham County, Vermont",2000,2225,town
5002584700,"Wilmington town, Windham County, Vermont",2010,1876,town
5002584700,"Wilmington town, Windham County, Vermont",2020,2255,town
5002584850,"Windham town, Windham County, Vermont",1791,0,town
5002584850,"Windham town, Windham County, Vermont",1800,427,town
5002584850,"Windham town, Windham County, Vermont",1810,782,town
5002584850,"Windham town, Windham County, Vermont",1820,931,town
5002584850,"Windham town, Windham County, Vermont",1830,847,town
5002584850,"Windham town, Windham County, Vermont",1840,757,town
5002584850,"Windham town, Windham County, Vermont",1850,763,town
5002584850,"Windham town, Windham County, Vermont",1860,680,town
5002584850,"Windham town, Windham County, Vermont",1870,544,town
5002584850,"Windham town, Windham County, Vermont",1880,536,town
5002584850,"Windham town, Windham County, Vermont",1890,379,town
5002584850,"Windham town, Windham County, Vermont",1900,356,town
5002584850,"Windham town, Windham County, Vermont",1910,345,town
5002584850,"Windham town, Windham County, Vermont",1920,261,town
5002584850,"Windham town, Windham County, Vermont",1930,254,town
5002584850,"Windham town, Windham County, Vermont",1940,183,town
5002584850,"Windham town, Windham County, Vermont",1950,146,town
5002584850,"Windham town, Windham County, Vermont",1960,135,town
5002584850,"Windham town, Windham County, Vermont",1970,174,town
5002584850,"Windham town, Windham County, Vermont",1980,223,town
5002584850,"Windham town, Windham County, Vermont",1990,251,town
5002584850,"Windham town, Windham County, Vermont",2000,328,town
5002584850,"Windham town, Windham County, Vermont",2010,419,town
5002584850,"Windham town, Windham County, Vermont",2020,449,town
5002784925,"Windsor town, Windsor County, Vermont",1791,1542,town
5002784925,"Windsor town, Windsor County, Vermont",1800,2211,town
5002784925,"Windsor town, Windsor County, Vermont",1810,2757,town
5002784925,"Windsor town, Windsor County, Vermont",1820,2956,town
5002784925,"Windsor town, Windsor County, Vermont",1830,3134,town
5002784925,"Windsor town, Windsor County, Vermont",1840,2744,town
5002784925,"Windsor town, Windsor County, Vermont",1850,1928,town
5002784925,"Windsor town, Windsor County, Vermont",1860,1669,town
5002784925,"Windsor town, Windsor County, Vermont",1870,1699,town
5002784925,"Windsor town, Windsor County, Vermont",1880,2175,town
5002784925,"Windsor town, Windsor County, Vermont",1890,1846,town
5002784925,"Windsor town, Windsor County, Vermont",1900,2119,town
5002784925,"Windsor town, Windsor County, Vermont",1910,2407,town
5002784925,"Windsor town, Windsor County, Vermont",1920,3687,town
5002784925,"Windsor town, Windsor County, Vermont",1930,4359,town
5002784925,"Windsor town, Windsor County, Vermont",1940,4155,town
5002784925,"Windsor town, Windsor County, Vermont",1950,4402,town
5002784925,"Windsor town, Windsor County, Vermont",1960,4468,town
5002784925,"Windsor town, Windsor County, Vermont",1970,4158,town
5002784925,"Windsor town, Windsor County, Vermont",1980,4084,town
5002784925,"Windsor town, Windsor County, Vermont",1990,3714,town
5002784925,"Windsor town, Windsor County, Vermont",2000,3756,town
5002784925,"Windsor town, Windsor County, Vermont",2010,3553,town
5002784925,"Windsor town, Windsor County, Vermont",2020,3559,town
5000385075,"Winhall town, Bennington County, Vermont",1791,155,town
5000385075,"Winhall town, Bennington County, Vermont",1800,202,town
5000385075,"Winhall town, Bennington County, Vermont",1810,429,town
5000385075,"Winhall town, Bennington County, Vermont",1820,428,town
5000385075,"Winhall town, Bennington County, Vermont",1830,571,town
5000385075,"Winhall town, Bennington County, Vermont",1840,576,town
5000385075,"Winhall town, Bennington County, Vermont",1850,762,town
5000385075,"Winhall town, Bennington County, Vermont",1860,741,town
5000385075,"Winhall town, Bennington County, Vermont",1870,642,town
5000385075,"Winhall town, Bennington County, Vermont",1880,722,town
5000385075,"Winhall town, Bennington County, Vermont",1890,523,town
5000385075,"Winhall town, Bennington County, Vermont",1900,449,town
5000385075,"Winhall town, Bennington County, Vermont",1910,366,town
5000385075,"Winhall town, Bennington County, Vermont",1920,336,town
5000385075,"Winhall town, Bennington County, Vermont",1930,229,town
5000385075,"Winhall town, Bennington County, Vermont",1940,212,town
5000385075,"Winhall town, Bennington County, Vermont",1950,255,town
5000385075,"Winhall town, Bennington County, Vermont",1960,245,town
5000385075,"Winhall town, Bennington County, Vermont",1970,281,town
5000385075,"Winhall town, Bennington County, Vermont",1980,327,town
5000385075,"Winhall town, Bennington County, Vermont",1990,482,town
5000385075,"Winhall town, Bennington County, Vermont",2000,702,town
5000385075,"Winhall town, Bennington County, Vermont",2010,769,town
5000385075,"Winhall town, Bennington County, Vermont",2020,1182,town
5000785150,"Winooski city, Chittenden County, Vermont",1791,0,town
5000785150,"Winooski city, Chittenden County, Vermont",1800,0,town
5000785150,"Winooski city, Chittenden County, Vermont",1810,0,town
5000785150,"Winooski city, Chittenden County, Vermont",1820,0,town
5000785150,"Winooski city, Chittenden County, Vermont",1830,0,town
5000785150,"Winooski city, Chittenden County, Vermont",1840,0,town
5000785150,"Winooski city, Chittenden County, Vermont",1850,0,town
5000785150,"Winooski city, Chittenden County, Vermont",1860,0,town
5000785150,"Winooski city, Chittenden County, Vermont",1870,0,town
5000785150,"Winooski city, Chittenden County, Vermont",1880,0,town
5000785150,"Winooski city, Chittenden County, Vermont",1890,0,town
5000785150,"Winooski city, Chittenden County, Vermont",1900,0,town
5000785150,"Winooski city, Chittenden County, Vermont",1910,0,town
5000785150,"Winooski city, Chittenden County, Vermont",1920,0,town
5000785150,"Winooski city, Chittenden County, Vermont",1930,5308,town
5000785150,"Winooski city, Chittenden County, Vermont",1940,6036,town
5000785150,"Winooski city, Chittenden County, Vermont",1950,6734,town
5000785150,"Winooski city, Chittenden County, Vermont",1960,7420,town
5000785150,"Winooski city, Chittenden County, Vermont",1970,7309,town
5000785150,"Winooski city, Chittenden County, Vermont",1980,6318,town
5000785150,"Winooski city, Chittenden County, Vermont",1990,6649,town
5000785150,"Winooski city, Chittenden County, Vermont",2000,6561,town
5000785150,"Winooski city, Chittenden County, Vermont",2010,7267,town
5000785150,"Winooski city, Chittenden County, Vermont",2020,7997,town
5001585375,"Wolcott town, Lamoille County, Vermont",1791,32,town
5001585375,"Wolcott town, Lamoille County, Vermont",1800,47,town
5001585375,"Wolcott town, Lamoille County, Vermont",1810,124,town
5001585375,"Wolcott town, Lamoille County, Vermont",1820,123,town
5001585375,"Wolcott town, Lamoille County, Vermont",1830,492,town
5001585375,"Wolcott town, Lamoille County, Vermont",1840,910,town
5001585375,"Wolcott town, Lamoille County, Vermont",1850,909,town
5001585375,"Wolcott town, Lamoille County, Vermont",1860,1161,town
5001585375,"Wolcott town, Lamoille County, Vermont",1870,1132,town
5001585375,"Wolcott town, Lamoille County, Vermont",1880,1166,town
5001585375,"Wolcott town, Lamoille County, Vermont",1890,1158,town
5001585375,"Wolcott town, Lamoille County, Vermont",1900,1066,town
5001585375,"Wolcott town, Lamoille County, Vermont",1910,1049,town
5001585375,"Wolcott town, Lamoille County, Vermont",1920,932,town
5001585375,"Wolcott town, Lamoille County, Vermont",1930,831,town
5001585375,"Wolcott town, Lamoille County, Vermont",1940,772,town
5001585375,"Wolcott town, Lamoille County, Vermont",1950,766,town
5001585375,"Wolcott town, Lamoille County, Vermont",1960,633,town
5001585375,"Wolcott town, Lamoille County, Vermont",1970,676,town
5001585375,"Wolcott town, Lamoille County, Vermont",1980,986,town
5001585375,"Wolcott town, Lamoille County, Vermont",1990,1229,town
5001585375,"Wolcott town, Lamoille County, Vermont",2000,1456,town
5001585375,"Wolcott town, Lamoille County, Vermont",2010,1676,town
5001585375,"Wolcott town, Lamoille County, Vermont",2020,1670,town
5002385525,"Woodbury town, Washington County, Vermont",1791,23,town
5002385525,"Woodbury town, Washington County, Vermont",1800,23,town
5002385525,"Woodbury town, Washington County, Vermont",1810,254,town
5002385525,"Woodbury town, Washington County, Vermont",1820,432,town
5002385525,"Woodbury town, Washington County, Vermont",1830,824,town
5002385525,"Woodbury town, Washington County, Vermont",1840,1092,town
5002385525,"Woodbury town, Washington County, Vermont",1850,1070,town
5002385525,"Woodbury town, Washington County, Vermont",1860,999,town
5002385525,"Woodbury town, Washington County, Vermont",1870,902,town
5002385525,"Woodbury town, Washington County, Vermont",1880,856,town
5002385525,"Woodbury town, Washington County, Vermont",1890,810,town
5002385525,"Woodbury town, Washington County, Vermont",1900,862,town
5002385525,"Woodbury town, Washington County, Vermont",1910,824,town
5002385525,"Woodbury town, Washington County, Vermont",1920,686,town
5002385525,"Woodbury town, Washington County, Vermont",1930,529,town
5002385525,"Woodbury town, Washington County, Vermont",1940,463,town
5002385525,"Woodbury town, Washington County, Vermont",1950,449,town
5002385525,"Woodbury town, Washington County, Vermont",1960,317,town
5002385525,"Woodbury town, Washington County, Vermont",1970,399,town
5002385525,"Woodbury town, Washington County, Vermont",1980,573,town
5002385525,"Woodbury town, Washington County, Vermont",1990,766,town
5002385525,"Woodbury town, Washington County, Vermont",2000,809,town
5002385525,"Woodbury town, Washington County, Vermont",2010,906,town
5002385525,"Woodbury town, Washington County, Vermont",2020,928,town
5000385675,"Woodford town, Bennington County, Vermont",1791,60,town
5000385675,"Woodford town, Bennington County, Vermont",1800,138,town
5000385675,"Woodford town, Bennington County, Vermont",1810,254,town
5000385675,"Woodford town, Bennington County, Vermont",1820,212,town
5000385675,"Woodford town, Bennington County, Vermont",1830,395,town
5000385675,"Woodford town, Bennington County, Vermont",1840,487,town
5000385675,"Woodford town, Bennington County, Vermont",1850,423,town
5000385675,"Woodford town, Bennington County, Vermont",1860,379,town
5000385675,"Woodford town, Bennington County, Vermont",1870,371,town
5000385675,"Woodford town, Bennington County, Vermont",1880,487,town
5000385675,"Woodford town, Bennington County, Vermont",1890,353,town
5000385675,"Woodford town, Bennington County, Vermont",1900,279,town
5000385675,"Woodford town, Bennington County, Vermont",1910,187,town
5000385675,"Woodford town, Bennington County, Vermont",1920,231,town
5000385675,"Woodford town, Bennington County, Vermont",1930,137,town
5000385675,"Woodford town, Bennington County, Vermont",1940,170,town
5000385675,"Woodford town, Bennington County, Vermont",1950,198,town
5000385675,"Woodford town, Bennington County, Vermont",1960,207,town
5000385675,"Woodford town, Bennington County, Vermont",1970,286,town
5000385675,"Woodford town, Bennington County, Vermont",1980,314,town
5000385675,"Woodford town, Bennington County, Vermont",1990,331,town
5000385675,"Woodford town, Bennington County, Vermont",2000,414,town
5000385675,"Woodford town, Bennington County, Vermont",2010,424,town
5000385675,"Woodford town, Bennington County, Vermont",2020,355,town
5002785975,"Woodstock town, Windsor County, Vermont",1791,1597,town
5002785975,"Woodstock town, Windsor County, Vermont",1800,2132,town
5002785975,"Woodstock town, Windsor County, Vermont",1810,2672,town
5002785975,"Woodstock town, Windsor County, Vermont",1820,2610,town
5002785975,"Woodstock town, Windsor County, Vermont",1830,3044,town
5002785975,"Woodstock town, Windsor County, Vermont",1840,3315,town
5002785975,"Woodstock town, Windsor County, Vermont",1850,3041,town
5002785975,"Woodstock town, Windsor County, Vermont",1860,3062,town
5002785975,"Woodstock town, Windsor County, Vermont",1870,2910,town
5002785975,"Woodstock town, Windsor County, Vermont",1880,2815,town
5002785975,"Woodstock town, Windsor County, Vermont",1890,2545,town
5002785975,"Woodstock town, Windsor County, Vermont",1900,2557,town
5002785975,"Woodstock town, Windsor County, Vermont",1910,2545,town
5002785975,"Woodstock town, Windsor County, Vermont",1920,2370,town
5002785975,"Woodstock town, Windsor County, Vermont",1930,2469,town
5002785975,"Woodstock town, Windsor County, Vermont",1940,2512,town
5002785975,"Woodstock town, Windsor County, Vermont",1950,2613,town
5002785975,"Woodstock town, Windsor County, Vermont",1960,2786,town
5002785975,"Woodstock town, Windsor County, Vermont",1970,2608,town
5002785975,"Woodstock town, Windsor County, Vermont",1980,3214,town
5002785975,"Woodstock town, Windsor County, Vermont",1990,3212,town
5002785975,"Woodstock town, Windsor County, Vermont",2000,3232,town
5002785975,"Woodstock town, Windsor County, Vermont",2010,3048,town
5002785975,"Woodstock town, Windsor County, Vermont",2020,3005,town
5002386125,"Worcester town, Washington County, Vermont",1791,25,town
5002386125,"Worcester town, Washington County, Vermont",1800,25,town
5002386125,"Worcester town, Washington County, Vermont",1810,41,town
5002386125,"Worcester town, Washington County, Vermont",1820,44,town
5002386125,"Worcester town, Washington County, Vermont",1830,432,town
5002386125,"Worcester town, Washington County, Vermont",1840,567,town
5002386125,"Worcester town, Washington County, Vermont",1850,702,town
5002386125,"Worcester town, Washington County, Vermont",1860,684,town
5002386125,"Worcester town, Washington County, Vermont",1870,775,town
5002386125,"Worcester town, Washington County, Vermont",1880,802,town
5002386125,"Worcester town, Washington County, Vermont",1890,725,town
5002386125,"Worcester town, Washington County, Vermont",1900,636,town
5002386125,"Worcester town, Washington County, Vermont",1910,694,town
5002386125,"Worcester town, Washington County, Vermont",1920,463,town
5002386125,"Worcester town, Washington County, Vermont",1930,471,town
5002386125,"Worcester town, Washington County, Vermont",1940,396,town
5002386125,"Worcester town, Washington County, Vermont",1950,445,town
5002386125,"Worcester town, Washington County, Vermont",1960,417,town
5002386125,"Worcester town, Washington County, Vermont",1970,505,town
5002386125,"Worcester town, Washington County, Vermont",1980,727,town
5002386125,"Worcester town, Washington County, Vermont",1990,906,town
5002386125,"Worcester town, Washington County, Vermont",2000,902,town
5002386125,"Worcester town, Washington County, Vermont",2010,998,town
5002386125,"Worcester town, Washington County, Vermont",2020,964,town
50025,"Windham County, Vermont",1791,17162,county
50027,"Windsor County, Vermont",1791,15640,county
50021,"Rutland County, Vermont",1791,14773,county
50003,"Bennington County, Vermont",1791,12343,county
50001,"Addison County, Vermont",1791,7448,county
50017,"Orange County, Vermont",1791,7316,county
50007,"Chittenden County, Vermont",1791,3866,county
50005,"Caledonia County, Vermont",1791,1960,county
50011,"Franklin County, Vermont",1791,1259,county
50013,"Grand Isle County, Vermont",1791,1155,county
50023,"Washington County, Vermont",1791,874,county
50015,"Lamoille County, Vermont",1791,549,county
50009,"Essex County, Vermont",1791,536,county
50019,"Orleans County, Vermont",1791,19,county
50027,"Windsor County, Vermont",1800,26922,county
50025,"Windham County, Vermont",1800,23649,county
50021,"Rutland County, Vermont",1800,22219,county
50017,"Orange County, Vermont",1800,16322,county
50003,"Bennington County, Vermont",1800,14822,county
50001,"Addison County, Vermont",1800,14735,county
50007,"Chittenden County, Vermont",1800,9396,county
50005,"Caledonia County, Vermont",1800,6962,county
50011,"Franklin County, Vermont",1800,6525,county
50023,"Washington County, Vermont",1800,5877,county
50013,"Grand Isle County, Vermont",1800,1887,county
50015,"Lamoille County, Vermont",1800,1689,county
50009,"Essex County, Vermont",1800,1420,county
50019,"Orleans County, Vermont",1800,1003,county
50027,"Windsor County, Vermont",1810,34877,county
50021,"Rutland County, Vermont",1810,27432,county
50025,"Windham County, Vermont",1810,27374,county
50017,"Orange County, Vermont",1810,22707,county
50001,"Addison County, Vermont",1810,20077,county
50003,"Bennington County, Vermont",1810,16219,county
50007,"Chittenden County, Vermont",1810,14499,county
50011,"Franklin County, Vermont",1810,14411,county
50005,"Caledonia County, Vermont",1810,13649,county
50023,"Washington County, Vermont",1810,11401,county
50019,"Orleans County, Vermont",1810,4321,county
50015,"Lamoille County, Vermont",1810,3667,county
50013,"Grand Isle County, Vermont",1810,3445,county
50009,"Essex County, Vermont",1810,1575,county
50027,"Windsor County, Vermont",1820,38640,county
50025,"Windham County, Vermont",1820,28281,county
50021,"Rutland County, Vermont",1820,28250,county
50017,"Orange County, Vermont",1820,25165,county
50001,"Addison County, Vermont",1820,21952,county
50007,"Chittenden County, Vermont",1820,17167,county
50003,"Bennington County, Vermont",1820,16380,county
50023,"Washington County, Vermont",1820,15455,county
50005,"Caledonia County, Vermont",1820,15256,county
50011,"Franklin County, Vermont",1820,13824,county
50019,"Orleans County, Vermont",1820,5440,county
50015,"Lamoille County, Vermont",1820,4955,county
50013,"Grand Isle County, Vermont",1820,3527,county
50009,"Essex County, Vermont",1820,3177,county
50027,"Windsor County, Vermont",1830,40631,county
50021,"Rutland County, Vermont",1830,29697,county
50025,"Windham County, Vermont",1830,29257,county
50017,"Orange County, Vermont",1830,27285,county
50001,"Addison County, Vermont",1830,26505,county
50011,"Franklin County, Vermont",1830,21686,county
50007,"Chittenden County, Vermont",1830,21502,county
50023,"Washington County, Vermont",1830,20884,county
50005,"Caledonia County, Vermont",1830,18599,county
50003,"Bennington County, Vermont",1830,16985,county
50019,"Orleans County, Vermont",1830,10753,county
50015,"Lamoille County, Vermont",1830,8468,county
50009,"Essex County, Vermont",1830,3957,county
50013,"Grand Isle County, Vermont",1830,3695,county
50027,"Windsor County, Vermont",1840,40346,county
50021,"Rutland County, Vermont",1840,29515,county
50017,"Orange County, Vermont",1840,27873,county
50025,"Windham County, Vermont",1840,27549,county
50023,"Washington County, Vermont",1840,26018,county
50001,"Addison County, Vermont",1840,25193,county
50011,"Franklin County, Vermont",1840,24512,county
50007,"Chittenden County, Vermont",1840,22969,county
50005,"Caledonia County, Vermont",1840,20199,county
50003,"Bennington County, Vermont",1840,16174,county
50019,"Orleans County, Vermont",1840,13322,county
50015,"Lamoille County, Vermont",1840,10059,county
50009,"Essex County, Vermont",1840,4198,county
50013,"Grand Isle County, Vermont",1840,3883,county
50027,"Windsor County, Vermont",1850,38320,county
50021,"Rutland County, Vermont",1850,33059,county
50025,"Windham County, Vermont",1850,29062,county
50007,"Chittenden County, Vermont",1850,28981,county
50011,"Franklin County, Vermont",1850,28538,county
50017,"Orange County, Vermont",1850,27296,county
50001,"Addison County, Vermont",1850,26549,county
50023,"Washington County, Vermont",1850,26060,county
50005,"Caledonia County, Vermont",1850,21907,county
50003,"Bennington County, Vermont",1850,18389,county
50019,"Orleans County, Vermont",1850,15252,county
50015,"Lamoille County, Vermont",1850,10639,county
50009,"Essex County, Vermont",1850,4624,county
50013,"Grand Isle County, Vermont",1850,4145,county
50027,"Windsor County, Vermont",1860,37303,county
50021,"Rutland County, Vermont",1860,35946,county
50007,"Chittenden County, Vermont",1860,28169,county
50023,"Washington County, Vermont",1860,27612,county
50011,"Franklin County, Vermont",1860,27231,county
50025,"Windham County, Vermont",1860,26982,county
50017,"Orange County, Vermont",1860,25605,county
50001,"Addison County, Vermont",1860,24010,county
50005,"Caledonia County, Vermont",1860,21360,county
50003,"Bennington County, Vermont",1860,19515,county
50019,"Orleans County, Vermont",1860,18378,county
50015,"Lamoille County, Vermont",1860,12275,county
50009,"Essex County, Vermont",1860,5786,county
50013,"Grand Isle County, Vermont",1860,4276,county
50021,"Rutland County, Vermont",1870,40431,county
50007,"Chittenden County, Vermont",1870,36480,county
50027,"Windsor County, Vermont",1870,36063,county
50011,"Franklin County, Vermont",1870,29897,county
50023,"Washington County, Vermont",1870,26508,county
50025,"Windham County, Vermont",1870,26038,county
50001,"Addison County, Vermont",1870,23589,county
50017,"Orange County, Vermont",1870,23090,county
50005,"Caledonia County, Vermont",1870,22228,county
50003,"Bennington County, Vermont",1870,21125,county
50019,"Orleans County, Vermont",1870,20342,county
50015,"Lamoille County, Vermont",1870,12449,county
50009,"Essex County, Vermont",1870,6810,county
50013,"Grand Isle County, Vermont",1870,4082,county
50021,"Rutland County, Vermont",1880,41829,county
50027,"Windsor County, Vermont",1880,35196,county
50007,"Chittenden County, Vermont",1880,32791,county
50011,"Franklin County, Vermont",1880,30209,county
50025,"Windham County, Vermont",1880,26774,county
50023,"Washington County, Vermont",1880,25374,county
50001,"Addison County, Vermont",1880,24175,county
50005,"Caledonia County, Vermont",1880,23607,county
50017,"Orange County, Vermont",1880,23535,county
50003,"Bennington County, Vermont",1880,21952,county
50019,"Orleans County, Vermont",1880,21492,county
50015,"Lamoille County, Vermont",1880,12685,county
50009,"Essex County, Vermont",1880,7931,county
50013,"Grand Isle County, Vermont",1880,4125,county
50021,"Rutland County, Vermont",1890,45397,county
50007,"Chittenden County, Vermont",1890,35689,county
50027,"Windsor County, Vermont",1890,31716,county
50011,"Franklin County, Vermont",1890,29745,county
50023,"Washington County, Vermont",1890,29575,county
50025,"Windham County, Vermont",1890,26557,county
50005,"Caledonia County, Vermont",1890,23446,county
50001,"Addison County, Vermont",1890,22377,county
50019,"Orleans County, Vermont",1890,22101,county
50003,"Bennington County, Vermont",1890,20448,county
50017,"Orange County, Vermont",1890,19775,county
50015,"Lamoille County, Vermont",1890,12831,county
50009,"Essex County, Vermont",1890,9443,county
50013,"Grand Isle County, Vermont",1890,3843,county
50021,"Rutland County, Vermont",1900,44209,county
50007,"Chittenden County, Vermont",1900,39690,county
50023,"Washington County, Vermont",1900,36607,county
50027,"Windsor County, Vermont",1900,32225,county
50011,"Franklin County, Vermont",1900,30196,county
50025,"Windham County, Vermont",1900,26659,county
50005,"Caledonia County, Vermont",1900,24381,county
50019,"Orleans County, Vermont",1900,22025,county
50001,"Addison County, Vermont",1900,21912,county
50003,"Bennington County, Vermont",1900,21705,county
50017,"Orange County, Vermont",1900,19313,county
50015,"Lamoille County, Vermont",1900,12289,county
50009,"Essex County, Vermont",1900,8014,county
50013,"Grand Isle County, Vermont",1900,4462,county
50021,"Rutland County, Vermont",1910,48150,county
50007,"Chittenden County, Vermont",1910,42447,county
50023,"Washington County, Vermont",1910,41615,county
50027,"Windsor County, Vermont",1910,33561,county
50011,"Franklin County, Vermont",1910,29866,county
50025,"Windham County, Vermont",1910,26932,county
50005,"Caledonia County, Vermont",1910,26031,county
50019,"Orleans County, Vermont",1910,23236,county
50003,"Bennington County, Vermont",1910,21378,county
50001,"Addison County, Vermont",1910,19990,county
50017,"Orange County, Vermont",1910,18702,county
50015,"Lamoille County, Vermont",1910,12595,county
50009,"Essex County, Vermont",1910,7380,county
50013,"Grand Isle County, Vermont",1910,3761,county
50021,"Rutland County, Vermont",1920,46216,county
50007,"Chittenden County, Vermont",1920,43708,county
50023,"Washington County, Vermont",1920,38945,county
50027,"Windsor County, Vermont",1920,37004,county
50011,"Franklin County, Vermont",1920,30125,county
50025,"Windham County, Vermont",1920,26593,county
50005,"Caledonia County, Vermont",1920,25762,county
50019,"Orleans County, Vermont",1920,23914,county
50003,"Bennington County, Vermont",1920,21577,county
50001,"Addison County, Vermont",1920,18666,county
50017,"Orange County, Vermont",1920,17279,county
50015,"Lamoille County, Vermont",1920,11858,county
50009,"Essex County, Vermont",1920,7364,county
50013,"Grand Isle County, Vermont",1920,3783,county
50021,"Rutland County, Vermont",1930,48450,county
50007,"Chittenden County, Vermont",1930,47291,county
50023,"Washington County, Vermont",1930,41733,county
50027,"Windsor County, Vermont",1930,37416,county
50011,"Franklin County, Vermont",1930,29975,county
50005,"Caledonia County, Vermont",1930,27253,county
50025,"Windham County, Vermont",1930,26015,county
50019,"Orleans County, Vermont",1930,22186,county
50003,"Bennington County, Vermont",1930,21653,county
50001,"Addison County, Vermont",1930,17952,county
50017,"Orange County, Vermont",1930,16694,county
50015,"Lamoille County, Vermont",1930,10884,county
50009,"Essex County, Vermont",1930,7062,county
50013,"Grand Isle County, Vermont",1930,3944,county
50007,"Chittenden County, Vermont",1940,52096,county
50021,"Rutland County, Vermont",1940,45638,county
50023,"Washington County, Vermont",1940,41546,county
50027,"Windsor County, Vermont",1940,37862,county
50011,"Franklin County, Vermont",1940,29601,county
50025,"Windham County, Vermont",1940,27850,county
50005,"Caledonia County, Vermont",1940,24314,county
50003,"Bennington County, Vermont",1940,22286,county
50019,"Orleans County, Vermont",1940,21718,county
50001,"Addison County, Vermont",1940,17944,county
50017,"Orange County, Vermont",1940,17048,county
50015,"Lamoille County, Vermont",1940,11028,county
50009,"Essex County, Vermont",1940,6490,county
50013,"Grand Isle County, Vermont",1940,3802,county
50007,"Chittenden County, Vermont",1950,62570,county
50021,"Rutland County, Vermont",1950,45905,county
50023,"Washington County, Vermont",1950,42870,county
50027,"Windsor County, Vermont",1950,40885,county
50011,"Franklin County, Vermont",1950,29885,county
50025,"Windham County, Vermont",1950,28749,county
50003,"Bennington County, Vermont",1950,24115,county
50005,"Caledonia County, Vermont",1950,24049,county
50019,"Orleans County, Vermont",1950,21190,county
50001,"Addison County, Vermont",1950,19442,county
50017,"Orange County, Vermont",1950,17027,county
50015,"Lamoille County, Vermont",1950,11388,county
50009,"Essex County, Vermont",1950,6255,county
50013,"Grand Isle County, Vermont",1950,3406,county
50007,"Chittenden County, Vermont",1960,74425,county
50021,"Rutland County, Vermont",1960,46719,county
50023,"Washington County, Vermont",1960,42860,county
50027,"Windsor County, Vermont",1960,42483,county
50025,"Windham County, Vermont",1960,29776,county
50011,"Franklin County, Vermont",1960,29474,county
50003,"Bennington County, Vermont",1960,25088,county
50005,"Caledonia County, Vermont",1960,22786,county
50019,"Orleans County, Vermont",1960,20143,county
50001,"Addison County, Vermont",1960,20076,county
50017,"Orange County, Vermont",1960,16014,county
50015,"Lamoille County, Vermont",1960,11027,county
50009,"Essex County, Vermont",1960,6083,county
50013,"Grand Isle County, Vermont",1960,2927,county
50007,"Chittenden County, Vermont",1970,99131,county
50021,"Rutland County, Vermont",1970,52637,county
50023,"Washington County, Vermont",1970,47660,county
50027,"Windsor County, Vermont",1970,44082,county
50025,"Windham County, Vermont",1970,33476,county
50011,"Franklin County, Vermont",1970,31281,county
50003,"Bennington County, Vermont",1970,29282,county
50001,"Addison County, Vermont",1970,24266,county
50005,"Caledonia County, Vermont",1970,22789,county
50019,"Orleans County, Vermont",1970,20153,county
50017,"Orange County, Vermont",1970,17676,county
50015,"Lamoille County, Vermont",1970,13309,county
50009,"Essex County, Vermont",1970,5415,county
50013,"Grand Isle County, Vermont",1970,3574,county
50007,"Chittenden County, Vermont",1980,115534,county
50021,"Rutland County, Vermont",1980,58347,county
50023,"Washington County, Vermont",1980,52393,county
50027,"Windsor County, Vermont",1980,51030,county
50025,"Windham County, Vermont",1980,36933,county
50011,"Franklin County, Vermont",1980,34788,county
50003,"Bennington County, Vermont",1980,33345,county
50001,"Addison County, Vermont",1980,29406,county
50005,"Caledonia County, Vermont",1980,25808,county
50019,"Orleans County, Vermont",1980,23440,county
50017,"Orange County, Vermont",1980,22739,county
50015,"Lamoille County, Vermont",1980,16767,county
50009,"Essex County, Vermont",1980,6313,county
50013,"Grand Isle County, Vermont",1980,4613,county
50007,"Chittenden County, Vermont",1990,131761,county
50021,"Rutland County, Vermont",1990,62142,county
50023,"Washington County, Vermont",1990,54930,county
50027,"Windsor County, Vermont",1990,54055,county
50025,"Windham County, Vermont",1990,41588,county
50011,"Franklin County, Vermont",1990,39980,county
50003,"Bennington County, Vermont",1990,35845,county
50001,"Addison County, Vermont",1990,32953,county
50005,"Caledonia County, Vermont",1990,27846,county
50017,"Orange County, Vermont",1990,26149,county
50019,"Orleans County, Vermont",1990,24053,county
50015,"Lamoille County, Vermont",1990,19735,county
50009,"Essex County, Vermont",1990,6403,county
50013,"Grand Isle County, Vermont",1990,5318,county
50007,"Chittenden County, Vermont",2000,146571,county
50021,"Rutland County, Vermont",2000,63400,county
50023,"Washington County, Vermont",2000,58049,county
50027,"Windsor County, Vermont",2000,57418,county
50011,"Franklin County, Vermont",2000,45417,county
50025,"Windham County, Vermont",2000,44216,county
50003,"Bennington County, Vermont",2000,36994,county
50001,"Addison County, Vermont",2000,35974,county
50005,"Caledonia County, Vermont",2000,29702,county
50017,"Orange County, Vermont",2000,28226,county
50019,"Orleans County, Vermont",2000,26277,county
50015,"Lamoille County, Vermont",2000,23233,county
50013,"Grand Isle County, Vermont",2000,6901,county
50009,"Essex County, Vermont",2000,6449,county
50007,"Chittenden County, Vermont",2010,156545,county
50021,"Rutland County, Vermont",2010,61642,county
50023,"Washington County, Vermont",2010,59538,county
50027,"Windsor County, Vermont",2010,56670,county
50011,"Franklin County, Vermont",2010,47746,county
50025,"Windham County, Vermont",2010,44513,county
50003,"Bennington County, Vermont",2010,37125,county
50001,"Addison County, Vermont",2010,36821,county
50005,"Caledonia County, Vermont",2010,31227,county
50017,"Orange County, Vermont",2010,28936,county
50019,"Orleans County, Vermont",2010,27231,county
50015,"Lamoille County, Vermont",2010,24475,county
50013,"Grand Isle County, Vermont",2010,6970,county
50009,"Essex County, Vermont",2010,6302,county
50007,"Chittenden County, Vermont",2020,168323,county
50021,"Rutland County, Vermont",2020,60572,county
50023,"Washington County, Vermont",2020,59809,county
50027,"Windsor County, Vermont",2020,57753,county
50011,"Franklin County, Vermont",2020,49946,county
50025,"Windham County, Vermont",2020,45905,county
50001,"Addison County, Vermont",2020,37363,county
50003,"Bennington County, Vermont",2020,37347,county
50005,"Caledonia County, Vermont",2020,30233,county
50017,"Orange County, Vermont",2020,29277,county
50019,"Orleans County, Vermont",2020,27393,county
50015,"Lamoille County, Vermont",2020,25945,county
50013,"Grand Isle County, Vermont",2020,7293,county
50009,"Essex County, Vermont",2020,5918,county
50,Vermont,1791,84900,state
50,Vermont,1800,153428,state
50,Vermont,1810,215654,state
50,Vermont,1820,237469,state
50,Vermont,1830,279904,state
50,Vermont,1840,291810,state
50,Vermont,1850,312821,state
50,Vermont,1860,314448,state
50,Vermont,1870,329132,state
50,Vermont,1880,331675,state
50,Vermont,1890,332943,state
50,Vermont,1900,343687,state
50,Vermont,1910,355644,state
50,Vermont,1920,352794,state
50,Vermont,1930,358508,state
50,Vermont,1940,359223,state
50,Vermont,1950,377736,state
50,Vermont,1960,389881,state
50,Vermont,1970,444731,state
50,Vermont,1980,511456,state
50,Vermont,1990,562758,state
50,Vermont,2000,608827,state
50,Vermont,2010,625741,state
50,Vermont,2020,643077,state
